风格	相对路径	行数	分类	声明来源	依据	指纹(参考)
art-deco	build.sh	22	活	doc(lib/style-dna/art-deco.md:206)	glob:styles/*/demo/build.sh(exact)#10 ; doc:lib/style-dna/art-deco.md#206,lib/style-skills/art-deco/SKILL.md#14,lib/style-skills/art-deco/SKILL.md#130,lib/style-skills/art-deco/SKILL.md#143(+7) ; comment-only:lemo-make.mjs#1363	N
art-deco	chars.js	543	活	doc(lib/style-skills/art-deco/SKILL.md:154)	code:styles/art-deco/demo/frames.js#66,styles/art-deco/demo/scenes/stairs.js#6,styles/art-deco/demo/shots_kitchen.js#6(+5) ; doc:lib/style-skills/art-deco/SKILL.md#154,styles/art-deco/DEMO.md#79	N
art-deco	engine/bulbs.js	189	活	doc(lib/style-dna/art-deco.json:141)	code:styles/art-deco/demo/frames.js#4,styles/art-deco/demo/scenes/roof.js#4,styles/art-deco/demo/scenes/tower.js#6(+3) ; glob:styles/*/demo/**/*.js(exact)#1,engine/*.js(exact)#1 ; doc:lib/style-dna/art-deco.json#141,lib/style-dna/art-deco.json#142,lib/style-dna/art-deco.md#260,lib/style-dna/art-deco.md#261(+3)	N
art-deco	engine/cam.js	28	活	doc(lib/style-skills/art-deco/SKILL.md:43)	code:styles/art-deco/demo/scenes/lobby.js#5,styles/art-deco/demo/scenes/roof.js#5,styles/art-deco/demo/scenes/tower.js#7(+2) ; glob:styles/*/demo/**/*.js(exact)#1,engine/*.js(exact)#1 ; doc:lib/style-skills/art-deco/SKILL.md#43,lib/style-dna/art-deco.json#97,lib/style-dna/art-deco.md#186,lib/style-skills/art-deco/SKILL.md#153(+3) ; comment-only:styles/art-deco/demo/frame.js#8	N
art-deco	engine/deco.js	346	活	doc(lib/style-dna/art-deco.json:129)	code:styles/art-deco/demo/chars.js#5,styles/art-deco/demo/engine/bulbs.js#3,styles/art-deco/demo/engine/type.js#2(+13) ; contract:lib/dub-visual.json#23 ; glob:styles/*/demo/**/*.js(exact)#1,engine/*.js(exact)#1 ; doc:lib/style-dna/art-deco.json#129,lib/style-dna/art-deco.json#130,lib/style-dna/art-deco.json#131,lib/style-dna/art-deco.json#132(+16)	N
art-deco	engine/type.js	241	活	doc(lib/style-dna/art-deco.json:137)	code:styles/art-deco/demo/film.js#4,styles/art-deco/demo/frames.js#3,styles/art-deco/demo/scenes/lobby.js#4(+9) ; contract:lib/dub-visual.json#94 ; glob:styles/*/demo/**/*.js(exact)#1,engine/*.js(exact)#1 ; doc:lib/style-dna/art-deco.json#137,lib/style-dna/art-deco.json#138,lib/style-dna/art-deco.json#139,lib/style-dna/art-deco.json#140(+7)	N
art-deco	film.js	154	活	doc(lib/style-dna/art-deco.json:124)	code:styles/art-deco/demo/main.js#12,styles/art-deco/demo/tools/subs.py#1 ; contract:lib/dub-visual.json#50,lib/dub-visual.json#113,lib/dub-visual.json#115 ; glob:film*.js(exact)#28,demo/film*.js(dir)#23,styles/*/demo/film.js(exact)#1 ; doc:lib/style-dna/art-deco.json#124,lib/style-dna/art-deco.json#125,lib/style-dna/art-deco.json#126,lib/style-dna/art-deco.json#127(+27) ; comment-only:styles/art-deco/demo/frame.js#12,styles/art-deco/demo/timeline.js#45	N
art-deco	frame.js	24	活	doc(test/README.md:969)	code:styles/art-deco/demo/film.js#13,styles/art-deco/demo/main.js#1 ; doc:test/README.md#969,lib/style-skills/art-deco/SKILL.md#43,lib/style-skills/art-deco/SKILL.md#136,lib/style-skills/art-deco/SKILL.md#162(+1) ; comment-only:scripts/check-ref-lines.mjs#249,styles/art-deco/demo/film.js#19	N
art-deco	frames.js	194	已声明入口	doc(styles/art-deco/STYLE.md:98)	doc:styles/art-deco/STYLE.md#98,styles/art-deco/DEMO.md#82	N
art-deco	main.js	31	活	doc(lib/style-skills/art-deco/SKILL.md:43)	code:styles/art-deco/demo/index.html#6 ; doc:lib/style-skills/art-deco/SKILL.md#43,lib/style-skills/art-deco/SKILL.md#162 ; comment-only:styles/art-deco/demo/frame.js#2	N
art-deco	mix.py	224	活	doc(lib/style-dna/art-deco.json:144)	code:styles/art-deco/demo/build.sh#12 ; orch:lemo-make.mjs:ORCH[mix.py] ; doc:lib/style-dna/art-deco.json#144,lib/style-dna/art-deco.json#145,lib/style-dna/art-deco.md#263,lib/style-dna/art-deco.md#264(+8)	N
art-deco	music/score.py	409	活	doc(lib/style-dna/art-deco.md:209)	code:lemo-make.mjs#2214,lemo-make.mjs#2216,lemo-make.mjs#2219(+1) ; orch:lemo-make.mjs:ORCH[music/score.py] ; doc:lib/style-dna/art-deco.md#209,lib/style-skills/art-deco/SKILL.md#139,lib/style-skills/art-deco/SKILL.md#154,styles/art-deco/DEMO.md#83 ; comment-only:lemo-make.mjs#1126,lemo-make.mjs#1821(+1)	N
art-deco	scenes/lobby.js	310	活	doc(styles/art-deco/DEMO.md:80)	code:styles/art-deco/demo/film.js#12,styles/art-deco/demo/frames.js#89,styles/art-deco/demo/shots_lobby.js#6(+1) ; doc:styles/art-deco/DEMO.md#80	N
art-deco	scenes/roof.js	114	活	doc(styles/art-deco/DEMO.md:80)	code:styles/art-deco/demo/frames.js#101,styles/art-deco/demo/scenes/tower.js#8,styles/art-deco/demo/shots_misc.js#7(+1) ; doc:styles/art-deco/DEMO.md#80	N
art-deco	scenes/stairs.js	127	活	doc(lib/style-skills/art-deco/SKILL.md:43)	code:styles/art-deco/demo/shots_stairs.js#6 ; doc:lib/style-skills/art-deco/SKILL.md#43,styles/art-deco/DEMO.md#80 ; comment-only:styles/art-deco/demo/frame.js#8	N
art-deco	scenes/tower.js	143	活	doc(styles/art-deco/DEMO.md:80)	code:styles/art-deco/demo/shots_out.js#5 ; doc:styles/art-deco/DEMO.md#80	N
art-deco	shots_kitchen.js	153	活	doc(lib/style-skills/art-deco/SKILL.md:43)	code:styles/art-deco/demo/film.js#10,styles/art-deco/demo/frames.js#183 ; doc:lib/style-skills/art-deco/SKILL.md#43 ; comment-only:styles/art-deco/demo/frame.js#8	N
art-deco	shots_lobby.js	86	活		code:styles/art-deco/demo/film.js#8,styles/art-deco/demo/frames.js#181	N
art-deco	shots_misc.js	189	活		code:styles/art-deco/demo/film.js#6,styles/art-deco/demo/frames.js#184 ; contract:lib/dub-visual.json#116	N
art-deco	shots_out.js	51	活		code:styles/art-deco/demo/film.js#7,styles/art-deco/demo/frames.js#180	N
art-deco	shots_roof.js	216	活		code:styles/art-deco/demo/film.js#11,styles/art-deco/demo/frames.js#182	N
art-deco	shots_stairs.js	69	活		code:styles/art-deco/demo/film.js#9,styles/art-deco/demo/frames.js#178	N
art-deco	timeline.js	55	活	doc(lib/style-dna/art-deco.json:119)	code:styles/art-deco/demo/film.js#5,styles/art-deco/demo/shots_kitchen.js#7,styles/art-deco/demo/shots_lobby.js#5(+5) ; contract:lib/dub-visual.json#55 ; doc:lib/style-dna/art-deco.json#119,lib/style-dna/art-deco.json#120,lib/style-dna/art-deco.json#121,lib/style-dna/art-deco.json#122(+22) ; comment-only:styles/art-deco/demo/tools/dump_timeline.mjs#1	N
art-deco	tools/cuecheck.py	21	活	doc(lib/style-dna/art-deco.md:199)	code:lemo-make.mjs#575,styles/art-deco/demo/build.sh#11 ; orch:lemo-make.mjs:ORCH[tools/cuecheck.py] ; doc:lib/style-dna/art-deco.md#199,lib/style-skills/art-deco/SKILL.md#139,styles/art-deco/DEMO.md#47,lib/style-dna/art-deco.json#99(+2)	N
art-deco	tools/dump_timeline.mjs	8	活	doc(lib/style-dna/art-deco.json:98)	code:styles/art-deco/demo/build.sh#6 ; orch:lemo-make.mjs:ORCH[tools/dump_timeline.mjs] ; doc:lib/style-dna/art-deco.json#98,lib/style-dna/art-deco.md#190,lib/style-skills/art-deco/SKILL.md#142,lib/style-skills/art-deco/SKILL.md#163(+7) ; comment-only:styles/art-deco/demo/timeline.js#2	N
art-deco	tools/pitch.py	12	活	doc(lib/style-skills/art-deco/SKILL.md:139)	code:styles/art-deco/demo/build.sh#8 ; orch:lemo-make.mjs:ORCH[tools/pitch.py] ; doc:lib/style-skills/art-deco/SKILL.md#139,lib/style-skills/art-deco/SKILL.md#139,styles/art-deco/DEMO.md#84 ; comment-only:lemo-make.mjs#534,lemo-make.mjs#2402(+1)	N
art-deco	tools/subs.py	13	活	doc(lib/style-skills/art-deco/SKILL.md:140)	code:lemo-make.mjs#2066,styles/art-deco/demo/build.sh#13 ; orch:lemo-make.mjs:ORCH[tools/subs.py] ; doc:lib/style-skills/art-deco/SKILL.md#140,styles/art-deco/DEMO.md#84 ; comment-only:lemo-make.mjs#2018,lemo-make.mjs#2030	N
ascii-crt	art.js	182	活	doc(lib/style-dna/ascii-crt.json:132)	code:styles/ascii-crt/demo/film.js#7 ; doc:lib/style-dna/ascii-crt.json#132,lib/style-dna/ascii-crt.json#133,lib/style-dna/ascii-crt.json#134,lib/style-dna/ascii-crt.md#257(+8)	N
ascii-crt	build.sh	17	活	doc(lib/style-dna/ascii-crt.md:212)	glob:styles/*/demo/build.sh(exact)#10 ; doc:lib/style-dna/ascii-crt.md#212,lib/style-skills/ascii-crt/SKILL.md#14,lib/style-skills/ascii-crt/SKILL.md#127,lib/style-skills/ascii-crt/SKILL.md#140(+7) ; comment-only:lemo-make.mjs#1363	N
ascii-crt	crt.js	120	活	doc(lib/style-dna/ascii-crt.json:122)	code:styles/ascii-crt/demo/film.js#6 ; contract:lib/dub-visual.json#133 ; doc:lib/style-dna/ascii-crt.json#122,lib/style-dna/ascii-crt.json#123,lib/style-dna/ascii-crt.md#247,lib/style-dna/ascii-crt.md#248(+11) ; comment-only:styles/ascii-crt/demo/term.js#2	N
ascii-crt	film.js	629	活	doc(lib/style-skills/ascii-crt/_distill.json:20)	code:styles/ascii-crt/demo/main.js#10 ; glob:film*.js(exact)#28,demo/film*.js(dir)#23,styles/*/demo/film.js(exact)#1 ; doc:lib/style-skills/ascii-crt/_distill.json#20,lib/style-skills/ascii-crt/_distill.json#28,lib/style-skills/ascii-crt/SKILL.md#36,lib/style-skills/ascii-crt/SKILL.md#86(+5) ; comment-only:styles/ascii-crt/demo/main.js#1,styles/ascii-crt/demo/main.js#3(+1)	N
ascii-crt	frame.js	10	活	doc(lib/style-skills/ascii-crt/SKILL.md:36)	code:styles/ascii-crt/demo/film.js#8,styles/ascii-crt/demo/main.js#4 ; doc:lib/style-skills/ascii-crt/SKILL.md#36,lib/style-skills/ascii-crt/SKILL.md#43,lib/style-skills/ascii-crt/SKILL.md#160 ; comment-only:styles/ascii-crt/demo/film.js#12	N
ascii-crt	main.js	11	活	doc(lib/style-dna/ascii-crt.json:124)	code:styles/ascii-crt/demo/index.html#6 ; contract:lib/dub-visual.json#165,lib/dub-visual.json#170 ; doc:lib/style-dna/ascii-crt.json#124,lib/style-dna/ascii-crt.json#125,lib/style-dna/ascii-crt.json#126,lib/style-dna/ascii-crt.json#127(+24) ; comment-only:styles/ascii-crt/demo/film.js#2,styles/ascii-crt/demo/film.js#16(+1)	N
ascii-crt	mix.py	162	活	doc(lib/style-dna/ascii-crt.json:135)	code:styles/ascii-crt/demo/build.sh#11 ; orch:lemo-make.mjs:ORCH[mix.py] ; doc:lib/style-dna/ascii-crt.json#135,lib/style-dna/ascii-crt.json#136,lib/style-dna/ascii-crt.json#137,lib/style-dna/ascii-crt.md#260(+10) ; comment-only:styles/ascii-crt/demo/film.js#60	N
ascii-crt	music/score.py	323	活	doc(lib/style-dna/ascii-crt.json:138)	code:lemo-make.mjs#2214,lemo-make.mjs#2216,lemo-make.mjs#2219(+1) ; orch:lemo-make.mjs:ORCH[music/score.py] ; doc:lib/style-dna/ascii-crt.json#138,lib/style-dna/ascii-crt.md#263,lib/style-skills/ascii-crt/SKILL.md#151,lib/style-dna/ascii-crt.md#214(+3) ; comment-only:lemo-make.mjs#1126,lemo-make.mjs#1821(+2)	N
ascii-crt	term.js	114	活	doc(lib/style-dna/ascii-crt.json:118)	code:styles/ascii-crt/demo/art.js#3,styles/ascii-crt/demo/film.js#5 ; contract:lib/dub-visual.json#134,lib/dub-visual.json#207 ; doc:lib/style-dna/ascii-crt.json#118,lib/style-dna/ascii-crt.json#119,lib/style-dna/ascii-crt.json#120,lib/style-dna/ascii-crt.json#121(+15) ; comment-only:styles/ascii-crt/demo/art.js#1,styles/ascii-crt/demo/film.js#2(+1)	N
ascii-crt	tools/subs.mjs	11	活	doc(lib/style-dna/ascii-crt.json:97)	code:lemo-make.mjs#2066,styles/ascii-crt/demo/build.sh#12 ; orch:lemo-make.mjs:ORCH[tools/subs.mjs] ; doc:lib/style-dna/ascii-crt.json#97,lib/style-dna/ascii-crt.md#190,lib/style-skills/ascii-crt/SKILL.md#137,lib/style-skills/ascii-crt/SKILL.md#149(+4) ; comment-only:lemo-make.mjs#929,lemo-make.mjs#1984	N
ascii-crt	voice_fx.py	23	活	doc(lib/style-dna/ascii-crt.md:213)	code:styles/ascii-crt/demo/build.sh#7 ; orch:lemo-make.mjs:ORCH[voice_fx.py] ; doc:lib/style-dna/ascii-crt.md#213,lib/style-skills/ascii-crt/SKILL.md#136,styles/ascii-crt/DEMO.md#96,styles/ascii-crt/STYLE.md#101 ; comment-only:lemo-make.mjs#1716	N
backrooms	build.sh	17	活	doc(lib/style-dna/backrooms.md:222)	glob:styles/*/demo/build.sh(exact)#10 ; doc:lib/style-dna/backrooms.md#222,lib/style-skills/backrooms/SKILL.md#14,lib/style-skills/backrooms/SKILL.md#142,lib/style-skills/backrooms/SKILL.md#155(+10) ; comment-only:lemo-make.mjs#1363	N
backrooms	figures.js	86	活	doc(lib/style-skills/backrooms/SKILL.md:166)	code:styles/backrooms/demo/main.js#9 ; contract:lib/dub-visual.json#242 ; doc:lib/style-skills/backrooms/SKILL.md#166,styles/backrooms/DEMO.md#98	N
backrooms	film.js	12	活	doc(lib/style-skills/backrooms/SKILL.md:46)	glob:film*.js(exact)#28,demo/film*.js(dir)#22,styles/*/demo/film.js(exact)#1 ; doc:lib/style-skills/backrooms/SKILL.md#46,lib/style-skills/backrooms/SKILL.md#180,lib/style-skills/backrooms/SKILL.md#211,lib/style-skills/backrooms/_distill.json#23(+1)	N
backrooms	main.js	185	活	doc(lib/style-skills/backrooms/_distill.json:55)	code:styles/backrooms/demo/index.html#37 ; contract:lib/dub-visual.json#241 ; doc:lib/style-skills/backrooms/_distill.json#55,styles/backrooms/STYLE.md#109,lib/style-dna/backrooms.json#98,lib/style-dna/backrooms.json#99(+5) ; comment-only:styles/backrooms/demo/film.js#3,styles/backrooms/demo/film.js#2	N
backrooms	mix.py	237	活	doc(lib/style-dna/backrooms.json:151)	code:styles/backrooms/demo/build.sh#9,styles/backrooms/demo/music/muzak.py#3 ; orch:lemo-make.mjs:ORCH[mix.py] ; doc:lib/style-dna/backrooms.json#151,lib/style-dna/backrooms.json#152,lib/style-dna/backrooms.json#153,lib/style-dna/backrooms.json#154(+11)	N
backrooms	music/muzak.py	38	活	doc(lib/style-skills/backrooms/SKILL.md:166)	code:lemo-make.mjs#2216,lemo-make.mjs#2219,styles/backrooms/demo/build.sh#7 ; orch:lemo-make.mjs:ORCH[music/muzak.py] ; doc:lib/style-skills/backrooms/SKILL.md#166,lib/style-dna/backrooms.md#224,lib/style-skills/backrooms/SKILL.md#151,styles/backrooms/DEMO.md#102	N
backrooms	osd.js	83	活	doc(lib/style-dna/backrooms.json:144)	code:styles/backrooms/demo/main.js#11 ; doc:lib/style-dna/backrooms.json#144,lib/style-dna/backrooms.json#145,lib/style-dna/backrooms.md#278,lib/style-dna/backrooms.md#279(+3)	N
backrooms	sheet.js	60	活	doc(styles/backrooms/DEMO.md:102)	code:styles/backrooms/demo/index.html#37 ; doc:styles/backrooms/DEMO.md#102	N
backrooms	story.js	103	活	doc(lib/style-dna/backrooms.json:119)	code:styles/backrooms/demo/main.js#7,styles/backrooms/demo/subs.js#3 ; contract:lib/dub-visual.json#283,lib/dub-visual.json#344 ; doc:lib/style-dna/backrooms.json#119,lib/style-dna/backrooms.json#120,lib/style-dna/backrooms.json#121,lib/style-dna/backrooms.json#122(+26)	N
backrooms	subs.js	60	活	doc(lib/style-dna/backrooms.json:146)	code:styles/backrooms/demo/main.js#12 ; contract:lib/dub-visual.json#325 ; doc:lib/style-dna/backrooms.json#146,lib/style-dna/backrooms.json#147,lib/style-dna/backrooms.md#280,lib/style-dna/backrooms.md#281(+6)	N
backrooms	tex.js	192	活	doc(lib/style-dna/backrooms.json:148)	code:styles/backrooms/demo/world.js#4 ; doc:lib/style-dna/backrooms.json#148,lib/style-dna/backrooms.json#149,lib/style-dna/backrooms.json#150,lib/style-dna/backrooms.md#282(+13)	N
backrooms	thing2d.js	79	活	doc(lib/style-skills/backrooms/SKILL.md:166)	code:styles/backrooms/demo/figures.js#67,styles/backrooms/demo/sheet.js#3 ; doc:lib/style-skills/backrooms/SKILL.md#166,styles/backrooms/STYLE.md#109,lib/style-dna/backrooms.json#96,lib/style-dna/backrooms.md#187(+2) ; comment-only:styles/backrooms/demo/figures.js#66	N
backrooms	tools/mux.sh	148	活	doc(lib/style-skills/backrooms/SKILL.md:149)	code:styles/backrooms/demo/build.sh#12 ; orch:lemo-make.mjs:ORCH[tools/mux.sh] ; glob:styles/*/demo/mux.sh(dir)#3,styles/*/demo/tools/mux.sh(exact)#2,tools/*.sh(exact)#1 ; doc:lib/style-skills/backrooms/SKILL.md#149,lib/style-skills/backrooms/SKILL.md#231,lib/style-skills/backrooms/_distill.json#53,lib/style-skills/backrooms/SKILL.md#150(+6) ; comment-only:lemo-make.mjs#1491,lemo-make.mjs#2854	N
backrooms	vhs.js	101	活	doc(lib/style-dna/backrooms.json:140)	code:styles/backrooms/demo/main.js#10 ; doc:lib/style-dna/backrooms.json#140,lib/style-dna/backrooms.json#141,lib/style-dna/backrooms.json#142,lib/style-dna/backrooms.json#143(+9)	N
backrooms	world.js	381	活	doc(lib/style-dna/backrooms.json:127)	code:styles/backrooms/demo/figures.js#3,styles/backrooms/demo/figures.js#68,styles/backrooms/demo/main.js#8 ; doc:lib/style-dna/backrooms.json#127,lib/style-dna/backrooms.json#128,lib/style-dna/backrooms.json#129,lib/style-dna/backrooms.json#130(+29)	N
blueprint	build.sh	18	活	doc(lib/style-dna/blueprint.md:250)	glob:styles/*/demo/build.sh(exact)#10 ; doc:lib/style-dna/blueprint.md#250,lib/style-skills/blueprint/SKILL.md#14,lib/style-skills/blueprint/SKILL.md#128,lib/style-skills/blueprint/SKILL.md#141(+4) ; comment-only:lemo-make.mjs#1363	N
blueprint	draw.js	208	活	doc(lib/style-dna/blueprint.json:143)	code:styles/blueprint/demo/film.js#2,styles/blueprint/demo/machine.js#2,styles/blueprint/demo/main.js#1(+1) ; contract:lib/dub-visual.json#364,lib/dub-visual.json#468 ; doc:lib/style-dna/blueprint.json#143,lib/style-dna/blueprint.json#144,lib/style-dna/blueprint.json#145,lib/style-dna/blueprint.json#146(+21) ; comment-only:styles/blueprint/demo/film.js#7	N
blueprint	film.js	379	活	doc(lib/style-dna/blueprint.json:130)	code:styles/blueprint/demo/main.js#3 ; contract:lib/dub-visual.json#402,lib/dub-visual.json#427,lib/dub-visual.json#442 ; glob:film*.js(exact)#28,demo/film*.js(dir)#23,styles/*/demo/film.js(exact)#1 ; doc:lib/style-dna/blueprint.json#130,lib/style-dna/blueprint.json#131,lib/style-dna/blueprint.json#132,lib/style-dna/blueprint.json#133(+41)	N
blueprint	machine.js	353	活	doc(lib/style-dna/blueprint.json:178)	code:styles/blueprint/demo/film.js#3,styles/blueprint/demo/main.js#4 ; doc:lib/style-dna/blueprint.json#178,lib/style-dna/blueprint.md#332,lib/style-dna/blueprint.json#105,lib/style-dna/blueprint.md#199(+9)	N
blueprint	main.js	113	活	doc(lib/style-dna/blueprint.json:179)	code:styles/blueprint/demo/index.html#6 ; contract:lib/dub-visual.json#365,lib/dub-visual.json#397 ; doc:lib/style-dna/blueprint.json#179,lib/style-dna/blueprint.md#333,lib/style-skills/blueprint/SKILL.md#222,lib/style-dna/blueprint.json#106(+6) ; comment-only:styles/blueprint/demo/film.js#8	N
blueprint	mix.py	151	活	doc(lib/style-dna/blueprint.json:168)	code:styles/blueprint/demo/build.sh#11 ; orch:lemo-make.mjs:ORCH[mix.py] ; doc:lib/style-dna/blueprint.json#168,lib/style-dna/blueprint.json#169,lib/style-dna/blueprint.json#170,lib/style-dna/blueprint.json#171(+21)	N
blueprint	music/score.py	193	活	doc(lib/style-dna/blueprint.json:175)	code:lemo-make.mjs#2214,lemo-make.mjs#2216,lemo-make.mjs#2219(+1) ; orch:lemo-make.mjs:ORCH[music/score.py] ; doc:lib/style-dna/blueprint.json#175,lib/style-dna/blueprint.json#176,lib/style-dna/blueprint.json#177,lib/style-dna/blueprint.md#329(+13) ; comment-only:lemo-make.mjs#1126,lemo-make.mjs#1821(+1)	N
blueprint	paper.js	157	活	doc(lib/style-dna/blueprint.json:164)	code:styles/blueprint/demo/main.js#2 ; contract:lib/dub-visual.json#366,lib/dub-visual.json#377 ; doc:lib/style-dna/blueprint.json#164,lib/style-dna/blueprint.json#165,lib/style-dna/blueprint.json#166,lib/style-dna/blueprint.json#167(+12) ; comment-only:styles/blueprint/demo/film.js#8,styles/blueprint/demo/main.js#8	N
blueprint	sheet.js	292	活	doc(lib/style-dna/blueprint.json:153)	code:styles/blueprint/demo/film.js#4,styles/blueprint/demo/main.js#5 ; doc:lib/style-dna/blueprint.json#153,lib/style-dna/blueprint.json#154,lib/style-dna/blueprint.json#155,lib/style-dna/blueprint.json#156(+27)	N
blueprint	tools/check_mix.py	19	活	doc(lib/style-dna/blueprint.md:253)	code:lemo-make.mjs#577,styles/blueprint/demo/build.sh#12 ; orch:lemo-make.mjs:ORCH[tools/check_mix.py] ; doc:lib/style-dna/blueprint.md#253,lib/style-skills/blueprint/SKILL.md#137,styles/blueprint/DEMO.md#128,styles/blueprint/DEMO.md#123	N
blueprint	tools/subs.mjs	9	活	doc(lib/style-skills/blueprint/SKILL.md:161)	code:lemo-make.mjs#2066,styles/blueprint/demo/build.sh#8 ; orch:lemo-make.mjs:ORCH[tools/subs.mjs] ; doc:lib/style-skills/blueprint/SKILL.md#161,lib/style-skills/blueprint/_distill.json#15,lib/style-skills/blueprint/_distill.json#80,lib/style-skills/blueprint/SKILL.md#138(+3) ; comment-only:lemo-make.mjs#929,lemo-make.mjs#1984	N
blueprint	tools/video_range.mjs	39	活	self-header(usage)	code:scripts/check-render-venc.mjs#300,scripts/patch-render-venc.mjs#209	N
brick-toy	actors.js	62	活	doc(lib/style-dna/brick-toy.json:143)	code:styles/brick-toy/demo/main.js#8 ; doc:lib/style-dna/brick-toy.json#143,lib/style-dna/brick-toy.json#144,lib/style-dna/brick-toy.md#273,lib/style-dna/brick-toy.md#274(+9)	N
brick-toy	bricks.js	86	活	doc(lib/style-dna/brick-toy.json:137)	code:styles/brick-toy/demo/actors.js#3,styles/brick-toy/demo/main.js#5,styles/brick-toy/demo/rockets.js#3(+1) ; contract:lib/dub-visual.json#481 ; doc:lib/style-dna/brick-toy.json#137,lib/style-dna/brick-toy.json#138,lib/style-dna/brick-toy.json#139,lib/style-dna/brick-toy.json#140(+17)	N
brick-toy	film.js	13	活	doc(lib/style-skills/brick-toy/SKILL.md:36)	glob:film*.js(exact)#28,demo/film*.js(dir)#22,styles/*/demo/film.js(exact)#1 ; doc:lib/style-skills/brick-toy/SKILL.md#36,lib/style-skills/brick-toy/SKILL.md#43,lib/style-skills/brick-toy/SKILL.md#173,lib/style-skills/brick-toy/SKILL.md#207(+1)	N
brick-toy	main.js	272	活	doc(lib/style-dna/brick-toy.json:131)	code:styles/brick-toy/demo/index.html#10,styles/brick-toy/demo/index.html#36 ; contract:lib/dub-visual.json#554 ; doc:lib/style-dna/brick-toy.json#131,lib/style-dna/brick-toy.json#132,lib/style-dna/brick-toy.json#133,lib/style-dna/brick-toy.json#134(+26) ; comment-only:styles/brick-toy/demo/film.js#3,styles/brick-toy/demo/film.js#2(+1)	N
brick-toy	mix.py	55	活	doc(lib/style-dna/brick-toy.json:154)	orch:lemo-make.mjs:ORCH[mix.py] ; doc:lib/style-dna/brick-toy.json#154,lib/style-dna/brick-toy.json#155,lib/style-dna/brick-toy.json#156,lib/style-dna/brick-toy.json#157(+25) ; comment-only:styles/brick-toy/demo/main.js#241	N
brick-toy	music/edit.py	29	活	doc(lib/style-dna/brick-toy.json:160)	code:lemo-make.mjs#2216,lemo-make.mjs#2219 ; orch:lemo-make.mjs:ORCH[music/edit.py] ; doc:lib/style-dna/brick-toy.json#160,lib/style-dna/brick-toy.md#290,lib/style-skills/brick-toy/SKILL.md#182,lib/style-skills/brick-toy/SKILL.md#201(+21) ; comment-only:lemo-make.mjs#310	N
brick-toy	rockets.js	251	活	doc(lib/style-dna/brick-toy.json:150)	code:styles/brick-toy/demo/main.js#9 ; doc:lib/style-dna/brick-toy.json#150,lib/style-dna/brick-toy.json#151,lib/style-dna/brick-toy.json#152,lib/style-dna/brick-toy.json#153(+12)	N
brick-toy	set.js	102	活	doc(lib/style-dna/brick-toy.json:145)	code:styles/brick-toy/demo/main.js#7,styles/brick-toy/demo/rockets.js#5 ; doc:lib/style-dna/brick-toy.json#145,lib/style-dna/brick-toy.json#146,lib/style-dna/brick-toy.json#147,lib/style-dna/brick-toy.json#148(+11)	N
brick-toy	story.js	64	活	doc(lib/style-dna/brick-toy.json:126)	code:styles/brick-toy/demo/main.js#6,styles/brick-toy/demo/rockets.js#4 ; contract:lib/dub-visual.json#514,lib/dub-visual.json#573,lib/dub-visual.json#575 ; doc:lib/style-dna/brick-toy.json#126,lib/style-dna/brick-toy.json#127,lib/style-dna/brick-toy.json#128,lib/style-dna/brick-toy.json#129(+25)	N
cel-anime-80s	bg.js	240	活	doc(lib/style-skills/cel-anime-80s/SKILL.md:167)	code:styles/cel-anime-80s/demo/main.js#5,styles/cel-anime-80s/demo/scenes2.js#9,styles/cel-anime-80s/demo/shots.js#5 ; contract:lib/dub-visual.json#595 ; doc:lib/style-skills/cel-anime-80s/SKILL.md#167,lib/style-skills/cel-anime-80s/_distill.json#91,lib/style-dna/cel-anime-80s.json#104,lib/style-dna/cel-anime-80s.md#184(+6)	N
cel-anime-80s	cel.js	103	活	doc(lib/style-dna/cel-anime-80s.json:130)	code:styles/cel-anime-80s/demo/bg.js#2,styles/cel-anime-80s/demo/fx.js#2,styles/cel-anime-80s/demo/hands.js#2(+12) ; contract:lib/dub-visual.json#594 ; doc:lib/style-dna/cel-anime-80s.json#130,lib/style-dna/cel-anime-80s.json#131,lib/style-dna/cel-anime-80s.json#132,lib/style-dna/cel-anime-80s.json#133(+13)	N
cel-anime-80s	film.js	12	活	doc(lib/style-skills/cel-anime-80s/SKILL.md:42)	glob:film*.js(exact)#28,demo/film*.js(dir)#22,styles/*/demo/film.js(exact)#1 ; doc:lib/style-skills/cel-anime-80s/SKILL.md#42,lib/style-skills/cel-anime-80s/SKILL.md#139,lib/style-skills/cel-anime-80s/SKILL.md#165,lib/style-skills/cel-anime-80s/SKILL.md#233(+2)	N
cel-anime-80s	fx.js	108	活	doc(lib/style-dna/cel-anime-80s.json:104)	code:styles/cel-anime-80s/demo/scenes1.js#6,styles/cel-anime-80s/demo/scenes2.js#6,styles/cel-anime-80s/demo/scenes3.js#6(+2) ; doc:lib/style-dna/cel-anime-80s.json#104,lib/style-dna/cel-anime-80s.md#184,styles/cel-anime-80s/DEMO.md#73,styles/cel-anime-80s/STYLE.md#105	N
cel-anime-80s	hands.js	36	活	doc(lib/style-skills/cel-anime-80s/SKILL.md:157)	code:styles/cel-anime-80s/demo/scenes1.js#8,styles/cel-anime-80s/demo/scenes4.js#8 ; doc:lib/style-skills/cel-anime-80s/SKILL.md#157,lib/style-skills/cel-anime-80s/SKILL.md#176,lib/style-skills/cel-anime-80s/_distill.json#23,styles/cel-anime-80s/DEMO.md#72(+1)	N
cel-anime-80s	head80.js	309	活	doc(lib/style-dna/cel-anime-80s.json:137)	code:styles/cel-anime-80s/demo/rider.js#3,styles/cel-anime-80s/demo/scenes1.js#5,styles/cel-anime-80s/demo/scenes2.js#5(+3) ; doc:lib/style-dna/cel-anime-80s.json#137,lib/style-dna/cel-anime-80s.json#138,lib/style-dna/cel-anime-80s.json#139,lib/style-dna/cel-anime-80s.md#276(+14)	N
cel-anime-80s	hud.js	30	活	doc(lib/style-dna/cel-anime-80s.json:144)	code:styles/cel-anime-80s/demo/main.js#11,styles/cel-anime-80s/demo/tools/srt.py#1 ; contract:lib/dub-visual.json#664 ; doc:lib/style-dna/cel-anime-80s.json#144,lib/style-dna/cel-anime-80s.json#145,lib/style-dna/cel-anime-80s.md#283,lib/style-dna/cel-anime-80s.md#284(+7)	N
cel-anime-80s	main.js	76	活	doc(lib/style-dna/cel-anime-80s.json:146)	code:styles/cel-anime-80s/demo/index.html#43 ; contract:lib/dub-visual.json#680 ; doc:lib/style-dna/cel-anime-80s.json#146,lib/style-dna/cel-anime-80s.json#147,lib/style-dna/cel-anime-80s.json#148,lib/style-dna/cel-anime-80s.md#285(+10) ; comment-only:styles/cel-anime-80s/demo/film.js#3,styles/cel-anime-80s/demo/film.js#2	N
cel-anime-80s	mix.py	149	活	doc(lib/style-dna/cel-anime-80s.json:149)	orch:lemo-make.mjs:ORCH[mix.py] ; doc:lib/style-dna/cel-anime-80s.json#149,lib/style-dna/cel-anime-80s.json#150,lib/style-dna/cel-anime-80s.json#151,lib/style-dna/cel-anime-80s.json#152(+19) ; comment-only:styles/cel-anime-80s/demo/main.js#57	N
cel-anime-80s	music/analyze.py	44	自述入口	self-header(usage)	self-header(usage)；全库文档零提及、无代码/数据引用	N
cel-anime-80s	music/score.py	747	活	doc(lib/style-dna/cel-anime-80s.json:154)	code:lemo-make.mjs#2214,lemo-make.mjs#2216,lemo-make.mjs#2219 ; orch:lemo-make.mjs:ORCH[music/score.py] ; doc:lib/style-dna/cel-anime-80s.json#154,lib/style-dna/cel-anime-80s.json#155,lib/style-dna/cel-anime-80s.md#293,lib/style-dna/cel-anime-80s.md#294(+15) ; comment-only:lemo-make.mjs#1126,lemo-make.mjs#1821(+1)	N
cel-anime-80s	pal.js	55	活	doc(lib/style-dna/cel-anime-80s.json:134)	code:styles/cel-anime-80s/demo/scenes1.js#3,styles/cel-anime-80s/demo/scenes2.js#3,styles/cel-anime-80s/demo/scenes3.js#3(+3) ; contract:lib/dub-visual.json#593 ; doc:lib/style-dna/cel-anime-80s.json#134,lib/style-dna/cel-anime-80s.json#135,lib/style-dna/cel-anime-80s.json#136,lib/style-dna/cel-anime-80s.md#273(+13)	N
cel-anime-80s	post.js	140	活	doc(lib/style-dna/cel-anime-80s.json:140)	code:styles/cel-anime-80s/demo/main.js#3 ; doc:lib/style-dna/cel-anime-80s.json#140,lib/style-dna/cel-anime-80s.json#141,lib/style-dna/cel-anime-80s.json#142,lib/style-dna/cel-anime-80s.json#143(+8)	N
cel-anime-80s	rider.js	163	活	doc(lib/style-skills/cel-anime-80s/SKILL.md:157)	code:styles/cel-anime-80s/demo/hands.js#3,styles/cel-anime-80s/demo/scenes1.js#4,styles/cel-anime-80s/demo/scenes2.js#4(+3) ; doc:lib/style-skills/cel-anime-80s/SKILL.md#157,lib/style-skills/cel-anime-80s/SKILL.md#176,lib/style-skills/cel-anime-80s/_distill.json#23,styles/cel-anime-80s/DEMO.md#71	N
cel-anime-80s	scenes1.js	196	活		code:styles/cel-anime-80s/demo/main.js#7,styles/cel-anime-80s/demo/scenes4.js#7 ; contract:lib/dub-visual.json#681	N
cel-anime-80s	scenes2.js	240	活		code:styles/cel-anime-80s/demo/main.js#8 ; contract:lib/dub-visual.json#596	N
cel-anime-80s	scenes3.js	319	活		code:styles/cel-anime-80s/demo/main.js#9	N
cel-anime-80s	scenes4.js	235	活		code:styles/cel-anime-80s/demo/main.js#10	N
cel-anime-80s	shots.js	100	活	doc(lib/style-dna/cel-anime-80s.json:106)	code:styles/cel-anime-80s/demo/main.js#6,styles/cel-anime-80s/demo/scenes1.js#7,styles/cel-anime-80s/demo/scenes2.js#7(+2) ; doc:lib/style-dna/cel-anime-80s.json#106,lib/style-dna/cel-anime-80s.md#201,lib/style-skills/cel-anime-80s/SKILL.md#155,lib/style-skills/cel-anime-80s/SKILL.md#157(+1)	N
cel-anime-80s	story.js	72	活	doc(lib/style-dna/cel-anime-80s.json:126)	code:styles/cel-anime-80s/demo/hud.js#3,styles/cel-anime-80s/demo/main.js#4,styles/cel-anime-80s/demo/scenes1.js#9(+6) ; contract:lib/dub-visual.json#622,lib/dub-visual.json#678 ; doc:lib/style-dna/cel-anime-80s.json#126,lib/style-dna/cel-anime-80s.json#127,lib/style-dna/cel-anime-80s.json#128,lib/style-dna/cel-anime-80s.json#129(+19)	N
cel-anime-80s	test.js	33	活		code:styles/cel-anime-80s/demo/main.js#18	N
cel-anime-80s	tools/mux.sh	149	活	doc(lib/style-skills/cel-anime-80s/SKILL.md:140)	orch:lemo-make.mjs:ORCH[tools/mux.sh] ; glob:styles/*/demo/mux.sh(dir)#3,styles/*/demo/tools/mux.sh(exact)#2,tools/*.sh(exact)#1 ; doc:lib/style-skills/cel-anime-80s/SKILL.md#140,lib/style-dna/cel-anime-80s.md#239,styles/cel-anime-80s/DEMO.md#86 ; comment-only:lemo-make.mjs#1491,lemo-make.mjs#2854	N
cel-anime-80s	tools/sheet.py	14	已声明入口	doc(styles/cel-anime-80s/DEMO.md:81)	doc:styles/cel-anime-80s/DEMO.md#81,lib/style-dna/cel-anime-80s.md#234	N
cel-anime-80s	tools/srt.py	18	活	doc(lib/style-skills/cel-anime-80s/SKILL.md:143)	orch:lemo-make.mjs:ORCH[tools/srt.py] ; doc:lib/style-skills/cel-anime-80s/SKILL.md#143,lib/style-dna/cel-anime-80s.md#239,styles/cel-anime-80s/DEMO.md#86,lib/style-skills/cel-anime-80s/SKILL.md#166(+4) ; comment-only:lemo-make.mjs#2792,lemo-make.mjs#2800	N
cel-anime-80s	tools/still.mjs	29	活	doc(lib/style-dna/cel-anime-80s.md:234)	code:lemo-make.mjs#573 ; orch:lemo-make.mjs:ORCH[tools/still.mjs] ; doc:lib/style-dna/cel-anime-80s.md#234,styles/cel-anime-80s/DEMO.md#81	N
crayon-book	build.sh	14	活	doc(lib/style-skills/crayon-book/SKILL.md:14)	glob:styles/*/demo/build.sh(exact)#10 ; doc:lib/style-skills/crayon-book/SKILL.md#14,lib/style-skills/crayon-book/SKILL.md#138,lib/style-skills/crayon-book/SKILL.md#151,styles/crayon-book/DEMO.md#94(+1) ; comment-only:lemo-make.mjs#1363	N
crayon-book	chars.js	403	活	doc(lib/style-skills/crayon-book/SKILL.md:162)	code:styles/crayon-book/demo/end.js#6,styles/crayon-book/demo/film.js#4,styles/crayon-book/demo/sheet.js#4(+1) ; doc:lib/style-skills/crayon-book/SKILL.md#162,lib/style-skills/crayon-book/SKILL.md#182,lib/style-skills/crayon-book/_distill.json#26,styles/crayon-book/DEMO.md#83	N
crayon-book	crayon.js	238	活	doc(lib/style-dna/crayon-book.json:128)	code:styles/crayon-book/demo/chars.js#2,styles/crayon-book/demo/chars.js#328,styles/crayon-book/demo/end.js#4(+6) ; contract:lib/dub-visual.json#699 ; doc:lib/style-dna/crayon-book.json#128,lib/style-dna/crayon-book.json#129,lib/style-dna/crayon-book.json#130,lib/style-dna/crayon-book.md#245(+8)	N
crayon-book	end.js	208	活	doc(lib/style-dna/crayon-book.json:97)	code:styles/crayon-book/demo/film.js#8 ; doc:lib/style-dna/crayon-book.json#97,lib/style-dna/crayon-book.json#121,lib/style-dna/crayon-book.md#179,lib/style-skills/crayon-book/SKILL.md#160(+3) ; comment-only:styles/crayon-book/demo/film.js#1	N
crayon-book	film.js	261	活	doc(lib/style-dna/crayon-book.json:117)	code:styles/crayon-book/demo/main.js#19 ; contract:lib/dub-visual.json#737,lib/dub-visual.json#776 ; glob:film*.js(exact)#28,demo/film*.js(dir)#23,styles/*/demo/film.js(exact)#1 ; doc:lib/style-dna/crayon-book.json#117,lib/style-dna/crayon-book.json#118,lib/style-dna/crayon-book.json#119,lib/style-dna/crayon-book.json#120(+49)	N
crayon-book	gl.js	225	活	doc(lib/style-dna/crayon-book.json:125)	code:styles/crayon-book/demo/main.js#2 ; doc:lib/style-dna/crayon-book.json#125,lib/style-dna/crayon-book.json#126,lib/style-dna/crayon-book.json#127,lib/style-dna/crayon-book.md#242(+4) ; comment-only:styles/crayon-book/demo/crayon.js#1	N
crayon-book	main.js	24	活	doc(lib/style-dna/crayon-book.json:97)	code:styles/crayon-book/demo/index.html#6 ; doc:lib/style-dna/crayon-book.json#97,lib/style-dna/crayon-book.md#180,lib/style-skills/crayon-book/SKILL.md#160 ; comment-only:styles/crayon-book/demo/crayon.js#6	N
crayon-book	mix.py	237	活	doc(lib/style-dna/crayon-book.json:134)	code:styles/crayon-book/demo/build.sh#10 ; orch:lemo-make.mjs:ORCH[mix.py] ; doc:lib/style-dna/crayon-book.json#134,lib/style-dna/crayon-book.md#251,lib/style-dna/crayon-book.json#35,lib/style-dna/crayon-book.json#98(+9) ; comment-only:styles/crayon-book/demo/film.js#43	N
crayon-book	music/score.py	248	活	doc(lib/style-dna/crayon-book.json:133)	code:lemo-make.mjs#2214,lemo-make.mjs#2216,lemo-make.mjs#2219(+2) ; orch:lemo-make.mjs:ORCH[music/score.py] ; doc:lib/style-dna/crayon-book.json#133,lib/style-dna/crayon-book.md#250,lib/style-dna/crayon-book.md#207,lib/style-skills/crayon-book/SKILL.md#102(+9) ; comment-only:lemo-make.mjs#1126,lemo-make.mjs#1821(+1)	N
crayon-book	pal.js	20	活	doc(lib/style-dna/crayon-book.json:131)	code:styles/crayon-book/demo/chars.js#4,styles/crayon-book/demo/end.js#7,styles/crayon-book/demo/film.js#6(+3) ; contract:lib/dub-visual.json#698 ; doc:lib/style-dna/crayon-book.json#131,lib/style-dna/crayon-book.md#248,lib/style-dna/crayon-book.json#95,lib/style-dna/crayon-book.md#167(+7)	N
crayon-book	rig.js	45	活	doc(lib/style-dna/crayon-book.json:96)	code:styles/crayon-book/demo/chars.js#3,styles/crayon-book/demo/end.js#5,styles/crayon-book/demo/film.js#3(+2) ; doc:lib/style-dna/crayon-book.json#96,lib/style-dna/crayon-book.md#175,lib/style-skills/crayon-book/SKILL.md#161,lib/style-skills/crayon-book/SKILL.md#182(+3)	N
crayon-book	sheet.js	126	活	doc(lib/style-dna/crayon-book.json:96)	code:styles/crayon-book/demo/test.js#4 ; doc:lib/style-dna/crayon-book.json#96,lib/style-dna/crayon-book.md#175,lib/style-skills/crayon-book/SKILL.md#161,lib/style-skills/crayon-book/_distill.json#26(+2)	N
crayon-book	subs.mjs	10	活	doc(lib/style-skills/crayon-book/SKILL.md:173)	code:styles/crayon-book/demo/build.sh#11 ; orch:lemo-make.mjs:ORCH[subs.mjs] ; doc:lib/style-skills/crayon-book/SKILL.md#173,lib/style-skills/crayon-book/_distill.json#15,lib/style-skills/crayon-book/_distill.json#75,lib/style-skills/crayon-book/SKILL.md#208(+1)	N
crayon-book	test.js	50	活		code:styles/crayon-book/demo/main.js#16	N
crayon-book	tools/mux.sh	148	活	doc(lib/style-skills/crayon-book/SKILL.md:145)	code:styles/crayon-book/demo/build.sh#13 ; orch:lemo-make.mjs:ORCH[tools/mux.sh] ; glob:styles/*/demo/mux.sh(dir)#3,styles/*/demo/tools/mux.sh(exact)#2,tools/*.sh(exact)#1 ; doc:lib/style-skills/crayon-book/SKILL.md#145,lib/style-dna/crayon-book.md#209,lib/style-skills/crayon-book/SKILL.md#172,lib/style-skills/crayon-book/_distill.json#13(+3) ; comment-only:lemo-make.mjs#1491,lemo-make.mjs#2854	N
crayon-book	world.js	175	活	doc(lib/style-dna/crayon-book.json:132)	code:styles/crayon-book/demo/film.js#5 ; doc:lib/style-dna/crayon-book.json#132,lib/style-dna/crayon-book.md#249,lib/style-dna/crayon-book.md#75,lib/style-skills/crayon-book/SKILL.md#79(+3)	N
dark-keynote	build.sh	19	活	doc(lib/style-skills/dark-keynote/SKILL.md:14)	glob:styles/*/demo/build.sh(exact)#10 ; doc:lib/style-skills/dark-keynote/SKILL.md#14,lib/style-skills/dark-keynote/SKILL.md#133,lib/style-skills/dark-keynote/SKILL.md#146,lib/style-skills/dark-keynote/_distill.json#55(+6) ; comment-only:lemo-make.mjs#1363	N
dark-keynote	engine.js	485	活	doc(lib/style-dna/dark-keynote.json:131)	code:styles/dark-keynote/demo/film.js#2,styles/dark-keynote/demo/film.js#3,styles/dark-keynote/demo/frames.js#2(+1) ; contract:lib/dub-visual.json#810,lib/dub-visual.json#890,lib/dub-visual.json#909 ; doc:lib/style-dna/dark-keynote.json#131,lib/style-dna/dark-keynote.json#132,lib/style-dna/dark-keynote.json#133,lib/style-dna/dark-keynote.json#134(+19)	N
dark-keynote	film.js	578	活	doc(lib/style-dna/dark-keynote.json:122)	code:styles/dark-keynote/demo/frames.js#13,styles/dark-keynote/demo/main.js#1 ; contract:lib/dub-visual.json#875 ; glob:film*.js(exact)#28,demo/film*.js(dir)#23,styles/*/demo/film.js(exact)#1 ; doc:lib/style-dna/dark-keynote.json#122,lib/style-dna/dark-keynote.json#123,lib/style-dna/dark-keynote.json#124,lib/style-dna/dark-keynote.json#125(+29)	N
dark-keynote	frames.js	32	活	doc(styles/dark-keynote/DEMO.md:98)	code:styles/dark-keynote/demo/main.js#2 ; doc:styles/dark-keynote/DEMO.md#98,styles/dark-keynote/DEMO.md#153	N
dark-keynote	main.js	20	活	doc(styles/dark-keynote/DEMO.md:98)	code:styles/dark-keynote/demo/index.html#6 ; contract:lib/dub-visual.json#850 ; doc:styles/dark-keynote/DEMO.md#98	N
dark-keynote	mix.py	203	活	doc(lib/style-dna/dark-keynote.json:139)	code:styles/dark-keynote/demo/build.sh#12 ; orch:lemo-make.mjs:ORCH[mix.py] ; doc:lib/style-dna/dark-keynote.json#139,lib/style-dna/dark-keynote.json#140,lib/style-dna/dark-keynote.md#246,lib/style-dna/dark-keynote.md#247(+4)	N
dark-keynote	music/check.py	68	自述入口	self-header(usage)	self-header(usage)；全库文档零提及、无代码/数据引用	N
dark-keynote	music/score.py	324	活	doc(lib/style-dna/dark-keynote.json:141)	code:lemo-make.mjs#2214,lemo-make.mjs#2216,lemo-make.mjs#2219(+2) ; orch:lemo-make.mjs:ORCH[music/score.py] ; doc:lib/style-dna/dark-keynote.json#141,lib/style-dna/dark-keynote.json#142,lib/style-dna/dark-keynote.md#248,lib/style-dna/dark-keynote.md#249(+5) ; comment-only:lemo-make.mjs#1126,lemo-make.mjs#1821(+1)	N
dark-keynote	timeline.js	64	活	doc(lib/style-dna/dark-keynote.json:118)	code:styles/dark-keynote/demo/film.js#4,styles/dark-keynote/demo/tools/dump_timeline.mjs#3,styles/dark-keynote/demo/world.js#4 ; doc:lib/style-dna/dark-keynote.json#118,lib/style-dna/dark-keynote.json#119,lib/style-dna/dark-keynote.json#120,lib/style-dna/dark-keynote.json#121(+20)	N
dark-keynote	tools/cuecheck.py	25	活	doc(lib/style-dna/dark-keynote.json:96)	code:lemo-make.mjs#575,styles/dark-keynote/demo/build.sh#11 ; orch:lemo-make.mjs:ORCH[tools/cuecheck.py] ; doc:lib/style-dna/dark-keynote.json#96,lib/style-dna/dark-keynote.md#186,lib/style-skills/dark-keynote/SKILL.md#145,lib/style-skills/dark-keynote/SKILL.md#154(+2)	N
dark-keynote	tools/dump_timeline.mjs	9	活	doc(lib/style-dna/dark-keynote.json:95)	code:styles/dark-keynote/demo/build.sh#6 ; orch:lemo-make.mjs:ORCH[tools/dump_timeline.mjs] ; doc:lib/style-dna/dark-keynote.json#95,lib/style-dna/dark-keynote.md#181,lib/style-dna/dark-keynote.md#193,lib/style-skills/dark-keynote/SKILL.md#145(+3)	N
dark-keynote	tools/export.mjs	12	活	doc(lib/style-skills/dark-keynote/SKILL.md:143)	code:lemo-make.mjs#2066,styles/dark-keynote/demo/build.sh#10 ; orch:lemo-make.mjs:ORCH[tools/export.mjs] ; doc:lib/style-skills/dark-keynote/SKILL.md#143,styles/dark-keynote/DEMO.md#100	N
dark-keynote	tools/final_asr.py	24	活	self-header(usage)	code:lemo-make.mjs#576,styles/dark-keynote/demo/build.sh#16 ; orch:lemo-make.mjs:ORCH[tools/final_asr.py]	N
dark-keynote	world.js	169	活	doc(lib/style-dna/dark-keynote.json:138)	code:styles/dark-keynote/demo/film.js#5 ; doc:lib/style-dna/dark-keynote.json#138,lib/style-dna/dark-keynote.md#245,lib/style-skills/dark-keynote/SKILL.md#157,styles/dark-keynote/DEMO.md#96	N
dataviz	build.sh	19	活	doc(lib/style-skills/dataviz/SKILL.md:14)	glob:styles/*/demo/build.sh(exact)#10 ; doc:lib/style-skills/dataviz/SKILL.md#14,lib/style-skills/dataviz/SKILL.md#132,lib/style-skills/dataviz/SKILL.md#145,lib/style-skills/dataviz/_distill.json#57(+6) ; comment-only:lemo-make.mjs#1363	N
dataviz	engine.js	404	活	doc(lib/style-dna/dataviz.json:127)	code:styles/dataviz/demo/film.js#2,styles/dataviz/demo/film.js#3,styles/dataviz/demo/main.js#16(+1) ; contract:lib/dub-visual.json#929,lib/dub-visual.json#1008,lib/dub-visual.json#1029 ; doc:lib/style-dna/dataviz.json#127,lib/style-dna/dataviz.json#128,lib/style-dna/dataviz.json#129,lib/style-dna/dataviz.json#130(+33) ; comment-only:styles/dataviz/demo/film.js#1	N
dataviz	film.js	481	活	doc(lib/style-dna/dataviz.json:140)	code:styles/dataviz/demo/main.js#1 ; contract:lib/dub-visual.json#968,lib/dub-visual.json#993,lib/dub-visual.json#1022(+1) ; glob:film*.js(exact)#28,demo/film*.js(dir)#23,styles/*/demo/film.js(exact)#1 ; doc:lib/style-dna/dataviz.json#140,lib/style-dna/dataviz.json#141,lib/style-dna/dataviz.json#142,lib/style-dna/dataviz.json#143(+19) ; comment-only:styles/dataviz/demo/engine.js#2,styles/dataviz/demo/tools/subs.py#1	N
dataviz	main.js	39	活		code:styles/dataviz/demo/index.html#6 ; contract:lib/dub-visual.json#963	N
dataviz	mix.py	160	活	doc(lib/style-dna/dataviz.json:147)	code:styles/dataviz/demo/build.sh#13 ; orch:lemo-make.mjs:ORCH[mix.py] ; doc:lib/style-dna/dataviz.json#147,lib/style-dna/dataviz.json#148,lib/style-dna/dataviz.json#149,lib/style-dna/dataviz.md#281(+14)	N
dataviz	music/score.py	214	活	doc(lib/style-dna/dataviz.json:145)	code:lemo-make.mjs#2214,lemo-make.mjs#2216,lemo-make.mjs#2219(+1) ; orch:lemo-make.mjs:ORCH[music/score.py] ; doc:lib/style-dna/dataviz.json#145,lib/style-dna/dataviz.json#146,lib/style-dna/dataviz.md#279,lib/style-dna/dataviz.md#280(+8) ; comment-only:lemo-make.mjs#1126,lemo-make.mjs#1821(+1)	N
dataviz	timeline.js	43	活	doc(lib/style-dna/dataviz.json:122)	code:styles/dataviz/demo/film.js#5 ; doc:lib/style-dna/dataviz.json#122,lib/style-dna/dataviz.json#123,lib/style-dna/dataviz.json#124,lib/style-dna/dataviz.json#125(+22)	N
dataviz	tools/cuecheck.py	24	活	doc(lib/style-dna/dataviz.json:99)	code:lemo-make.mjs#575,styles/dataviz/demo/build.sh#12 ; orch:lemo-make.mjs:ORCH[tools/cuecheck.py] ; doc:lib/style-dna/dataviz.json#99,lib/style-dna/dataviz.md#213,lib/style-skills/dataviz/SKILL.md#144,lib/style-skills/dataviz/SKILL.md#153(+1)	N
dataviz	tools/extract_data.py	31	活	doc(lib/style-dna/dataviz.json:96)	code:styles/dataviz/demo/build.sh#6 ; doc:lib/style-dna/dataviz.json#96,lib/style-skills/dataviz/SKILL.md#109,lib/style-skills/dataviz/SKILL.md#144,lib/style-skills/dataviz/SKILL.md#156(+1)	N
dataviz	tools/final_asr.py	17	活	doc(styles/dataviz/DEMO.md:75)	code:lemo-make.mjs#576 ; orch:lemo-make.mjs:ORCH[tools/final_asr.py] ; doc:styles/dataviz/DEMO.md#75	N
dataviz	tools/subs.py	15	活	doc(lib/style-skills/dataviz/SKILL.md:142)	code:lemo-make.mjs#2066,styles/dataviz/demo/build.sh#14 ; orch:lemo-make.mjs:ORCH[tools/subs.py] ; doc:lib/style-skills/dataviz/SKILL.md#142,lib/style-skills/dataviz/SKILL.md#88,styles/dataviz/DEMO.md#59,styles/dataviz/DEMO.md#75 ; comment-only:lemo-make.mjs#2018,lemo-make.mjs#2030	N
dataviz	tools/words.py	21	活	doc(lib/style-skills/dataviz/SKILL.md:142)	code:styles/dataviz/demo/build.sh#9 ; orch:lemo-make.mjs:ORCH[tools/words.py] ; doc:lib/style-skills/dataviz/SKILL.md#142,styles/dataviz/DEMO.md#75 ; comment-only:lemo-make.mjs#2508,lemo-make.mjs#2522(+1)	N
engraving	build.sh	26	活	doc(lib/style-dna/engraving-authoring-contract.md:43)	glob:styles/*/demo/build.sh(exact)#10 ; doc:lib/style-dna/engraving-authoring-contract.md#43,lib/style-dna/engraving.json#127,lib/style-dna/engraving.md#241,lib/style-dna/engraving.md#286(+18) ; comment-only:lemo-make.mjs#1363,styles/engraving/demo/film_coffee.js#110(+1)	N
engraving	engine/burin.js	494	活	doc(lib/style-skills/engraving/_distill.json:59)	code:styles/engraving/demo/engine/copper.js#5,styles/engraving/demo/engine/index.js#6,styles/engraving/demo/engine/index.js#10(+10) ; contract:lib/dub-visual.json#1043 ; glob:styles/*/demo/**/*.js(exact)#1,engine/*.js(exact)#1 ; doc:lib/style-skills/engraving/_distill.json#59,creative/dub-style-techniques.md#8,lib/style-skills/engraving/SKILL.md#15,lib/style-dna/engraving-authoring-contract.md#122(+24) ; comment-only:styles/engraving/demo/film.js#113,styles/engraving/demo/engine/index.js#2	N
engraving	engine/copper.js	138	活	doc(lib/style-dna/engraving-authoring-contract.md:18)	code:styles/engraving/demo/engine/index.js#9,styles/engraving/demo/film.js#7,styles/engraving/demo/film_coffee.js#12 ; contract:lib/dub-visual.json#1044 ; glob:styles/*/demo/**/*.js(exact)#1,engine/*.js(exact)#1 ; doc:lib/style-dna/engraving-authoring-contract.md#18,lib/style-dna/engraving-authoring-contract.md#36,lib/style-dna/engraving-authoring-contract.md#69,lib/style-dna/engraving-authoring-contract.md#514(+7) ; comment-only:styles/engraving/demo/engine/index.js#5	N
engraving	engine/index.js	26	活	doc(lib/style-dna/engraving-authoring-contract.md:304)	code:styles/engraving/demo/example/index.html#7 ; glob:styles/*/demo/**/*.js(exact)#1,engine/*.js(exact)#1 ; doc:lib/style-dna/engraving-authoring-contract.md#304,lib/style-dna/engraving-authoring-contract.md#18,lib/style-dna/engraving-authoring-contract.md#309,styles/engraving/DEMO.md#87(+1)	N
engraving	engine/plate.js	241	活	doc(lib/style-skills/engraving/_distill.json:58)	code:styles/engraving/demo/engine/index.js#7,styles/engraving/demo/film.js#5,styles/engraving/demo/film_coffee.js#9(+1) ; contract:lib/dub-visual.json#1042 ; glob:styles/*/demo/**/*.js(exact)#1,engine/*.js(exact)#1 ; doc:lib/style-skills/engraving/_distill.json#58,lib/style-skills/engraving/SKILL.md#15,lib/style-skills/engraving/SKILL.md#177,lib/style-skills/engraving/_distill.json#16(+28) ; comment-only:styles/engraving/demo/engine/index.js#3	N
engraving	engine/wash.js	96	活	doc(lib/style-dna/engraving-authoring-contract.md:18)	code:styles/engraving/demo/engine/index.js#8,styles/engraving/demo/film.js#6,styles/engraving/demo/film_coffee.js#11 ; glob:styles/*/demo/**/*.js(exact)#1,engine/*.js(exact)#1 ; doc:lib/style-dna/engraving-authoring-contract.md#18,lib/style-dna/engraving-authoring-contract.md#36,lib/style-dna/engraving-authoring-contract.md#69,styles/engraving/DEMO.md#87(+1) ; comment-only:styles/engraving/demo/engine/index.js#4	N
engraving	film.js	397	活	doc(lib/style-dna/engraving.json:115)	code:styles/engraving/demo/tools/readcheck/index.html#4 ; contract:lib/dub-visual.json#1045,lib/dub-visual.json#1125,lib/dub-visual.json#1139(+1) ; glob:film*.js(exact)#28,demo/film*.js(dir)#23,styles/*/demo/film.js(exact)#1 ; doc:lib/style-dna/engraving.json#115,lib/style-dna/engraving.json#116,lib/style-dna/engraving.json#117,lib/style-dna/engraving.json#118(+199) ; comment-only:scripts/check-film-aspect.mjs#11,styles/engraving/demo/subjects/coffee.js#11(+4)	N
engraving	film_coffee.js	790	活	doc(lib/style-skills/engraving/_distill.json:55)	code:lemo-make.mjs#1465 ; contract:lib/dub-visual.json#1084 ; glob:film*.js(exact)#28,demo/film*.js(dir)#23 ; doc:lib/style-skills/engraving/_distill.json#55,README.md#444,MAINTAINING.md#112,MAINTAINING.md#161(+9)	N
engraving	main.js	27	活	doc(lib/style-skills/engraving/_distill.json:56)	code:styles/engraving/demo/index.html#7 ; contract:lib/dub-visual.json#1079 ; doc:lib/style-skills/engraving/_distill.json#56,MAINTAINING.md#110,lib/style-dna/engraving-authoring-contract.md#15,lib/style-dna/engraving-authoring-contract.md#16(+16) ; comment-only:scripts/check-film-aspect.mjs#31,core/render/size.mjs#6(+5)	N
engraving	mix.py	162	活	doc(creative/coffee/04-从零原创使用手册.md:237)	code:styles/engraving/demo/build.sh#15,styles/engraving/demo/tools/build_alt.sh#13 ; orch:lemo-make.mjs:ORCH[mix.py] ; doc:creative/coffee/04-从零原创使用手册.md#237,lib/style-dna/engraving.json#124,lib/style-dna/engraving.json#125,lib/style-dna/engraving.md#283(+20)	N
engraving	music/score.py	419	活	doc(creative/coffee/04-从零原创使用手册.md:236)	code:lemo-make.mjs#2214,lemo-make.mjs#2216,lemo-make.mjs#2219(+2) ; orch:lemo-make.mjs:ORCH[music/score.py] ; doc:creative/coffee/04-从零原创使用手册.md#236,lib/style-dna/engraving.json#126,lib/style-dna/engraving.md#285,styles/engraving/demo/music/NOTES.md#7(+23) ; comment-only:lemo-make.mjs#1126,lemo-make.mjs#1821(+1)	N
engraving	subjects/bee.js	286	活	doc(lib/style-skills/engraving/_distill.json:60)	code:styles/engraving/demo/film.js#8 ; glob:subjects/*.js(exact)#1,demo/subjects/*.js(dir)#1,styles/*/demo/**/*.js(exact)#1 ; doc:lib/style-skills/engraving/_distill.json#60,lib/style-skills/engraving/SKILL.md#114,lib/style-dna/engraving-authoring-contract.md#62,lib/style-skills/engraving/SKILL.md#71(+38) ; comment-only:styles/engraving/demo/subjects/scallop.js#2	N
engraving	subjects/chart.js	334	活	doc(lib/style-skills/engraving/_distill.json:62)	code:styles/engraving/demo/film_coffee.js#137 ; glob:subjects/*.js(exact)#1,demo/subjects/*.js(dir)#1,styles/*/demo/**/*.js(exact)#1 ; doc:lib/style-skills/engraving/_distill.json#62,lib/style-skills/engraving/SKILL.md#115,lib/style-skills/engraving/SKILL.md#177,lib/style-skills/engraving/SKILL.md#115 ; comment-only:styles/engraving/demo/film_coffee.js#130	N
engraving	subjects/coffee.js	420	活	doc(lib/style-skills/engraving/_distill.json:61)	code:styles/engraving/demo/film_coffee.js#135 ; glob:subjects/*.js(exact)#1,demo/subjects/*.js(dir)#1,styles/*/demo/**/*.js(exact)#1 ; doc:lib/style-skills/engraving/_distill.json#61,lib/style-skills/engraving/SKILL.md#115,lib/style-skills/engraving/SKILL.md#115,lib/style-skills/engraving/SKILL.md#163(+1) ; comment-only:styles/engraving/demo/engine/burin.js#128,styles/engraving/demo/film_coffee.js#142(+2)	N
engraving	subjects/details.js	173	活	doc(lib/style-dna/engraving-authoring-contract.md:340)	code:styles/engraving/demo/film.js#9 ; glob:subjects/*.js(exact)#1,demo/subjects/*.js(dir)#1,styles/*/demo/**/*.js(exact)#1 ; doc:lib/style-dna/engraving-authoring-contract.md#340,lib/style-skills/engraving/SKILL.md#115,styles/engraving/DEMO.md#76,lib/style-dna/engraving-authoring-contract.md#330(+15)	N
engraving	subjects/details_coffee.js	299	活	doc(lib/style-skills/engraving/SKILL.md:115)	code:styles/engraving/demo/film_coffee.js#136 ; glob:subjects/*.js(exact)#1,demo/subjects/*.js(dir)#1,styles/*/demo/**/*.js(exact)#1 ; doc:lib/style-skills/engraving/SKILL.md#115,lib/style-skills/engraving/SKILL.md#177,lib/style-skills/engraving/SKILL.md#188,lib/style-skills/engraving/_distill.json#20 ; comment-only:styles/engraving/demo/film_coffee.js#130	N
engraving	subjects/scallop.js	56	活	doc(lib/style-dna/engraving.md:199)	code:styles/engraving/demo/film.js#10 ; glob:subjects/*.js(exact)#1,demo/subjects/*.js(dir)#1,styles/*/demo/**/*.js(exact)#1 ; doc:lib/style-dna/engraving.md#199,lib/style-skills/engraving/SKILL.md#114,lib/style-skills/engraving/SKILL.md#163,lib/style-dna/engraving-authoring-contract.md#61(+20)	N
engraving	tools/build_alt.sh	19	已声明入口	doc(lib/style-dna/engraving-authoring-contract.md:44)	doc:lib/style-dna/engraving-authoring-contract.md#44,lib/style-skills/engraving/SKILL.md#153,styles/engraving/DEMO.md#121,lib/style-dna/engraving-authoring-contract.md#902	N
engraving	tools/cuecheck.py	30	活	doc(creative/coffee/04-从零原创使用手册.md:114)	code:lemo-make.mjs#575,styles/engraving/demo/build.sh#16,styles/engraving/demo/tools/build_alt.sh#14 ; orch:lemo-make.mjs:ORCH[tools/cuecheck.py] ; doc:creative/coffee/04-从零原创使用手册.md#114,creative/coffee/04-从零原创使用手册.md#238,creative/coffee/05-验收报告.md#161,creative/coffee/06-中文版验收报告.md#153(+13)	N
engraving	tools/events.mjs	11	活	doc(creative/coffee/04-从零原创使用手册.md:230)	code:lemo-make.mjs#1176,styles/engraving/demo/build.sh#14,styles/engraving/demo/tools/build_alt.sh#11 ; orch:lemo-make.mjs:ORCH[tools/events.mjs] ; doc:creative/coffee/04-从零原创使用手册.md#230,lib/style-dna/engraving-authoring-contract.md#21,lib/style-dna/engraving-authoring-contract.md#378,lib/style-dna/engraving-authoring-contract.md#617(+7) ; comment-only:styles/engraving/demo/music/score.py#18,lemo-make.mjs#944(+4)	N
engraving	tools/subs.py	22	活	doc(creative/coffee/04-从零原创使用手册.md:241)	code:lemo-make.mjs#2066,styles/engraving/demo/build.sh#18,styles/engraving/demo/tools/build_alt.sh#15 ; orch:lemo-make.mjs:ORCH[tools/subs.py] ; doc:creative/coffee/04-从零原创使用手册.md#241,lib/style-skills/engraving/SKILL.md#149,lib/style-dna/engraving-authoring-contract.md#380,lib/style-dna/engraving-authoring-contract.md#578(+6) ; comment-only:lemo-make.mjs#2018,lemo-make.mjs#2030	N
game-show	assemble.py	8	已声明入口	doc(lib/style-dna/game-show.json:140)	doc:lib/style-dna/game-show.json#140,lib/style-dna/game-show.md#255,lib/style-dna/game-show.json#32,lib/style-dna/game-show.json#92(+14)	N
game-show	build.py	9	已声明入口	doc(lib/style-dna/game-show.json:94)	doc:lib/style-dna/game-show.json#94,lib/style-dna/game-show.md#181,lib/style-dna/game-show.md#195,lib/style-skills/game-show/SKILL.md#154(+5) ; comment-only:styles/game-show/demo/film.js#2	N
game-show	film.js	14	活	doc(lib/style-skills/game-show/SKILL.md:43)	code:styles/game-show/demo/index.html#1592 ; glob:film*.js(exact)#28,demo/film*.js(dir)#22,styles/*/demo/film.js(exact)#1 ; doc:lib/style-skills/game-show/SKILL.md#43,lib/style-skills/game-show/SKILL.md#166,lib/style-skills/game-show/_distill.json#123	N
game-show	finish.sh	49	活	doc(lib/style-skills/game-show/SKILL.md:181)	code:scripts/check-render-venc.mjs#301,scripts/patch-render-venc.mjs#262,scripts/patch-style-mux.mjs#86(+1) ; doc:lib/style-skills/game-show/SKILL.md#181,lib/style-dna/game-show.json#78,lib/style-dna/game-show.md#200,lib/style-skills/game-show/SKILL.md#164(+5) ; comment-only:styles/game-show/demo/render.mjs#4,styles/game-show/demo/render.mjs#57	N
game-show	main.js	1390	活	doc(lib/style-dna/game-show.json:94)	code:styles/game-show/demo/assemble.py#7,styles/game-show/demo/build.py#7 ; contract:lib/dub-visual.json#1159,lib/dub-visual.json#1183,lib/dub-visual.json#1188(+3) ; doc:lib/style-dna/game-show.json#94,lib/style-dna/game-show.md#181,lib/style-skills/game-show/SKILL.md#43,lib/style-skills/game-show/SKILL.md#154(+5) ; comment-only:styles/game-show/demo/assemble.py#1,styles/game-show/demo/build.py#1(+1)	N
game-show	main_b.js	1203	活	doc(lib/style-dna/game-show.json:131)	code:styles/game-show/demo/assemble.py#7 ; doc:lib/style-dna/game-show.json#131,lib/style-dna/game-show.json#132,lib/style-dna/game-show.json#133,lib/style-dna/game-show.json#134(+36) ; comment-only:styles/game-show/demo/assemble.py#1,styles/game-show/demo/film.js#3	N
game-show	main_v1.js	1072	活	doc(lib/style-dna/game-show.json:121)	code:styles/game-show/demo/assemble.py#4 ; doc:lib/style-dna/game-show.json#121,lib/style-dna/game-show.json#122,lib/style-dna/game-show.json#123,lib/style-dna/game-show.json#124(+31) ; comment-only:styles/game-show/demo/assemble.py#1,styles/game-show/demo/film.js#3	N
game-show	make_srt.py	28	活	doc(lib/style-dna/game-show.md:201)	orch:lemo-make.mjs:ORCH[make_srt.py] ; doc:lib/style-dna/game-show.md#201,lib/style-skills/game-show/SKILL.md#141,styles/game-show/DEMO.md#75,styles/game-show/DEMO.md#96(+2)	N
game-show	make_voices.sh	16	活	doc(lib/style-skills/game-show/SKILL.md:179)	code:styles/game-show/demo/make_voices_kokoro.py#5,styles/game-show/demo/make_voices_kokoro.py#7,styles/game-show/demo/make_voices_kokoro.py#12(+1) ; doc:lib/style-skills/game-show/SKILL.md#179,lib/style-dna/game-show.md#194,lib/style-skills/game-show/SKILL.md#179,lib/style-skills/game-show/SKILL.md#206(+4)	N
game-show	make_voices_kokoro.py	131	活	doc(lib/style-skills/game-show/_distill.json:49)	code:styles/game-show/demo/mix.py#23 ; doc:lib/style-skills/game-show/_distill.json#49,lib/style-skills/game-show/SKILL.md#100,lib/style-skills/game-show/SKILL.md#179,lib/style-skills/game-show/SKILL.md#200(+4) ; comment-only:tools/release.py#43	N
game-show	mix.py	61	活	doc(lib/style-skills/game-show/SKILL.md:143)	orch:lemo-make.mjs:ORCH[mix.py] ; doc:lib/style-skills/game-show/SKILL.md#143,lib/style-skills/game-show/SKILL.md#164,lib/style-skills/game-show/SKILL.md#182,lib/style-skills/game-show/SKILL.md#186(+6)	N
game-show	music.py	335	活	doc(lib/style-dna/game-show.json:141)	code:styles/game-show/demo/mix.py#5,styles/game-show/demo/mix.py#17,styles/game-show/demo/make_voices_kokoro.py#6(+6) ; orch:lemo-make.mjs:ORCH[music.py] ; doc:lib/style-dna/game-show.json#141,lib/style-dna/game-show.json#142,lib/style-dna/game-show.json#143,lib/style-dna/game-show.json#144(+46) ; comment-only:styles/game-show/demo/render.mjs#2,styles/game-show/demo/synth_lib.py#1	N
game-show	remix2026.js	266	已声明入口	doc(lib/style-skills/game-show/SKILL.md:43)	doc:lib/style-skills/game-show/SKILL.md#43,styles/game-show/DEMO.md#112 ; comment-only:styles/game-show/demo/film.js#3	N
game-show	render.mjs	78	活	doc(lib/style-dna/game-show.json:94)	code:scripts/check-render-venc.mjs#302,scripts/patch-render-venc.mjs#215 ; doc:lib/style-dna/game-show.json#94,lib/style-dna/game-show.md#181,lib/style-dna/game-show.md#196,lib/style-dna/game-show.md#197(+7) ; comment-only:styles/game-show/demo/finish.sh#2	N
game-show	synth_lib.py	197	活	doc(styles/game-show/STYLE.md:102)	code:styles/game-show/demo/music.py#5,styles/game-show/demo/music.py#6,styles/game-show/demo/music.py#5(+1) ; doc:styles/game-show/STYLE.md#102,lib/style-skills/game-show/SKILL.md#98,lib/style-skills/game-show/SKILL.md#140,lib/style-skills/game-show/SKILL.md#176(+4)	N
glass-product	build.sh	21	活	doc(lib/style-dna/glass-product.md:211)	glob:styles/*/demo/build.sh(exact)#10 ; doc:lib/style-dna/glass-product.md#211,lib/style-skills/glass-product/SKILL.md#15,lib/style-skills/glass-product/SKILL.md#132,lib/style-skills/glass-product/SKILL.md#145(+8) ; comment-only:lemo-make.mjs#1363	N
glass-product	check_mix.py	21	活	doc(lib/style-dna/glass-product.md:210)	code:styles/glass-product/demo/build.sh#20 ; orch:lemo-make.mjs:ORCH[check_mix.py] ; doc:lib/style-dna/glass-product.md#210,styles/glass-product/DEMO.md#85,styles/glass-product/DEMO.md#77	N
glass-product	film.js	16	活	doc(lib/style-skills/glass-product/SKILL.md:37)	code:styles/glass-product/demo/main.js#8 ; glob:film*.js(exact)#28,demo/film*.js(dir)#22,styles/*/demo/film.js(exact)#1 ; doc:lib/style-skills/glass-product/SKILL.md#37,lib/style-skills/glass-product/SKILL.md#46,lib/style-skills/glass-product/SKILL.md#138,lib/style-skills/glass-product/SKILL.md#164(+2)	N
glass-product	main.js	320	活	doc(lib/style-dna/glass-product.json:139)	code:styles/glass-product/demo/index.html#7 ; contract:lib/dub-visual.json#1382,lib/dub-visual.json#1456,lib/dub-visual.json#1475(+1) ; doc:lib/style-dna/glass-product.json#139,lib/style-dna/glass-product.json#140,lib/style-dna/glass-product.json#141,lib/style-dna/glass-product.json#142(+17)	N
glass-product	mix.py	127	活	doc(lib/style-dna/glass-product.json:147)	code:styles/glass-product/demo/build.sh#13 ; orch:lemo-make.mjs:ORCH[mix.py] ; doc:lib/style-dna/glass-product.json#147,lib/style-dna/glass-product.json#148,lib/style-dna/glass-product.json#149,lib/style-dna/glass-product.md#267(+13) ; comment-only:styles/glass-product/demo/story.js#40	N
glass-product	music/score.py	333	活	doc(lib/style-dna/glass-product.json:144)	code:lemo-make.mjs#2214,lemo-make.mjs#2216,lemo-make.mjs#2219(+1) ; orch:lemo-make.mjs:ORCH[music/score.py] ; doc:lib/style-dna/glass-product.json#144,lib/style-dna/glass-product.json#145,lib/style-dna/glass-product.json#146,lib/style-dna/glass-product.md#264(+14) ; comment-only:lemo-make.mjs#1126,lemo-make.mjs#1821(+1)	N
glass-product	product.js	187	活	doc(lib/style-dna/glass-product.json:133)	code:styles/glass-product/demo/main.js#6 ; contract:lib/dub-visual.json#1381 ; doc:lib/style-dna/glass-product.json#133,lib/style-dna/glass-product.json#134,lib/style-dna/glass-product.json#135,lib/style-dna/glass-product.json#136(+19)	N
glass-product	story.js	58	活	doc(lib/style-dna/glass-product.json:122)	code:styles/glass-product/demo/main.js#5,styles/glass-product/demo/subs.py#1,styles/glass-product/demo/subs.py#5 ; contract:lib/dub-visual.json#1420 ; doc:lib/style-dna/glass-product.json#122,lib/style-dna/glass-product.json#123,lib/style-dna/glass-product.json#124,lib/style-dna/glass-product.json#125(+28)	N
glass-product	studio.js	116	活	doc(lib/style-dna/glass-product.json:128)	code:styles/glass-product/demo/main.js#7 ; doc:lib/style-dna/glass-product.json#128,lib/style-dna/glass-product.json#129,lib/style-dna/glass-product.json#130,lib/style-dna/glass-product.json#131(+16)	N
glass-product	subs.py	10	活	doc(lib/style-skills/glass-product/SKILL.md:142)	code:styles/glass-product/demo/build.sh#18 ; orch:lemo-make.mjs:ORCH[subs.py] ; doc:lib/style-skills/glass-product/SKILL.md#142,lib/style-skills/glass-product/SKILL.md#165,styles/glass-product/DEMO.md#77	N
halftone-dossier	fetch_fonts.mjs	12	已声明入口	doc(lib/style-dna/halftone-dossier.json:91)	doc:lib/style-dna/halftone-dossier.json#91,lib/style-dna/halftone-dossier.md#169,lib/style-dna/halftone-dossier.md#191,lib/style-skills/halftone-dossier/SKILL.md#155(+3)	N
halftone-dossier	film.js	13	活	doc(lib/style-skills/halftone-dossier/SKILL.md:43)	code:styles/halftone-dossier/demo/index.html#1096 ; glob:film*.js(exact)#28,demo/film*.js(dir)#22,styles/*/demo/film.js(exact)#1 ; doc:lib/style-skills/halftone-dossier/SKILL.md#43,lib/style-skills/halftone-dossier/SKILL.md#169,lib/style-skills/halftone-dossier/_distill.json#82,lib/style-skills/halftone-dossier/SKILL.md#43	N
halftone-dossier	mix.py	54	活	doc(lib/style-skills/halftone-dossier/SKILL.md:148)	orch:lemo-make.mjs:ORCH[mix.py] ; doc:lib/style-skills/halftone-dossier/SKILL.md#148,lib/style-skills/halftone-dossier/SKILL.md#170,lib/style-skills/halftone-dossier/SKILL.md#185,lib/style-skills/halftone-dossier/_distill.json#80(+3)	N
halftone-dossier	music.py	323	活	doc(lib/style-dna/halftone-dossier.json:137)	code:styles/halftone-dossier/demo/mix.py#5,styles/halftone-dossier/demo/mix.py#16,styles/halftone-dossier/demo/mix.py#7(+3) ; orch:lemo-make.mjs:ORCH[music.py] ; doc:lib/style-dna/halftone-dossier.json#137,lib/style-dna/halftone-dossier.json#138,lib/style-dna/halftone-dossier.json#139,lib/style-dna/halftone-dossier.json#140(+39)	N
halftone-dossier	render.mjs	85	活	doc(lib/style-dna/halftone-dossier.json:135)	code:scripts/check-render-venc.mjs#303,scripts/patch-render-venc.mjs#219 ; doc:lib/style-dna/halftone-dossier.json#135,lib/style-dna/halftone-dossier.json#136,lib/style-dna/halftone-dossier.md#248,lib/style-dna/halftone-dossier.md#249(+16)	N
hd-2d	chars.js	195	活	doc(lib/style-dna/hd-2d.json:146)	code:styles/hd-2d/demo/cliff.js#6,styles/hd-2d/demo/forest.js#6,styles/hd-2d/demo/harbor.js#6(+1) ; contract:lib/dub-visual.json#1724 ; doc:lib/style-dna/hd-2d.json#146,lib/style-dna/hd-2d.json#147,lib/style-dna/hd-2d.json#148,lib/style-dna/hd-2d.md#296(+12)	N
hd-2d	cliff.js	293	活	doc(lib/style-dna/hd-2d.json:177)	code:styles/hd-2d/demo/main.js#7 ; contract:lib/dub-visual.json#1726 ; doc:lib/style-dna/hd-2d.json#177,lib/style-dna/hd-2d.json#178,lib/style-dna/hd-2d.json#179,lib/style-dna/hd-2d.json#180(+21)	N
hd-2d	film.js	13	活	doc(lib/style-skills/hd-2d/SKILL.md:37)	glob:film*.js(exact)#28,demo/film*.js(dir)#22,styles/*/demo/film.js(exact)#1 ; doc:lib/style-skills/hd-2d/SKILL.md#37,lib/style-skills/hd-2d/SKILL.md#57,lib/style-skills/hd-2d/SKILL.md#190,lib/style-skills/hd-2d/SKILL.md#288(+3)	N
hd-2d	forest.js	155	活	doc(lib/style-dna/hd-2d.json:171)	code:styles/hd-2d/demo/main.js#6,styles/hd-2d/demo/index.html#12 ; contract:lib/dub-visual.json#1727 ; doc:lib/style-dna/hd-2d.json#171,lib/style-dna/hd-2d.json#172,lib/style-dna/hd-2d.json#173,lib/style-dna/hd-2d.json#174(+14)	N
hd-2d	forest_art.js	111	活	doc(lib/style-skills/hd-2d/SKILL.md:203)	code:styles/hd-2d/demo/forest.js#8 ; doc:lib/style-skills/hd-2d/SKILL.md#203,lib/style-skills/hd-2d/_distill.json#23,styles/hd-2d/DEMO.md#54,styles/hd-2d/DEMO.md#92	N
hd-2d	fx.js	157	活	doc(lib/style-dna/hd-2d.json:149)	code:styles/hd-2d/demo/cliff.js#5,styles/hd-2d/demo/forest.js#5,styles/hd-2d/demo/harbor.js#5(+1) ; doc:lib/style-dna/hd-2d.json#149,lib/style-dna/hd-2d.json#150,lib/style-dna/hd-2d.json#151,lib/style-dna/hd-2d.json#152(+14)	N
hd-2d	harbor.js	251	活	doc(lib/style-dna/hd-2d.json:164)	code:styles/hd-2d/demo/main.js#5 ; contract:lib/dub-visual.json#1832 ; doc:lib/style-dna/hd-2d.json#164,lib/style-dna/hd-2d.json#165,lib/style-dna/hd-2d.json#166,lib/style-dna/hd-2d.json#167(+20)	N
hd-2d	kit.js	132	活	doc(lib/style-dna/hd-2d.json:142)	code:styles/hd-2d/demo/cliff.js#4,styles/hd-2d/demo/forest.js#4,styles/hd-2d/demo/harbor.js#4 ; doc:lib/style-dna/hd-2d.json#142,lib/style-dna/hd-2d.json#143,lib/style-dna/hd-2d.json#144,lib/style-dna/hd-2d.json#145(+11)	N
hd-2d	main.js	58	活	doc(lib/style-dna/hd-2d.json:160)	code:styles/hd-2d/demo/index.html#10,styles/hd-2d/demo/index.html#37 ; contract:lib/dub-visual.json#1825,lib/dub-visual.json#1827 ; doc:lib/style-dna/hd-2d.json#160,lib/style-dna/hd-2d.json#161,lib/style-dna/hd-2d.json#162,lib/style-dna/hd-2d.json#163(+20) ; comment-only:styles/hd-2d/demo/film.js#3,styles/hd-2d/demo/film.js#2(+1)	N
hd-2d	mix.py	128	活	doc(lib/style-dna/hd-2d.json:183)	orch:lemo-make.mjs:ORCH[mix.py] ; doc:lib/style-dna/hd-2d.json#183,lib/style-dna/hd-2d.json#184,lib/style-dna/hd-2d.json#185,lib/style-dna/hd-2d.json#186(+33)	N
hd-2d	music/edit.py	454	活	doc(lib/style-skills/hd-2d/_distill.json:79)	code:lemo-make.mjs#2216,lemo-make.mjs#2219 ; orch:lemo-make.mjs:ORCH[music/edit.py] ; doc:lib/style-skills/hd-2d/_distill.json#79,lib/style-dna/hd-2d.md#247,lib/style-skills/hd-2d/SKILL.md#117,lib/style-skills/hd-2d/SKILL.md#181(+20) ; comment-only:lemo-make.mjs#310	N
hd-2d	post_ts.js	108	活	doc(lib/style-dna/hd-2d.json:131)	code:styles/hd-2d/demo/main.js#3 ; doc:lib/style-dna/hd-2d.json#131,lib/style-dna/hd-2d.json#132,lib/style-dna/hd-2d.json#133,lib/style-dna/hd-2d.json#134(+19)	N
hd-2d	px.js	165	活	doc(lib/style-dna/hd-2d.json:135)	code:styles/hd-2d/demo/chars.js#3,styles/hd-2d/demo/cliff.js#3,styles/hd-2d/demo/forest.js#3(+4) ; contract:lib/dub-visual.json#1725 ; doc:lib/style-dna/hd-2d.json#135,lib/style-dna/hd-2d.json#136,lib/style-dna/hd-2d.json#137,lib/style-dna/hd-2d.json#138(+20)	N
hd-2d	story.js	34	活	doc(lib/style-dna/hd-2d.json:126)	code:styles/hd-2d/demo/cliff.js#7,styles/hd-2d/demo/harbor.js#7,styles/hd-2d/demo/main.js#4(+2) ; contract:lib/dub-visual.json#1762 ; doc:lib/style-dna/hd-2d.json#126,lib/style-dna/hd-2d.json#127,lib/style-dna/hd-2d.json#128,lib/style-dna/hd-2d.json#129(+35) ; comment-only:styles/hd-2d/demo/tools/srt.py#1	N
hd-2d	tools/render_range.mjs	41	活	doc(styles/hd-2d/DEMO.md:158)	code:scripts/check-render-venc.mjs#304,scripts/patch-render-venc.mjs#210 ; doc:styles/hd-2d/DEMO.md#158,styles/hd-2d/DEMO.md#98,styles/hd-2d/DEMO.md#137	N
hd-2d	tools/srt.py	14	活	doc(lib/style-skills/hd-2d/SKILL.md:165)	orch:lemo-make.mjs:ORCH[tools/srt.py] ; doc:lib/style-skills/hd-2d/SKILL.md#165,lib/style-dna/hd-2d.md#236,lib/style-skills/hd-2d/SKILL.md#107,lib/style-skills/hd-2d/SKILL.md#194(+6) ; comment-only:lemo-make.mjs#2792,lemo-make.mjs#2800	N
hd-2d	ui.js	126	活	doc(lib/style-dna/hd-2d.json:155)	code:styles/hd-2d/demo/main.js#8 ; contract:lib/dub-visual.json#1802,lib/dub-visual.json#1828 ; doc:lib/style-dna/hd-2d.json#155,lib/style-dna/hd-2d.json#156,lib/style-dna/hd-2d.json#157,lib/style-dna/hd-2d.json#158(+20)	N
hologram-hud	build.sh	39	活	doc(lib/style-dna/hologram-hud.json:142)	glob:styles/*/demo/build.sh(exact)#10 ; doc:lib/style-dna/hologram-hud.json#142,lib/style-dna/hologram-hud.md#250,lib/style-dna/hologram-hud.md#307,lib/style-skills/hologram-hud/SKILL.md#15(+9) ; comment-only:lemo-make.mjs#1363	N
hologram-hud	engine/holo.js	328	活	doc(styles/hologram-hud/STYLE.md:103)	code:styles/hologram-hud/demo/film.js#2,styles/hologram-hud/demo/film.js#104,styles/hologram-hud/demo/frames.js#2(+1) ; contract:lib/dub-visual.json#1938 ; glob:styles/*/demo/**/*.js(exact)#1,engine/*.js(exact)#1 ; doc:styles/hologram-hud/STYLE.md#103,lib/style-skills/hologram-hud/SKILL.md#120,lib/style-skills/hologram-hud/SKILL.md#164,lib/style-skills/hologram-hud/SKILL.md#212(+4) ; comment-only:styles/hologram-hud/demo/models/mkmodel.mjs#2	N
hologram-hud	engine/hud.js	407	活	doc(styles/hologram-hud/STYLE.md:103)	code:styles/hologram-hud/demo/film.js#3,styles/hologram-hud/demo/frames.js#3 ; contract:lib/dub-visual.json#1845,lib/dub-visual.json#1860,lib/dub-visual.json#1919 ; glob:styles/*/demo/**/*.js(exact)#1,engine/*.js(exact)#1 ; doc:styles/hologram-hud/STYLE.md#103,lib/style-skills/hologram-hud/SKILL.md#164,lib/style-skills/hologram-hud/SKILL.md#212,lib/style-skills/hologram-hud/_distill.json#23(+3)	N
hologram-hud	film.js	448	活	doc(lib/style-dna/hologram-hud.json:123)	code:styles/hologram-hud/demo/main.js#3,styles/hologram-hud/demo/index.html#12 ; contract:lib/dub-visual.json#1846,lib/dub-visual.json#1941 ; glob:film*.js(exact)#28,demo/film*.js(dir)#23,styles/*/demo/film.js(exact)#1 ; doc:lib/style-dna/hologram-hud.json#123,lib/style-dna/hologram-hud.json#124,lib/style-dna/hologram-hud.json#125,lib/style-dna/hologram-hud.json#126(+30)	N
hologram-hud	frames.js	23	活	doc(lib/style-skills/hologram-hud/SKILL.md:67)	code:styles/hologram-hud/demo/main.js#18 ; contract:lib/dub-visual.json#1848 ; doc:lib/style-skills/hologram-hud/SKILL.md#67,styles/hologram-hud/DEMO.md#145,lib/style-skills/hologram-hud/SKILL.md#73,lib/style-skills/hologram-hud/SKILL.md#165(+3)	N
hologram-hud	main.js	21	活	doc(lib/style-dna/hologram-hud.json:101)	code:styles/hologram-hud/demo/index.html#36 ; contract:lib/dub-visual.json#1882 ; doc:lib/style-dna/hologram-hud.json#101,lib/style-dna/hologram-hud.md#210,lib/style-skills/hologram-hud/SKILL.md#162	N
hologram-hud	mix.py	241	活	doc(lib/style-dna/hologram-hud.json:136)	code:styles/hologram-hud/demo/build.sh#23 ; orch:lemo-make.mjs:ORCH[mix.py] ; doc:lib/style-dna/hologram-hud.json#136,lib/style-dna/hologram-hud.json#137,lib/style-dna/hologram-hud.json#138,lib/style-dna/hologram-hud.md#301(+12)	N
hologram-hud	models/gen_kite.mjs	80	活	doc(lib/style-skills/hologram-hud/SKILL.md:181)	code:lemo-make.mjs#570,styles/hologram-hud/demo/build.sh#16 ; orch:lemo-make.mjs:ORCH[models/gen_kite.mjs] ; doc:lib/style-skills/hologram-hud/SKILL.md#181,lib/style-skills/hologram-hud/_distill.json#24,styles/hologram-hud/DEMO.md#69	N
hologram-hud	models/gen_volt.mjs	113	活	doc(lib/style-skills/hologram-hud/SKILL.md:181)	code:lemo-make.mjs#569,styles/hologram-hud/demo/build.sh#15 ; orch:lemo-make.mjs:ORCH[models/gen_volt.mjs] ; doc:lib/style-skills/hologram-hud/SKILL.md#181,lib/style-skills/hologram-hud/_distill.json#24,styles/hologram-hud/DEMO.md#69	N
hologram-hud	models/mkmodel.mjs	219	活	doc(styles/hologram-hud/STYLE.md:103)	code:styles/hologram-hud/demo/models/gen_kite.mjs#3,styles/hologram-hud/demo/models/gen_volt.mjs#4 ; doc:styles/hologram-hud/STYLE.md#103,lib/style-dna/hologram-hud.json#100,lib/style-dna/hologram-hud.md#195,lib/style-skills/hologram-hud/SKILL.md#120(+5)	N
hologram-hud	music/check.py	24	自述入口	self-header(docstring)	self-header(docstring)；全库文档零提及、无代码/数据引用	N
hologram-hud	music/score.py	367	活	doc(lib/style-dna/hologram-hud.json:139)	code:lemo-make.mjs#2214,lemo-make.mjs#2216,lemo-make.mjs#2219(+1) ; orch:lemo-make.mjs:ORCH[music/score.py] ; doc:lib/style-dna/hologram-hud.json#139,lib/style-dna/hologram-hud.json#140,lib/style-dna/hologram-hud.json#141,lib/style-dna/hologram-hud.md#304(+12) ; comment-only:lemo-make.mjs#1126,lemo-make.mjs#1821(+1)	N
hologram-hud	tools/cuecheck.py	24	活	doc(lib/style-dna/hologram-hud.md:257)	code:lemo-make.mjs#575,styles/hologram-hud/demo/build.sh#22 ; orch:lemo-make.mjs:ORCH[tools/cuecheck.py] ; doc:lib/style-dna/hologram-hud.md#257,lib/style-skills/hologram-hud/SKILL.md#81,styles/hologram-hud/DEMO.md#38,lib/style-dna/hologram-hud.md#263(+2)	N
hologram-hud	tools/export.mjs	19	活	doc(lib/style-dna/hologram-hud.json:144)	code:lemo-make.mjs#2066,styles/hologram-hud/demo/build.sh#20 ; orch:lemo-make.mjs:ORCH[tools/export.mjs] ; doc:lib/style-dna/hologram-hud.json#144,lib/style-dna/hologram-hud.md#309,lib/style-skills/hologram-hud/SKILL.md#172,test/README.md#968(+13) ; comment-only:scripts/check-esm-import-paths.mjs#6	N
hologram-hud	tools/final_asr.py	24	活	doc(styles/hologram-hud/DEMO.md:72)	code:lemo-make.mjs#576,styles/hologram-hud/demo/build.sh#28 ; orch:lemo-make.mjs:ORCH[tools/final_asr.py] ; doc:styles/hologram-hud/DEMO.md#72	N
hologram-hud	tools/make_lines.mjs	10	活	doc(lib/style-dna/hologram-hud.json:143)	code:styles/hologram-hud/demo/build.sh#17 ; doc:lib/style-dna/hologram-hud.json#143,lib/style-dna/hologram-hud.md#308,lib/style-dna/hologram-hud.md#253,styles/hologram-hud/DEMO.md#72	N
impasto	build.sh	10	活	doc(lib/style-dna/impasto.json:160)	glob:styles/*/demo/build.sh(exact)#10 ; doc:lib/style-dna/impasto.json#160,lib/style-dna/impasto.md#213,lib/style-dna/impasto.md#290,lib/style-skills/impasto/SKILL.md#15(+8) ; comment-only:lemo-make.mjs#1363	N
impasto	engine/impasto.js	346	活	doc(lib/style-dna/impasto.json:131)	code:styles/impasto/demo/engine/plate.js#7,styles/impasto/demo/film.js#2,styles/impasto/demo/scenes/cellist.js#5(+5) ; glob:styles/*/demo/**/*.js(exact)#1,engine/*.js(exact)#1 ; doc:lib/style-dna/impasto.json#131,lib/style-dna/impasto.json#132,lib/style-dna/impasto.json#133,lib/style-dna/impasto.json#134(+24)	N
impasto	engine/plate.js	165	活	doc(lib/style-dna/impasto.json:140)	code:styles/impasto/demo/scenes/cards.js#2,styles/impasto/demo/scenes/cellist.js#4,styles/impasto/demo/scenes/ecu.js#2(+4) ; glob:styles/*/demo/**/*.js(exact)#1,engine/*.js(exact)#1 ; doc:lib/style-dna/impasto.json#140,lib/style-dna/impasto.json#141,lib/style-dna/impasto.json#142,lib/style-dna/impasto.json#143(+14)	N
impasto	film.js	359	活	doc(lib/style-dna/impasto.json:145)	code:styles/impasto/demo/main.js#2 ; contract:lib/dub-visual.json#1958,lib/dub-visual.json#1991 ; glob:film*.js(exact)#28,demo/film*.js(dir)#23,styles/*/demo/film.js(exact)#1 ; doc:lib/style-dna/impasto.json#145,lib/style-dna/impasto.json#146,lib/style-dna/impasto.json#147,lib/style-dna/impasto.json#148(+24) ; comment-only:styles/impasto/demo/mix.py#93	N
impasto	main.js	8	活	doc(lib/style-dna/impasto.json:163)	code:styles/impasto/demo/index.html#3 ; doc:lib/style-dna/impasto.json#163,lib/style-dna/impasto.md#293,lib/style-skills/impasto/SKILL.md#166,lib/style-dna/impasto.json#96(+5)	N
impasto	mix.py	144	活	doc(lib/style-dna/impasto.json:151)	code:styles/impasto/demo/build.sh#7 ; orch:lemo-make.mjs:ORCH[mix.py] ; doc:lib/style-dna/impasto.json#151,lib/style-dna/impasto.json#152,lib/style-dna/impasto.json#153,lib/style-dna/impasto.json#154(+24)	N
impasto	music/score.py	94	活	doc(lib/style-dna/impasto.json:155)	code:lemo-make.mjs#2214,lemo-make.mjs#2216,lemo-make.mjs#2219(+1) ; orch:lemo-make.mjs:ORCH[music/score.py] ; doc:lib/style-dna/impasto.json#155,lib/style-dna/impasto.json#156,lib/style-dna/impasto.json#157,lib/style-dna/impasto.json#158(+17) ; comment-only:lemo-make.mjs#1126,lemo-make.mjs#1821(+1)	N
impasto	scenes/cards.js	19	活	doc(lib/style-skills/impasto/SKILL.md:158)	code:styles/impasto/demo/film.js#10 ; contract:lib/dub-visual.json#1986,lib/dub-visual.json#2039 ; doc:lib/style-skills/impasto/SKILL.md#158	N
impasto	scenes/cellist.js	165	活	doc(lib/style-skills/impasto/SKILL.md:158)	code:styles/impasto/demo/film.js#6,styles/impasto/demo/test.js#10 ; doc:lib/style-skills/impasto/SKILL.md#158	N
impasto	scenes/common.js	18	活	doc(lib/style-dna/impasto.json:150)	code:styles/impasto/demo/film.js#12,styles/impasto/demo/scenes/cards.js#3,styles/impasto/demo/scenes/cellist.js#6(+6) ; doc:lib/style-dna/impasto.json#150,lib/style-dna/impasto.md#280,lib/style-skills/impasto/SKILL.md#158	N
impasto	scenes/ecu.js	46	活	doc(lib/style-skills/impasto/SKILL.md:158)	code:styles/impasto/demo/film.js#9 ; contract:lib/dub-visual.json#1959 ; doc:lib/style-skills/impasto/SKILL.md#158	N
impasto	scenes/figures.js	154	活	doc(lib/style-skills/impasto/SKILL.md:158)	code:styles/impasto/demo/film.js#11,styles/impasto/demo/scenes/girl.js#6 ; contract:lib/dub-visual.json#1960 ; doc:lib/style-skills/impasto/SKILL.md#158	N
impasto	scenes/girl.js	110	活	doc(lib/style-skills/impasto/SKILL.md:158)	code:styles/impasto/demo/film.js#7,styles/impasto/demo/test.js#30 ; doc:lib/style-skills/impasto/SKILL.md#158	N
impasto	scenes/medium.js	37	活	doc(lib/style-skills/impasto/SKILL.md:158)	code:styles/impasto/demo/film.js#5,styles/impasto/demo/test.js#10 ; doc:lib/style-skills/impasto/SKILL.md#158	N
impasto	scenes/top.js	21	活	doc(lib/style-skills/impasto/SKILL.md:158)	code:styles/impasto/demo/film.js#8 ; doc:lib/style-skills/impasto/SKILL.md#158	N
impasto	scenes/wide.js	134	活	doc(lib/style-skills/impasto/SKILL.md:158)	code:styles/impasto/demo/film.js#4 ; doc:lib/style-skills/impasto/SKILL.md#158	N
impasto	test.js	55	活		code:styles/impasto/demo/main.js#2	N
impasto	timeline.js	76	活	doc(lib/style-dna/impasto.json:124)	code:styles/impasto/demo/film.js#3,styles/impasto/demo/tools/dump_timeline.mjs#3 ; doc:lib/style-dna/impasto.json#124,lib/style-dna/impasto.json#125,lib/style-dna/impasto.json#126,lib/style-dna/impasto.json#127(+30)	N
impasto	tools/dump_timeline.mjs	6	活	doc(lib/style-dna/impasto.json:159)	code:styles/impasto/demo/build.sh#5 ; orch:lemo-make.mjs:ORCH[tools/dump_timeline.mjs] ; doc:lib/style-dna/impasto.json#159,lib/style-dna/impasto.md#289,lib/style-skills/impasto/SKILL.md#144,lib/style-skills/impasto/SKILL.md#161(+7)	N
ink-wash	build.sh	18	活	doc(lib/style-dna/ink-wash.md:220)	glob:styles/*/demo/build.sh(exact)#10 ; doc:lib/style-dna/ink-wash.md#220,lib/style-skills/ink-wash/SKILL.md#14,lib/style-skills/ink-wash/SKILL.md#127,lib/style-skills/ink-wash/SKILL.md#140(+5) ; comment-only:lemo-make.mjs#1363	N
ink-wash	climax.js	140	活	doc(lib/style-skills/ink-wash/SKILL.md:43)	code:styles/ink-wash/demo/shots.js#5 ; doc:lib/style-skills/ink-wash/SKILL.md#43,lib/style-skills/ink-wash/SKILL.md#133,lib/style-skills/ink-wash/SKILL.md#150,lib/style-skills/ink-wash/SKILL.md#167(+2)	N
ink-wash	comp.js	173	活	doc(lib/style-dna/ink-wash.json:130)	code:styles/ink-wash/demo/climax.js#9,styles/ink-wash/demo/cross.js#7,styles/ink-wash/demo/main.js#1(+2) ; doc:lib/style-dna/ink-wash.json#130,lib/style-dna/ink-wash.json#131,lib/style-dna/ink-wash.json#132,lib/style-dna/ink-wash.json#133(+17)	N
ink-wash	cross.js	118	活	doc(lib/style-skills/ink-wash/SKILL.md:43)	code:styles/ink-wash/demo/shots.js#3 ; doc:lib/style-skills/ink-wash/SKILL.md#43,lib/style-skills/ink-wash/SKILL.md#133,lib/style-skills/ink-wash/SKILL.md#150,lib/style-skills/ink-wash/SKILL.md#167(+2)	N
ink-wash	cues.mjs	4	活	doc(lib/style-skills/ink-wash/SKILL.md:137)	code:styles/ink-wash/demo/build.sh#14 ; doc:lib/style-skills/ink-wash/SKILL.md#137	N
ink-wash	face.js	97	活	doc(styles/ink-wash/DEMO.md:67)	code:styles/ink-wash/demo/climax.js#4,styles/ink-wash/demo/sheet.js#4,styles/ink-wash/demo/test.js#53 ; doc:styles/ink-wash/DEMO.md#67	N
ink-wash	film.js	14	活	doc(lib/style-skills/ink-wash/SKILL.md:183)	code:styles/ink-wash/demo/main.js#26 ; glob:film*.js(exact)#27,demo/film*.js(dir)#23,styles/*/demo/film.js(exact)#1 ; doc:lib/style-skills/ink-wash/SKILL.md#183,lib/style-skills/ink-wash/_distill.json#25,lib/style-skills/ink-wash/SKILL.md#36,lib/style-skills/ink-wash/SKILL.md#133(+3)	N
ink-wash	frames.js	69	活		code:styles/ink-wash/demo/test.js#2	N
ink-wash	glyph.js	73	活	doc(lib/style-dna/ink-wash.json:146)	code:styles/ink-wash/demo/climax.js#7,styles/ink-wash/demo/frames.js#5,styles/ink-wash/demo/test.js#1 ; doc:lib/style-dna/ink-wash.json#146,lib/style-dna/ink-wash.md#275,lib/style-dna/ink-wash.json#102,lib/style-dna/ink-wash.md#33(+6)	N
ink-wash	hero.js	322	活	doc(lib/style-dna/ink-wash.json:142)	code:styles/ink-wash/demo/climax.js#3,styles/ink-wash/demo/cross.js#3,styles/ink-wash/demo/frames.js#3(+7) ; doc:lib/style-dna/ink-wash.json#142,lib/style-dna/ink-wash.json#143,lib/style-dna/ink-wash.md#271,lib/style-dna/ink-wash.md#272(+11)	N
ink-wash	ink.js	209	活	doc(lib/style-dna/ink-wash.json:125)	code:styles/ink-wash/demo/climax.js#2,styles/ink-wash/demo/cross.js#2,styles/ink-wash/demo/face.js#3(+9) ; contract:lib/dub-visual.json#2058 ; doc:lib/style-dna/ink-wash.json#125,lib/style-dna/ink-wash.json#126,lib/style-dna/ink-wash.json#127,lib/style-dna/ink-wash.json#128(+21)	N
ink-wash	land.js	150	活	doc(lib/style-dna/ink-wash.json:144)	code:styles/ink-wash/demo/climax.js#6,styles/ink-wash/demo/cross.js#4,styles/ink-wash/demo/frames.js#10(+2) ; doc:lib/style-dna/ink-wash.json#144,lib/style-dna/ink-wash.md#273,lib/style-dna/ink-wash.json#102,lib/style-dna/ink-wash.md#30(+8)	N
ink-wash	main.js	51	活	doc(lib/style-dna/ink-wash.json:103)	code:styles/ink-wash/demo/index.html#6 ; doc:lib/style-dna/ink-wash.json#103,lib/style-skills/ink-wash/SKILL.md#43,lib/style-skills/ink-wash/SKILL.md#133,lib/style-skills/ink-wash/SKILL.md#167(+1)	N
ink-wash	mix.py	141	活	doc(lib/style-dna/ink-wash.json:139)	code:styles/ink-wash/demo/build.sh#10 ; orch:lemo-make.mjs:ORCH[mix.py] ; doc:lib/style-dna/ink-wash.json#139,lib/style-dna/ink-wash.json#140,lib/style-dna/ink-wash.md#268,lib/style-dna/ink-wash.md#269(+11) ; comment-only:styles/ink-wash/demo/shots.js#44	N
ink-wash	music/score.py	199	活	doc(lib/style-dna/ink-wash.json:141)	code:lemo-make.mjs#2214,lemo-make.mjs#2216,lemo-make.mjs#2219(+1) ; orch:lemo-make.mjs:ORCH[music/score.py] ; doc:lib/style-dna/ink-wash.json#141,lib/style-dna/ink-wash.md#270,lib/style-skills/ink-wash/SKILL.md#136,lib/style-skills/ink-wash/SKILL.md#150(+5) ; comment-only:lemo-make.mjs#1126,lemo-make.mjs#1821(+2)	N
ink-wash	passage.js	157	活	doc(lib/style-skills/ink-wash/SKILL.md:43)	code:styles/ink-wash/demo/shots.js#6 ; contract:lib/dub-visual.json#2056 ; doc:lib/style-skills/ink-wash/SKILL.md#43,lib/style-skills/ink-wash/SKILL.md#58,lib/style-skills/ink-wash/SKILL.md#133,lib/style-skills/ink-wash/SKILL.md#150(+3)	N
ink-wash	seal.js	32	活	doc(lib/style-dna/ink-wash.json:134)	code:styles/ink-wash/demo/passage.js#5,styles/ink-wash/demo/sheet.js#5,styles/ink-wash/demo/shots.js#8(+1) ; doc:lib/style-dna/ink-wash.json#134,lib/style-dna/ink-wash.md#263,lib/style-skills/ink-wash/SKILL.md#104,lib/style-skills/ink-wash/_distill.json#20(+2)	N
ink-wash	sheet.js	84	活		code:styles/ink-wash/demo/test.js#3 ; contract:lib/dub-visual.json#2057	N
ink-wash	shots.js	72	活	doc(lib/style-dna/ink-wash.json:136)	code:styles/ink-wash/demo/film.js#13 ; doc:lib/style-dna/ink-wash.json#136,lib/style-dna/ink-wash.json#137,lib/style-dna/ink-wash.json#138,lib/style-dna/ink-wash.md#265(+13) ; comment-only:styles/ink-wash/demo/film.js#1	N
ink-wash	story.js	32	活	doc(lib/style-dna/ink-wash.json:124)	code:styles/ink-wash/demo/climax.js#8,styles/ink-wash/demo/cross.js#6,styles/ink-wash/demo/cues.mjs#2(+4) ; contract:lib/dub-visual.json#2097 ; doc:lib/style-dna/ink-wash.json#124,lib/style-dna/ink-wash.md#253,lib/style-dna/ink-wash.json#101,lib/style-dna/ink-wash.md#180(+13) ; comment-only:styles/ink-wash/demo/cues.mjs#1	N
ink-wash	subs.js	21	活	doc(lib/style-dna/ink-wash.json:135)	code:styles/ink-wash/demo/frames.js#7,styles/ink-wash/demo/main.js#3 ; contract:lib/dub-visual.json#2137 ; doc:lib/style-dna/ink-wash.json#135,lib/style-dna/ink-wash.md#264,styles/ink-wash/DEMO.md#73,styles/ink-wash/STYLE.md#106	N
ink-wash	test.js	59	活		code:styles/ink-wash/demo/main.js#22	N
ink-wash	wave.js	69	活	doc(lib/style-dna/ink-wash.json:145)	code:styles/ink-wash/demo/climax.js#5,styles/ink-wash/demo/cross.js#5,styles/ink-wash/demo/frames.js#4 ; doc:lib/style-dna/ink-wash.json#145,lib/style-dna/ink-wash.md#274,lib/style-dna/ink-wash.json#102,lib/style-dna/ink-wash.md#186(+5)	N
ink-wash	world.js	161	活	doc(lib/style-skills/ink-wash/SKILL.md:43)	code:styles/ink-wash/demo/passage.js#6,styles/ink-wash/demo/shots.js#4 ; contract:lib/dub-visual.json#2151 ; doc:lib/style-skills/ink-wash/SKILL.md#43,lib/style-skills/ink-wash/SKILL.md#133,lib/style-skills/ink-wash/SKILL.md#150,lib/style-skills/ink-wash/SKILL.md#167(+2) ; comment-only:styles/ink-wash/demo/film.js#3	N
iso-infographic	build.sh	20	活	doc(lib/style-skills/iso-infographic/SKILL.md:14)	glob:styles/*/demo/build.sh(exact)#10 ; doc:lib/style-skills/iso-infographic/SKILL.md#14,lib/style-skills/iso-infographic/SKILL.md#133,lib/style-skills/iso-infographic/SKILL.md#148,lib/style-skills/iso-infographic/_distill.json#54(+3) ; comment-only:lemo-make.mjs#1363	N
iso-infographic	engine.js	409	活	doc(lib/style-dna/iso-infographic.json:125)	code:styles/iso-infographic/demo/film.js#3,styles/iso-infographic/demo/hero.js#3,styles/iso-infographic/demo/main.js#1(+3) ; contract:lib/dub-visual.json#2171 ; doc:lib/style-dna/iso-infographic.json#125,lib/style-dna/iso-infographic.json#126,lib/style-dna/iso-infographic.json#127,lib/style-dna/iso-infographic.json#128(+29) ; comment-only:styles/iso-infographic/demo/film.js#2,styles/iso-infographic/demo/world.js#1	N
iso-infographic	film.js	619	活	doc(lib/style-dna/iso-infographic.json:134)	code:styles/iso-infographic/demo/main.js#9 ; contract:lib/dub-visual.json#2235,lib/dub-visual.json#2254,lib/dub-visual.json#2257 ; glob:film*.js(exact)#28,demo/film*.js(dir)#23,styles/*/demo/film.js(exact)#1 ; doc:lib/style-dna/iso-infographic.json#134,lib/style-dna/iso-infographic.json#135,lib/style-dna/iso-infographic.json#136,lib/style-dna/iso-infographic.json#137(+17)	N
iso-infographic	hero.js	111	活	doc(lib/style-skills/iso-infographic/SKILL.md:158)	code:styles/iso-infographic/demo/film.js#5,styles/iso-infographic/demo/tests.js#2 ; doc:lib/style-skills/iso-infographic/SKILL.md#158,lib/style-skills/iso-infographic/SKILL.md#43,lib/style-skills/iso-infographic/SKILL.md#109,lib/style-skills/iso-infographic/SKILL.md#173(+2) ; comment-only:styles/iso-infographic/demo/engine.js#20,styles/iso-infographic/demo/film.js#2	N
iso-infographic	main.js	17	活	doc(lib/style-skills/iso-infographic/SKILL.md:43)	code:styles/iso-infographic/demo/index.html#8 ; doc:lib/style-skills/iso-infographic/SKILL.md#43	N
iso-infographic	mix.py	228	活	doc(lib/style-skills/iso-infographic/SKILL.md:142)	code:styles/iso-infographic/demo/build.sh#11 ; orch:lemo-make.mjs:ORCH[mix.py] ; doc:lib/style-skills/iso-infographic/SKILL.md#142,lib/style-skills/iso-infographic/SKILL.md#158,lib/style-dna/iso-infographic.json#99,lib/style-dna/iso-infographic.md#170(+3) ; comment-only:styles/iso-infographic/demo/film.js#599	N
iso-infographic	music/score.py	176	活	doc(lib/style-skills/iso-infographic/SKILL.md:142)	code:lemo-make.mjs#2214,lemo-make.mjs#2216,lemo-make.mjs#2219(+2) ; orch:lemo-make.mjs:ORCH[music/score.py] ; doc:lib/style-skills/iso-infographic/SKILL.md#142,lib/style-skills/iso-infographic/SKILL.md#158,styles/iso-infographic/DEMO.md#130 ; comment-only:lemo-make.mjs#1126,lemo-make.mjs#1821(+1)	N
iso-infographic	tests.js	26	活	doc(styles/iso-infographic/DEMO.md:131)	code:styles/iso-infographic/demo/main.js#13 ; doc:styles/iso-infographic/DEMO.md#131	N
iso-infographic	timeline.js	35	活	doc(lib/style-dna/iso-infographic.json:124)	code:styles/iso-infographic/demo/film.js#6,styles/iso-infographic/demo/music/score.py#4,styles/iso-infographic/demo/tools/subs.py#1 ; contract:lib/dub-visual.json#2197 ; doc:lib/style-dna/iso-infographic.json#124,lib/style-dna/iso-infographic.md#210,lib/style-dna/iso-infographic.json#96,lib/style-skills/iso-infographic/SKILL.md#154(+7)	N
iso-infographic	tools/cuecheck.py	22	活	doc(lib/style-skills/iso-infographic/SKILL.md:145)	code:lemo-make.mjs#575,styles/iso-infographic/demo/build.sh#10,styles/iso-infographic/demo/music/score.py#3 ; orch:lemo-make.mjs:ORCH[tools/cuecheck.py] ; doc:lib/style-skills/iso-infographic/SKILL.md#145,lib/style-skills/iso-infographic/SKILL.md#181,lib/style-skills/iso-infographic/_distill.json#29,lib/style-dna/iso-infographic.json#99(+3)	N
iso-infographic	tools/final_asr.py	16	活	doc(lib/style-skills/iso-infographic/SKILL.md:146)	code:lemo-make.mjs#576,styles/iso-infographic/demo/build.sh#15 ; orch:lemo-make.mjs:ORCH[tools/final_asr.py] ; doc:lib/style-skills/iso-infographic/SKILL.md#146,lib/style-skills/iso-infographic/SKILL.md#181,lib/style-skills/iso-infographic/_distill.json#29,styles/iso-infographic/DEMO.md#131	N
iso-infographic	tools/review.sh	9	已声明入口	doc(styles/iso-infographic/DEMO.md:136)	doc:styles/iso-infographic/DEMO.md#136,styles/iso-infographic/DEMO.md#131	N
iso-infographic	tools/subs.py	10	活	doc(lib/style-skills/iso-infographic/SKILL.md:188)	code:lemo-make.mjs#2066,styles/iso-infographic/demo/build.sh#12 ; orch:lemo-make.mjs:ORCH[tools/subs.py] ; doc:lib/style-skills/iso-infographic/SKILL.md#188,lib/style-skills/iso-infographic/SKILL.md#143,styles/iso-infographic/DEMO.md#131 ; comment-only:lemo-make.mjs#2018,lemo-make.mjs#2030	N
iso-infographic	world.js	454	活	doc(lib/style-skills/iso-infographic/SKILL.md:158)	code:styles/iso-infographic/demo/film.js#4 ; doc:lib/style-skills/iso-infographic/SKILL.md#158,lib/style-skills/iso-infographic/SKILL.md#43,lib/style-skills/iso-infographic/SKILL.md#109,lib/style-skills/iso-infographic/SKILL.md#173(+2) ; comment-only:styles/iso-infographic/demo/engine.js#20,styles/iso-infographic/demo/film.js#2	N
living-screencast	build.sh	19	活	doc(lib/style-dna/living-screencast.md:176)	glob:styles/*/demo/build.sh(exact)#10 ; doc:lib/style-dna/living-screencast.md#176,lib/style-skills/living-screencast/SKILL.md#14,lib/style-skills/living-screencast/SKILL.md#130,lib/style-skills/living-screencast/SKILL.md#144(+7) ; comment-only:lemo-make.mjs#1363	N
living-screencast	clawd.js	71	活	doc(lib/style-dna/living-screencast.json:133)	code:styles/living-screencast/demo/film.js#4,styles/living-screencast/demo/main.js#3,styles/living-screencast/demo/ui.js#2 ; contract:lib/dub-visual.json#2275 ; doc:lib/style-dna/living-screencast.json#133,lib/style-dna/living-screencast.json#134,lib/style-dna/living-screencast.json#135,lib/style-dna/living-screencast.md#215(+14)	N
living-screencast	film.js	464	活	doc(lib/style-dna/living-screencast.json:123)	code:styles/living-screencast/demo/main.js#4 ; contract:lib/dub-visual.json#2309,lib/dub-visual.json#2363 ; glob:film*.js(exact)#28,demo/film*.js(dir)#23,styles/*/demo/film.js(exact)#1 ; doc:lib/style-dna/living-screencast.json#123,lib/style-dna/living-screencast.json#124,lib/style-dna/living-screencast.json#125,lib/style-dna/living-screencast.json#126(+34)	N
living-screencast	main.js	159	活	doc(lib/style-dna/living-screencast.json:136)	code:styles/living-screencast/demo/index.html#28,styles/living-screencast/demo/index.html#29,styles/living-screencast/demo/index.html#163(+1) ; contract:lib/dub-visual.json#2314,lib/dub-visual.json#2382 ; doc:lib/style-dna/living-screencast.json#136,lib/style-dna/living-screencast.json#137,lib/style-dna/living-screencast.json#138,lib/style-dna/living-screencast.json#139(+23) ; comment-only:styles/living-screencast/demo/film.js#8	N
living-screencast	sound.py	217	活	doc(lib/style-dna/living-screencast.json:142)	code:styles/living-screencast/demo/build.sh#12 ; orch:lemo-make.mjs:ORCH[sound.py] ; doc:lib/style-dna/living-screencast.json#142,lib/style-dna/living-screencast.json#143,lib/style-dna/living-screencast.json#144,lib/style-dna/living-screencast.json#145(+15)	N
living-screencast	tools/asr_check.py	20	活	doc(lib/style-skills/living-screencast/SKILL.md:139)	code:styles/living-screencast/demo/build.sh#9 ; doc:lib/style-skills/living-screencast/SKILL.md#139,styles/living-screencast/DEMO.md#99	N
living-screencast	tools/mixcheck.py	15	已声明入口	doc(lib/style-skills/living-screencast/SKILL.md:142)	doc:lib/style-skills/living-screencast/SKILL.md#142,styles/living-screencast/DEMO.md#99	N
living-screencast	tools/subs.mjs	9	活	doc(lib/style-skills/living-screencast/SKILL.md:140)	code:lemo-make.mjs#2066,styles/living-screencast/demo/build.sh#15 ; orch:lemo-make.mjs:ORCH[tools/subs.mjs] ; doc:lib/style-skills/living-screencast/SKILL.md#140,lib/style-skills/living-screencast/SKILL.md#185,styles/living-screencast/DEMO.md#99 ; comment-only:lemo-make.mjs#929,lemo-make.mjs#1984	N
living-screencast	tools/vo_try.py	20	自述入口	self-header(usage)	self-header(usage)；全库文档零提及、无代码/数据引用	N
living-screencast	ui.js	152	活	doc(lib/style-dna/living-screencast.json:140)	code:styles/living-screencast/demo/film.js#3,styles/living-screencast/demo/main.js#2 ; contract:lib/dub-visual.json#2274 ; doc:lib/style-dna/living-screencast.json#140,lib/style-dna/living-screencast.json#141,lib/style-dna/living-screencast.md#222,lib/style-dna/living-screencast.md#223(+8)	N
lowpoly-island	build.sh	15	活	doc(lib/style-skills/lowpoly-island/SKILL.md:14)	glob:styles/*/demo/build.sh(exact)#10 ; doc:lib/style-skills/lowpoly-island/SKILL.md#14,lib/style-skills/lowpoly-island/SKILL.md#128,lib/style-skills/lowpoly-island/SKILL.md#141,lib/style-skills/lowpoly-island/_distill.json#59(+5) ; comment-only:lemo-make.mjs#1363	N
lowpoly-island	film.js	13	活	doc(lib/style-skills/lowpoly-island/SKILL.md:36)	code:styles/lowpoly-island/demo/main.js#8 ; glob:film*.js(exact)#28,demo/film*.js(dir)#22,styles/*/demo/film.js(exact)#1 ; doc:lib/style-skills/lowpoly-island/SKILL.md#36,lib/style-skills/lowpoly-island/SKILL.md#43,lib/style-skills/lowpoly-island/SKILL.md#134,lib/style-skills/lowpoly-island/SKILL.md#161(+2)	N
lowpoly-island	main.js	220	活	doc(lib/style-dna/lowpoly-island.json:159)	code:styles/lowpoly-island/demo/index.html#7 ; contract:lib/dub-visual.json#2404,lib/dub-visual.json#2479,lib/dub-visual.json#2496 ; doc:lib/style-dna/lowpoly-island.json#159,lib/style-dna/lowpoly-island.json#160,lib/style-dna/lowpoly-island.json#161,lib/style-dna/lowpoly-island.json#162(+47) ; comment-only:styles/lowpoly-island/demo/film.js#2	N
lowpoly-island	mix.py	146	活	doc(lib/style-dna/lowpoly-island.md:220)	code:styles/lowpoly-island/demo/build.sh#11 ; orch:lemo-make.mjs:ORCH[mix.py] ; doc:lib/style-dna/lowpoly-island.md#220,lib/style-dna/lowpoly-island.md#228,lib/style-skills/lowpoly-island/SKILL.md#137,styles/lowpoly-island/DEMO.md#42(+3) ; comment-only:styles/lowpoly-island/demo/main.js#195	N
lowpoly-island	music/check.py	161	活	doc(lib/style-skills/lowpoly-island/SKILL.md:137)	code:styles/lowpoly-island/demo/build.sh#10,styles/lowpoly-island/demo/music/score.py#12 ; doc:lib/style-skills/lowpoly-island/SKILL.md#137,styles/lowpoly-island/DEMO.md#79,styles/lowpoly-island/STYLE.md#98,lib/style-dna/lowpoly-island.json#96(+4)	N
lowpoly-island	music/score.py	664	活	doc(lib/style-dna/lowpoly-island.md:219)	code:lemo-make.mjs#2214,lemo-make.mjs#2216,lemo-make.mjs#2219(+1) ; orch:lemo-make.mjs:ORCH[music/score.py] ; doc:lib/style-dna/lowpoly-island.md#219,lib/style-skills/lowpoly-island/SKILL.md#95,lib/style-skills/lowpoly-island/SKILL.md#137,lib/style-skills/lowpoly-island/SKILL.md#153(+6) ; comment-only:lemo-make.mjs#1126,lemo-make.mjs#1821(+1)	N
lowpoly-island	post.js	118	活	doc(lib/style-dna/lowpoly-island.json:150)	code:styles/lowpoly-island/demo/main.js#5 ; doc:lib/style-dna/lowpoly-island.json#150,lib/style-dna/lowpoly-island.json#151,lib/style-dna/lowpoly-island.json#152,lib/style-dna/lowpoly-island.json#153(+24)	N
lowpoly-island	sea.js	84	活	doc(lib/style-dna/lowpoly-island.json:145)	code:styles/lowpoly-island/demo/main.js#6,styles/lowpoly-island/demo/world.js#5 ; contract:lib/dub-visual.json#2403 ; doc:lib/style-dna/lowpoly-island.json#145,lib/style-dna/lowpoly-island.json#146,lib/style-dna/lowpoly-island.json#147,lib/style-dna/lowpoly-island.json#148(+14)	N
lowpoly-island	story.js	85	活	doc(lib/style-dna/lowpoly-island.json:115)	code:styles/lowpoly-island/demo/main.js#4,styles/lowpoly-island/demo/world.js#4 ; contract:lib/dub-visual.json#2442,lib/dub-visual.json#2493,lib/dub-visual.json#2495 ; doc:lib/style-dna/lowpoly-island.json#115,lib/style-dna/lowpoly-island.json#116,lib/style-dna/lowpoly-island.json#117,lib/style-dna/lowpoly-island.json#118(+24)	N
lowpoly-island	subs.py	15	活	doc(lib/style-dna/lowpoly-island.md:220)	code:styles/lowpoly-island/demo/build.sh#12 ; orch:lemo-make.mjs:ORCH[subs.py] ; doc:lib/style-dna/lowpoly-island.md#220,lib/style-skills/lowpoly-island/SKILL.md#138,styles/lowpoly-island/DEMO.md#73	N
lowpoly-island	world.js	497	活	doc(lib/style-dna/lowpoly-island.json:121)	code:styles/lowpoly-island/demo/main.js#7 ; contract:lib/dub-visual.json#2402 ; doc:lib/style-dna/lowpoly-island.json#121,lib/style-dna/lowpoly-island.json#122,lib/style-dna/lowpoly-island.json#123,lib/style-dna/lowpoly-island.json#124(+61)	N
microgame	build.sh	22	活	doc(lib/style-skills/microgame/SKILL.md:14)	glob:styles/*/demo/build.sh(exact)#10 ; doc:lib/style-skills/microgame/SKILL.md#14,lib/style-skills/microgame/SKILL.md#134,lib/style-skills/microgame/SKILL.md#147,lib/style-skills/microgame/_distill.json#64(+3) ; comment-only:lemo-make.mjs#1363	N
microgame	chars.js	298	活	doc(styles/microgame/STYLE.md:106)	code:styles/microgame/demo/film.js#3,styles/microgame/demo/frames.js#3,styles/microgame/demo/g_boss.js#11(+2) ; contract:lib/dub-visual.json#2513 ; doc:styles/microgame/STYLE.md#106,lib/style-dna/microgame.md#212,lib/style-skills/microgame/SKILL.md#159,lib/style-skills/microgame/SKILL.md#222(+1)	N
microgame	film.js	279	活	doc(lib/style-dna/microgame.json:134)	code:styles/microgame/demo/main.js#8,styles/microgame/demo/index.html#8,styles/microgame/demo/tools/subs.py#1 ; contract:lib/dub-visual.json#2592,lib/dub-visual.json#2626,lib/dub-visual.json#2628 ; glob:film*.js(exact)#28,demo/film*.js(dir)#22,styles/*/demo/film.js(exact)#1 ; doc:lib/style-dna/microgame.json#134,lib/style-dna/microgame.json#135,lib/style-dna/microgame.json#136,lib/style-dna/microgame.json#137(+36) ; comment-only:styles/microgame/demo/main.js#10	N
microgame	frames.js	143	活	doc(lib/style-dna/microgame.md:215)	contract:lib/dub-visual.json#2514 ; doc:lib/style-dna/microgame.md#215,lib/style-skills/microgame/SKILL.md#222,styles/microgame/DEMO.md#101	N
microgame	glpass.js	171	活	doc(styles/microgame/STYLE.md:106)	code:styles/microgame/demo/film.js#6,styles/microgame/demo/frames.js#6,styles/microgame/demo/g_ascii.js#2(+5) ; doc:styles/microgame/STYLE.md#106,lib/style-dna/microgame.md#213,lib/style-skills/microgame/SKILL.md#182,lib/style-skills/microgame/SKILL.md#222(+2)	N
microgame	g_ascii.js	173	活	doc(lib/style-dna/microgame.json:94)	code:styles/microgame/demo/film.js#10,styles/microgame/demo/frames.js#9,styles/microgame/demo/g_boss.js#7 ; glob:g_*.js(exact)#3 ; doc:lib/style-dna/microgame.json#94,lib/style-dna/microgame.md#184,lib/style-dna/microgame.md#214,styles/microgame/DEMO.md#100	N
microgame	g_blue.js	140	活	doc(lib/style-dna/microgame.json:94)	code:styles/microgame/demo/film.js#13,styles/microgame/demo/frames.js#12,styles/microgame/demo/g_boss.js#9 ; glob:g_*.js(exact)#3 ; doc:lib/style-dna/microgame.json#94,lib/style-dna/microgame.md#184,lib/style-dna/microgame.md#214,styles/microgame/DEMO.md#100	N
microgame	g_boss.js	314	活	doc(lib/style-dna/microgame.json:94)	code:styles/microgame/demo/film.js#15,styles/microgame/demo/frames.js#14 ; glob:g_*.js(exact)#3 ; doc:lib/style-dna/microgame.json#94,lib/style-dna/microgame.md#184,lib/style-dna/microgame.md#214,styles/microgame/DEMO.md#100	N
microgame	g_crayon.js	178	活	doc(lib/style-dna/microgame.json:94)	code:styles/microgame/demo/film.js#8,styles/microgame/demo/frames.js#7,styles/microgame/demo/g_boss.js#5 ; glob:g_*.js(exact)#3 ; doc:lib/style-dna/microgame.json#94,lib/style-dna/microgame.md#184,lib/style-dna/microgame.md#214,styles/microgame/DEMO.md#100	N
microgame	g_ink.js	216	活	doc(lib/style-dna/microgame.json:94)	code:styles/microgame/demo/film.js#9,styles/microgame/demo/frames.js#8,styles/microgame/demo/g_boss.js#6 ; glob:g_*.js(exact)#3 ; doc:lib/style-dna/microgame.json#94,lib/style-dna/microgame.md#184,lib/style-dna/microgame.md#214,styles/microgame/DEMO.md#100	N
microgame	g_pixel.js	155	活	doc(lib/style-dna/microgame.json:94)	code:styles/microgame/demo/film.js#12,styles/microgame/demo/frames.js#11,styles/microgame/demo/g_boss.js#8 ; glob:g_*.js(exact)#3 ; doc:lib/style-dna/microgame.json#94,lib/style-dna/microgame.md#184,lib/style-dna/microgame.md#214,styles/microgame/DEMO.md#100	N
microgame	g_riso.js	127	活	doc(lib/style-dna/microgame.json:94)	code:styles/microgame/demo/film.js#11,styles/microgame/demo/frames.js#10,styles/microgame/demo/g_boss.js#4 ; glob:g_*.js(exact)#3 ; doc:lib/style-dna/microgame.json#94,lib/style-dna/microgame.md#184,lib/style-dna/microgame.md#214,styles/microgame/DEMO.md#100	N
microgame	g_swiss.js	108	活	doc(lib/style-dna/microgame.json:94)	code:styles/microgame/demo/film.js#14,styles/microgame/demo/frames.js#13,styles/microgame/demo/g_boss.js#10 ; glob:g_*.js(exact)#3 ; doc:lib/style-dna/microgame.json#94,lib/style-dna/microgame.md#184,lib/style-dna/microgame.md#214,styles/microgame/DEMO.md#100	N
microgame	hud.js	152	活	doc(styles/microgame/STYLE.md:106)	code:styles/microgame/demo/film.js#5,styles/microgame/demo/frames.js#5,styles/microgame/demo/g_boss.js#12(+1) ; contract:lib/dub-visual.json#2607 ; doc:styles/microgame/STYLE.md#106,lib/style-dna/microgame.md#212,lib/style-skills/microgame/SKILL.md#159,lib/style-skills/microgame/SKILL.md#222(+1)	N
microgame	main.js	50	活	doc(lib/style-dna/microgame.json:160)	code:styles/microgame/demo/index.html#8,styles/microgame/demo/index.html#40 ; contract:lib/dub-visual.json#2552 ; doc:lib/style-dna/microgame.json#160,lib/style-dna/microgame.json#161,lib/style-dna/microgame.json#162,lib/style-dna/microgame.md#292(+5)	N
microgame	mix.py	249	活	doc(lib/style-dna/microgame.md:203)	code:styles/microgame/demo/build.sh#13 ; orch:lemo-make.mjs:ORCH[mix.py] ; doc:lib/style-dna/microgame.md#203,lib/style-dna/microgame.md#215,lib/style-skills/microgame/SKILL.md#143,lib/style-skills/microgame/_distill.json#13(+1)	N
microgame	music/score.py	460	活	doc(lib/style-dna/microgame.md:215)	code:lemo-make.mjs#2214,lemo-make.mjs#2216,lemo-make.mjs#2219(+2) ; orch:lemo-make.mjs:ORCH[music/score.py] ; doc:lib/style-dna/microgame.md#215,lib/style-skills/microgame/SKILL.md#143,lib/style-skills/microgame/SKILL.md#159,styles/microgame/DEMO.md#101(+1) ; comment-only:lemo-make.mjs#1126,lemo-make.mjs#1821(+1)	N
microgame	stage.js	139	活	doc(lib/style-dna/microgame.json:149)	code:styles/microgame/demo/film.js#4,styles/microgame/demo/frames.js#4 ; doc:lib/style-dna/microgame.json#149,lib/style-dna/microgame.json#150,lib/style-dna/microgame.json#151,lib/style-dna/microgame.json#152(+24)	N
microgame	timeline.js	42	活	doc(lib/style-dna/microgame.json:123)	code:styles/microgame/demo/film.js#7,styles/microgame/demo/tools/dump_timeline.mjs#2 ; doc:lib/style-dna/microgame.json#123,lib/style-dna/microgame.json#124,lib/style-dna/microgame.json#125,lib/style-dna/microgame.json#126(+25)	N
microgame	tools/cuecheck.py	24	活	doc(lib/style-dna/microgame.md:224)	code:lemo-make.mjs#575,styles/microgame/demo/build.sh#12 ; orch:lemo-make.mjs:ORCH[tools/cuecheck.py] ; doc:lib/style-dna/microgame.md#224,lib/style-skills/microgame/SKILL.md#143,styles/microgame/DEMO.md#54,lib/style-dna/microgame.md#216(+2)	N
microgame	tools/dump_timeline.mjs	7	活	doc(lib/style-skills/microgame/SKILL.md:146)	code:styles/microgame/demo/build.sh#6 ; orch:lemo-make.mjs:ORCH[tools/dump_timeline.mjs] ; doc:lib/style-skills/microgame/SKILL.md#146,lib/style-dna/microgame.md#216,styles/microgame/DEMO.md#102	N
microgame	tools/final_asr.py	21	活	doc(lib/style-dna/microgame.md:216)	code:lemo-make.mjs#576,styles/microgame/demo/build.sh#17 ; orch:lemo-make.mjs:ORCH[tools/final_asr.py] ; doc:lib/style-dna/microgame.md#216,styles/microgame/DEMO.md#102	N
microgame	tools/mux.sh	148	活	doc(lib/style-skills/microgame/SKILL.md:104)	code:styles/microgame/demo/build.sh#16 ; orch:lemo-make.mjs:ORCH[tools/mux.sh] ; glob:styles/*/demo/mux.sh(dir)#3,styles/*/demo/tools/mux.sh(exact)#2,tools/*.sh(exact)#1 ; doc:lib/style-skills/microgame/SKILL.md#104,lib/style-skills/microgame/SKILL.md#141,lib/style-skills/microgame/SKILL.md#171,lib/style-skills/microgame/_distill.json#13(+10) ; comment-only:lemo-make.mjs#1491,lemo-make.mjs#2854	N
microgame	tools/review.sh	8	已声明入口	doc(styles/microgame/DEMO.md:107)	doc:styles/microgame/DEMO.md#107,styles/microgame/DEMO.md#121,lib/style-dna/microgame.md#216,styles/microgame/DEMO.md#102	N
microgame	tools/subs.py	13	活	doc(lib/style-skills/microgame/SKILL.md:144)	code:lemo-make.mjs#2066,styles/microgame/demo/build.sh#14 ; orch:lemo-make.mjs:ORCH[tools/subs.py] ; doc:lib/style-skills/microgame/SKILL.md#144,lib/style-dna/microgame.md#216,styles/microgame/DEMO.md#102 ; comment-only:lemo-make.mjs#2018,lemo-make.mjs#2030	N
microgame	tools/trim_cmd.py	22	活	doc(lib/style-skills/microgame/SKILL.md:143)	code:styles/microgame/demo/build.sh#8 ; orch:lemo-make.mjs:ORCH[tools/trim_cmd.py] ; doc:lib/style-skills/microgame/SKILL.md#143,lib/style-skills/microgame/SKILL.md#183,lib/style-skills/microgame/_distill.json#29,styles/microgame/DEMO.md#59(+2) ; comment-only:lemo-make.mjs#2426,lemo-make.mjs#2444	N
microgame	toon.js	77	活	doc(lib/style-dna/microgame.json:129)	code:styles/microgame/demo/chars.js#2,styles/microgame/demo/film.js#2,styles/microgame/demo/frames.js#2(+4) ; doc:lib/style-dna/microgame.json#129,lib/style-dna/microgame.json#130,lib/style-dna/microgame.json#131,lib/style-dna/microgame.json#132(+13)	N
midcentury-toon	build.sh	22	活	doc(lib/style-dna/midcentury-toon.json:138)	glob:styles/*/demo/build.sh(exact)#10 ; doc:lib/style-dna/midcentury-toon.json#138,lib/style-dna/midcentury-toon.md#247,lib/style-dna/midcentury-toon.md#301,lib/style-skills/midcentury-toon/SKILL.md#14(+11) ; comment-only:test/slot.test.mjs#14,lemo-make.mjs#1363	N
midcentury-toon	engine/chars.js	256	活	doc(lib/style-dna/midcentury-toon.json:100)	code:styles/midcentury-toon/demo/film.js#6,styles/midcentury-toon/demo/sheet.js#3 ; glob:styles/*/demo/**/*.js(exact)#1,engine/*.js(exact)#1 ; doc:lib/style-dna/midcentury-toon.json#100,lib/style-dna/midcentury-toon.md#201,lib/style-skills/midcentury-toon/SKILL.md#157,styles/midcentury-toon/DEMO.md#153(+2)	N
midcentury-toon	engine/icons.js	73	活	doc(lib/style-dna/midcentury-toon.json:100)	code:styles/midcentury-toon/demo/film.js#7 ; glob:styles/*/demo/**/*.js(exact)#1,engine/*.js(exact)#1 ; doc:lib/style-dna/midcentury-toon.json#100,lib/style-dna/midcentury-toon.md#202,lib/style-skills/midcentury-toon/SKILL.md#157,styles/midcentury-toon/DEMO.md#153(+1)	N
midcentury-toon	engine/toon.js	321	活	doc(lib/style-dna/midcentury-toon.json:100)	code:styles/midcentury-toon/demo/engine/chars.js#4,styles/midcentury-toon/demo/engine/icons.js#4,styles/midcentury-toon/demo/film.js#5(+2) ; contract:lib/dub-visual.json#2646 ; glob:styles/*/demo/**/*.js(exact)#1,engine/*.js(exact)#1 ; doc:lib/style-dna/midcentury-toon.json#100,lib/style-dna/midcentury-toon.md#200,lib/style-skills/midcentury-toon/SKILL.md#157,styles/midcentury-toon/DEMO.md#153(+2)	N
midcentury-toon	film.js	923	活	doc(lib/style-dna/midcentury-toon.json:122)	code:styles/midcentury-toon/demo/main.js#12,styles/midcentury-toon/demo/tools/cues.mjs#4 ; contract:lib/dub-visual.json#2715,lib/dub-visual.json#2734 ; glob:film*.js(exact)#28,demo/film*.js(dir)#23,styles/*/demo/film.js(exact)#1 ; doc:lib/style-dna/midcentury-toon.json#122,lib/style-dna/midcentury-toon.json#123,lib/style-dna/midcentury-toon.json#124,lib/style-dna/midcentury-toon.json#125(+33)	N
midcentury-toon	main.js	21	活	doc(lib/style-dna/midcentury-toon.json:101)	code:styles/midcentury-toon/demo/index.html#6 ; contract:lib/dub-visual.json#2677 ; doc:lib/style-dna/midcentury-toon.json#101,lib/style-dna/midcentury-toon.md#210,lib/style-skills/midcentury-toon/SKILL.md#156,lib/style-skills/midcentury-toon/SKILL.md#167	N
midcentury-toon	mix.py	156	活	doc(lib/style-dna/midcentury-toon.json:133)	code:styles/midcentury-toon/demo/build.sh#15 ; orch:lemo-make.mjs:ORCH[mix.py] ; doc:lib/style-dna/midcentury-toon.json#133,lib/style-dna/midcentury-toon.json#134,lib/style-dna/midcentury-toon.json#135,lib/style-dna/midcentury-toon.md#296(+11)	N
midcentury-toon	music/score.py	413	活	doc(lib/style-dna/midcentury-toon.json:136)	code:lemo-make.mjs#2214,lemo-make.mjs#2216,lemo-make.mjs#2219(+3) ; orch:lemo-make.mjs:ORCH[music/score.py] ; doc:lib/style-dna/midcentury-toon.json#136,lib/style-dna/midcentury-toon.json#137,lib/style-dna/midcentury-toon.md#299,lib/style-dna/midcentury-toon.md#300(+4) ; comment-only:lemo-make.mjs#1126,lemo-make.mjs#1821(+1)	N
midcentury-toon	sheet.js	61	活		code:styles/midcentury-toon/demo/main.js#17	N
midcentury-toon	tools/cuecheck.py	19	活	doc(lib/style-dna/midcentury-toon.md:254)	code:lemo-make.mjs#575,styles/midcentury-toon/demo/build.sh#14 ; orch:lemo-make.mjs:ORCH[tools/cuecheck.py] ; doc:lib/style-dna/midcentury-toon.md#254,lib/style-skills/midcentury-toon/SKILL.md#72,lib/style-skills/midcentury-toon/SKILL.md#142,styles/midcentury-toon/DEMO.md#55(+4)	N
midcentury-toon	tools/cues.mjs	9	活	doc(lib/style-dna/midcentury-toon.json:140)	code:lemo-make.mjs#2067,styles/midcentury-toon/demo/build.sh#16 ; doc:lib/style-dna/midcentury-toon.json#140,lib/style-dna/midcentury-toon.md#303,lib/style-dna/midcentury-toon.json#101,lib/style-dna/midcentury-toon.md#211(+6) ; comment-only:lemo-make.mjs#2021	N
midcentury-toon	tools/lines.py	9	活	doc(lib/style-dna/midcentury-toon.json:139)	code:styles/midcentury-toon/demo/build.sh#9 ; doc:lib/style-dna/midcentury-toon.json#139,lib/style-dna/midcentury-toon.md#302,styles/midcentury-toon/DEMO.md#90,styles/midcentury-toon/DEMO.md#100(+2)	N
one-line	build.sh	18	活	doc(lib/style-dna/one-line.md:219)	glob:styles/*/demo/build.sh(exact)#10 ; doc:lib/style-dna/one-line.md#219,lib/style-skills/one-line/SKILL.md#14,lib/style-skills/one-line/SKILL.md#123,lib/style-skills/one-line/SKILL.md#136(+5) ; comment-only:lemo-make.mjs#1363	N
one-line	cam.js	51	活	doc(lib/style-dna/one-line.json:163)	code:styles/one-line/demo/film.js#10 ; doc:lib/style-dna/one-line.json#163,lib/style-dna/one-line.json#164,lib/style-dna/one-line.json#165,lib/style-dna/one-line.json#166(+17) ; comment-only:styles/one-line/demo/film.js#27,styles/one-line/demo/frame.js#6	N
one-line	cues_export.py	10	活	doc(lib/style-skills/one-line/SKILL.md:133)	code:styles/one-line/demo/build.sh#13 ; orch:lemo-make.mjs:ORCH[cues_export.py] ; doc:lib/style-skills/one-line/SKILL.md#133	N
one-line	face.js	132	活	doc(lib/style-dna/one-line.json:146)	code:styles/one-line/demo/film.js#5 ; doc:lib/style-dna/one-line.json#146,lib/style-dna/one-line.json#147,lib/style-dna/one-line.json#148,lib/style-dna/one-line.json#149(+41)	N
one-line	film.js	124	活	doc(lib/style-skills/one-line/_distill.json:21)	code:styles/one-line/demo/main.js#3 ; glob:film*.js(exact)#28,demo/film*.js(dir)#23,styles/*/demo/film.js(exact)#1 ; doc:lib/style-skills/one-line/_distill.json#21,lib/style-skills/one-line/_distill.json#34,lib/style-skills/one-line/SKILL.md#36,lib/style-skills/one-line/SKILL.md#39(+4) ; comment-only:styles/one-line/demo/main.js#2	N
one-line	frame.js	10	活	doc(lib/style-skills/one-line/SKILL.md:36)	code:styles/one-line/demo/cam.js#4,styles/one-line/demo/film.js#13,styles/one-line/demo/subs.js#4 ; doc:lib/style-skills/one-line/SKILL.md#36,lib/style-skills/one-line/SKILL.md#43,lib/style-skills/one-line/SKILL.md#129,lib/style-skills/one-line/SKILL.md#155 ; comment-only:styles/one-line/demo/film.js#26	N
one-line	geom.js	130	活	doc(lib/style-dna/one-line.json:99)	code:styles/one-line/demo/cam.js#3,styles/one-line/demo/film.js#4 ; doc:lib/style-dna/one-line.json#99,lib/style-dna/one-line.md#187,lib/style-dna/one-line.md#209,lib/style-skills/one-line/SKILL.md#145(+3)	N
one-line	hands.js	52	活	doc(lib/style-dna/one-line.md:212)	code:styles/one-line/demo/film.js#12 ; contract:lib/dub-visual.json#2754 ; doc:lib/style-dna/one-line.md#212,styles/one-line/DEMO.md#113,styles/one-line/STYLE.md#100	N
one-line	ink.js	187	活	doc(lib/style-dna/one-line.json:133)	code:styles/one-line/demo/film.js#6 ; contract:lib/dub-visual.json#2755 ; doc:lib/style-dna/one-line.json#133,lib/style-dna/one-line.json#134,lib/style-dna/one-line.json#135,lib/style-dna/one-line.json#136(+38)	N
one-line	main.js	19	活	doc(lib/style-dna/one-line.json:158)	code:styles/one-line/demo/index.html#9 ; contract:lib/dub-visual.json#2846 ; doc:lib/style-dna/one-line.json#158,lib/style-dna/one-line.json#159,lib/style-dna/one-line.json#160,lib/style-dna/one-line.json#161(+16) ; comment-only:styles/one-line/demo/film.js#3	N
one-line	mix.py	106	活	doc(lib/style-skills/one-line/SKILL.md:132)	code:styles/one-line/demo/build.sh#10 ; orch:lemo-make.mjs:ORCH[mix.py] ; doc:lib/style-skills/one-line/SKILL.md#132,lib/style-dna/one-line.md#215,lib/style-dna/one-line.md#223,lib/style-skills/one-line/SKILL.md#147(+3)	N
one-line	music/score.py	80	活	doc(lib/style-skills/one-line/SKILL.md:132)	code:lemo-make.mjs#2214,lemo-make.mjs#2216,lemo-make.mjs#2219(+1) ; orch:lemo-make.mjs:ORCH[music/score.py] ; doc:lib/style-skills/one-line/SKILL.md#132,lib/style-dna/one-line.md#215,lib/style-skills/one-line/SKILL.md#147,styles/one-line/DEMO.md#116(+3) ; comment-only:lemo-make.mjs#1126,lemo-make.mjs#1821(+1)	N
one-line	paper.js	94	活	doc(lib/style-dna/one-line.md:211)	code:styles/one-line/demo/film.js#7 ; doc:lib/style-dna/one-line.md#211,lib/style-skills/one-line/SKILL.md#147,styles/one-line/DEMO.md#112,styles/one-line/STYLE.md#100	N
one-line	shots.js	33	活	doc(lib/style-dna/one-line.json:167)	code:styles/one-line/demo/film.js#11 ; doc:lib/style-dna/one-line.json#167,lib/style-dna/one-line.md#298,lib/style-skills/one-line/_distill.json#58,lib/style-dna/one-line.md#212(+3)	N
one-line	story.js	14	活	doc(lib/style-dna/one-line.json:132)	code:styles/one-line/demo/film.js#8,styles/one-line/demo/cues_export.py#4 ; contract:lib/dub-visual.json#2787,lib/dub-visual.json#2792 ; doc:lib/style-dna/one-line.json#132,lib/style-dna/one-line.md#263,lib/style-skills/one-line/_distill.json#57,lib/style-dna/one-line.json#97(+11) ; comment-only:styles/one-line/demo/cues_export.py#1	N
one-line	subs.js	52	活	doc(lib/style-dna/one-line.md:214)	code:styles/one-line/demo/film.js#9 ; contract:lib/dub-visual.json#2830,lib/dub-visual.json#2847 ; doc:lib/style-dna/one-line.md#214,lib/style-skills/one-line/SKILL.md#43,lib/style-skills/one-line/SKILL.md#129,lib/style-skills/one-line/SKILL.md#147(+6)	N
one-line	tools/probe.mjs	23	已声明入口	doc(styles/one-line/DEMO.md:121)	doc:styles/one-line/DEMO.md#121,lib/style-dna/one-line.md#222	N
paper-lantern	asr.py	10	已声明入口	doc(lib/style-skills/paper-lantern/SKILL.md:160)	doc:lib/style-skills/paper-lantern/SKILL.md#160,styles/paper-lantern/DEMO.md#52,lib/style-dna/paper-lantern.md#202,lib/style-dna/paper-lantern.md#214(+2)	N
paper-lantern	build.sh	38	活	doc(lib/style-skills/paper-lantern/SKILL.md:17)	glob:styles/*/demo/build.sh(exact)#10 ; doc:lib/style-skills/paper-lantern/SKILL.md#17,lib/style-skills/paper-lantern/SKILL.md#149,lib/style-skills/paper-lantern/SKILL.md#158,lib/style-skills/paper-lantern/SKILL.md#192(+9) ; comment-only:lemo-make.mjs#1363	N
paper-lantern	film.js	12	活	doc(lib/style-skills/paper-lantern/SKILL.md:38)	glob:film*.js(exact)#28,demo/film*.js(dir)#22,styles/*/demo/film.js(exact)#1 ; doc:lib/style-skills/paper-lantern/SKILL.md#38,lib/style-skills/paper-lantern/SKILL.md#156,lib/style-skills/paper-lantern/SKILL.md#190,lib/style-skills/paper-lantern/_distill.json#34(+1)	N
paper-lantern	mix.py	130	活	doc(lib/style-skills/paper-lantern/SKILL.md:175)	code:styles/paper-lantern/demo/build.sh#28,styles/paper-lantern/demo/tts/gen.py#15 ; orch:lemo-make.mjs:ORCH[mix.py] ; doc:lib/style-skills/paper-lantern/SKILL.md#175,lib/style-skills/paper-lantern/SKILL.md#202,lib/style-skills/paper-lantern/SKILL.md#216,lib/style-skills/paper-lantern/_distill.json#30(+26) ; comment-only:styles/paper-lantern/demo/build.sh#11	N
paper-lantern	render/browser.mjs	16	活	doc(lib/style-skills/paper-lantern/SKILL.md:211)	code:styles/paper-lantern/demo/render/page.mjs#5 ; doc:lib/style-skills/paper-lantern/SKILL.md#211,lib/style-skills/paper-lantern/_distill.json#40,styles/paper-lantern/DEMO.md#109	N
paper-lantern	render/cues.mjs	9	活	doc(lib/style-dna/paper-lantern.json:98)	code:styles/paper-lantern/demo/build.sh#25,styles/paper-lantern/demo/mix.py#2,styles/paper-lantern/demo/tts/gen.py#14(+1) ; orch:lemo-make.mjs:ORCH[render/cues.mjs] ; doc:lib/style-dna/paper-lantern.json#98,lib/style-dna/paper-lantern.md#188,lib/style-dna/paper-lantern.md#216,lib/style-dna/paper-lantern.md#222(+5) ; comment-only:lemo-make.mjs#1971	N
paper-lantern	render/page.mjs	22	活		code:styles/paper-lantern/demo/render/cues.mjs#3,styles/paper-lantern/demo/render/still.mjs#3,styles/paper-lantern/demo/render/video.mjs#3	N
paper-lantern	render/serve.mjs	13	活		code:styles/paper-lantern/demo/render/page.mjs#4	N
paper-lantern	render/still.mjs	15	已声明入口	doc(lib/style-dna/paper-lantern.md:207)	doc:lib/style-dna/paper-lantern.md#207,styles/paper-lantern/DEMO.md#122,styles/paper-lantern/DEMO.md#139	N
paper-lantern	render/video.mjs	39	活	doc(lib/style-dna/paper-lantern.md:218)	code:scripts/check-render-venc.mjs#305,scripts/patch-render-venc.mjs#211 ; doc:lib/style-dna/paper-lantern.md#218,lib/style-skills/paper-lantern/SKILL.md#154,styles/paper-lantern/DEMO.md#147,lib/style-dna/paper-lantern.md#207(+1)	N
paper-lantern	sheet.sh	8	已声明入口	doc(lib/style-skills/paper-lantern/SKILL.md:17)	doc:lib/style-skills/paper-lantern/SKILL.md#17,lib/style-skills/paper-lantern/SKILL.md#198,lib/style-skills/paper-lantern/_distill.json#26	N
paper-lantern	src/art.js	330	活	doc(lib/style-skills/paper-lantern/SKILL.md:175)	code:styles/paper-lantern/demo/src/people.js#3,styles/paper-lantern/demo/src/props.js#4,styles/paper-lantern/demo/src/shots/s01_night.js#3(+16) ; contract:lib/dub-visual.json#2866 ; doc:lib/style-skills/paper-lantern/SKILL.md#175,lib/style-skills/paper-lantern/_distill.json#29,lib/style-skills/paper-lantern/SKILL.md#125,lib/style-dna/paper-lantern.md#206(+4)	N
paper-lantern	src/lib.js	45	活	doc(lib/style-dna/paper-lantern.md:206)	code:styles/paper-lantern/demo/src/art.js#2,styles/paper-lantern/demo/src/main.js#6,styles/paper-lantern/demo/src/paper.js#3(+21) ; doc:lib/style-dna/paper-lantern.md#206,lib/style-skills/paper-lantern/_distill.json#39,styles/paper-lantern/DEMO.md#121,styles/paper-lantern/DEMO.md#180(+1)	N
paper-lantern	src/main.js	82	活	doc(lib/style-dna/paper-lantern.json:129)	code:styles/paper-lantern/demo/index.html#51,styles/paper-lantern/demo/tts_local.py#17 ; contract:lib/dub-visual.json#2895,lib/dub-visual.json#2964 ; doc:lib/style-dna/paper-lantern.json#129,lib/style-dna/paper-lantern.json#130,lib/style-dna/paper-lantern.json#131,lib/style-dna/paper-lantern.json#132(+53) ; comment-only:styles/paper-lantern/demo/film.js#3,styles/paper-lantern/demo/build.sh#14(+1)	N
paper-lantern	src/paper.js	206	活	doc(lib/style-dna/paper-lantern.json:139)	code:styles/paper-lantern/demo/src/props.js#3,styles/paper-lantern/demo/src/room.js#5,styles/paper-lantern/demo/src/shots/s01_night.js#2(+18) ; contract:lib/dub-visual.json#2865 ; doc:lib/style-dna/paper-lantern.json#139,lib/style-dna/paper-lantern.json#140,lib/style-dna/paper-lantern.json#141,lib/style-dna/paper-lantern.json#142(+37)	N
paper-lantern	src/people.js	107	活	doc(lib/style-skills/paper-lantern/SKILL.md:125)	code:styles/paper-lantern/demo/src/shots/s02_kitchen.js#6,styles/paper-lantern/demo/src/shots/s03_press.js#5,styles/paper-lantern/demo/src/shots/s04_scroll.js#5(+9) ; doc:lib/style-skills/paper-lantern/SKILL.md#125,lib/style-dna/paper-lantern.md#206,lib/style-skills/paper-lantern/SKILL.md#175,lib/style-skills/paper-lantern/SKILL.md#201(+6)	N
paper-lantern	src/post.js	115	活	doc(lib/style-dna/paper-lantern.json:10)	code:styles/paper-lantern/demo/src/main.js#3 ; doc:lib/style-dna/paper-lantern.json#10,lib/style-dna/paper-lantern.md#206,lib/style-skills/paper-lantern/SKILL.md#127,lib/style-skills/paper-lantern/_distill.json#39(+4)	N
paper-lantern	src/props.js	116	活	doc(lib/style-skills/paper-lantern/SKILL.md:125)	code:styles/paper-lantern/demo/src/shots/s02_kitchen.js#5,styles/paper-lantern/demo/src/shots/s05_table.js#5,styles/paper-lantern/demo/src/shots/s06_pack.js#5(+6) ; doc:lib/style-skills/paper-lantern/SKILL.md#125,lib/style-dna/paper-lantern.json#86,lib/style-dna/paper-lantern.md#206,lib/style-skills/paper-lantern/SKILL.md#175(+8)	N
paper-lantern	src/room.js	68	活	doc(lib/style-skills/paper-lantern/SKILL.md:175)	code:styles/paper-lantern/demo/src/shots/s01_night.js#5,styles/paper-lantern/demo/src/shots/s18_finale.js#6 ; contract:lib/dub-visual.json#2864 ; doc:lib/style-skills/paper-lantern/SKILL.md#175,lib/style-skills/paper-lantern/SKILL.md#125,styles/paper-lantern/DEMO.md#63,styles/paper-lantern/DEMO.md#89(+5)	N
paper-lantern	src/shots/index.js	46	活	doc(lib/style-dna/paper-lantern.json:153)	code:styles/paper-lantern/demo/src/main.js#7 ; doc:lib/style-dna/paper-lantern.json#153,lib/style-dna/paper-lantern.md#280,lib/style-skills/paper-lantern/_distill.json#81,lib/style-skills/paper-lantern/SKILL.md#175(+10)	N
paper-lantern	src/shots/s01_night.js	110	活		code:styles/paper-lantern/demo/src/shots/index.js#2 ; contract:lib/dub-visual.json#2867	N
paper-lantern	src/shots/s02_kitchen.js	97	活		code:styles/paper-lantern/demo/src/shots/index.js#4,styles/paper-lantern/demo/src/shots/s15_gran_open.js#6 ; contract:lib/dub-visual.json#2868	N
paper-lantern	src/shots/s03_press.js	130	活		code:styles/paper-lantern/demo/src/room.js#6,styles/paper-lantern/demo/src/shots/index.js#5,styles/paper-lantern/demo/src/shots/s06_pack.js#7(+2)	N
paper-lantern	src/shots/s04_scroll.js	93	活		code:styles/paper-lantern/demo/src/shots/index.js#6	N
paper-lantern	src/shots/s05_table.js	75	活		code:styles/paper-lantern/demo/src/shots/index.js#7	N
paper-lantern	src/shots/s06_pack.js	75	活		code:styles/paper-lantern/demo/src/shots/index.js#8	N
paper-lantern	src/shots/s07_journey.js	86	活		code:styles/paper-lantern/demo/src/shots/index.js#9	N
paper-lantern	src/shots/s08_window.js	53	活		code:styles/paper-lantern/demo/src/shots/index.js#10	N
paper-lantern	src/shots/s09_change.js	82	活		code:styles/paper-lantern/demo/src/shots/index.js#11	N
paper-lantern	src/shots/s10_pass.js	65	活		code:styles/paper-lantern/demo/src/shots/index.js#12	N
paper-lantern	src/shots/s11_city.js	65	活		code:styles/paper-lantern/demo/src/shots/index.js#13,styles/paper-lantern/demo/src/shots/s12_apartment.js#7,styles/paper-lantern/demo/src/shots/s14_bite.js#8(+1)	N
paper-lantern	src/shots/s12_apartment.js	61	活		code:styles/paper-lantern/demo/src/shots/index.js#14	N
paper-lantern	src/shots/s13_note.js	71	活	doc(styles/paper-lantern/DEMO.md:44)	code:styles/paper-lantern/demo/src/shots/index.js#15 ; doc:styles/paper-lantern/DEMO.md#44	N
paper-lantern	src/shots/s14_bite.js	73	活		code:styles/paper-lantern/demo/src/shots/index.js#16	N
paper-lantern	src/shots/s15_gran_open.js	41	活		code:styles/paper-lantern/demo/src/shots/index.js#17	N
paper-lantern	src/shots/s16_mutual.js	82	活	doc(lib/style-skills/paper-lantern/_distill.json:82)	code:styles/paper-lantern/demo/src/shots/index.js#18,styles/paper-lantern/demo/src/shots/s18_finale.js#5 ; doc:lib/style-skills/paper-lantern/_distill.json#82,lib/style-skills/paper-lantern/SKILL.md#248,lib/style-skills/paper-lantern/SKILL.md#85,lib/style-skills/paper-lantern/SKILL.md#88(+3)	N
paper-lantern	src/shots/s17_sushi.js	79	活	doc(lib/style-skills/paper-lantern/_distill.json:83)	code:styles/paper-lantern/demo/src/shots/index.js#19,styles/paper-lantern/demo/src/shots/s16_mutual.js#7 ; contract:lib/dub-visual.json#2962 ; doc:lib/style-skills/paper-lantern/_distill.json#83,lib/style-skills/paper-lantern/SKILL.md#248,lib/style-skills/paper-lantern/_distill.json#23,lib/style-skills/paper-lantern/SKILL.md#85(+5)	N
paper-lantern	src/shots/s18_finale.js	33	活	doc(styles/paper-lantern/DEMO.md:97)	code:styles/paper-lantern/demo/src/shots/index.js#20 ; doc:styles/paper-lantern/DEMO.md#97	N
paper-lantern	src/shots/sheet.js	23	活		code:styles/paper-lantern/demo/src/shots/index.js#3	N
paper-lantern	src/stage.js	45	活	doc(lib/style-dna/paper-lantern.json:150)	code:styles/paper-lantern/demo/src/main.js#5,styles/paper-lantern/demo/src/shots/s01_night.js#4,styles/paper-lantern/demo/src/shots/s02_kitchen.js#7(+17) ; doc:lib/style-dna/paper-lantern.json#150,lib/style-dna/paper-lantern.json#151,lib/style-dna/paper-lantern.json#152,lib/style-dna/paper-lantern.md#277(+6)	N
paper-lantern	tile.sh	7	已声明入口	doc(lib/style-skills/paper-lantern/SKILL.md:17)	doc:lib/style-skills/paper-lantern/SKILL.md#17,lib/style-skills/paper-lantern/SKILL.md#198,lib/style-skills/paper-lantern/_distill.json#26	N
paper-lantern	tts/gen.py	40	活	self-header(docstring)	code:lemo-make.mjs#2207,lemo-make.mjs#2212,styles/paper-lantern/demo/build.sh#22 ; orch:lemo-make.mjs:ORCH[tts/gen.py] ; comment-only:styles/paper-lantern/demo/build.sh#21,styles/paper-lantern/demo/tts_local.py#80(+1)	N
paper-lantern	tts.py	17	活	doc(styles/paper-lantern/DEMO.md:50)	code:styles/paper-lantern/demo/tts_local.py#1,styles/paper-lantern/demo/tts_local.py#11 ; doc:styles/paper-lantern/DEMO.md#50,lib/style-dna/paper-lantern.md#202,lib/style-dna/paper-lantern.md#213,lib/style-skills/paper-lantern/SKILL.md#160(+2) ; comment-only:styles/paper-lantern/demo/tts_local.py#37	N
paper-lantern	tts_local.py	147	活	doc(lib/style-skills/paper-lantern/SKILL.md:160)	code:styles/paper-lantern/demo/tts/gen.py#1,styles/paper-lantern/demo/tts/gen.py#7,styles/paper-lantern/demo/tts/gen.py#10(+3) ; doc:lib/style-skills/paper-lantern/SKILL.md#160,lib/style-skills/paper-lantern/_distill.json#89,lib/style-skills/paper-lantern/_distill.json#141,lib/style-skills/paper-lantern/SKILL.md#116(+3) ; comment-only:tools/release.py#42,styles/paper-lantern/demo/build.sh#14	N
paper-lantern	words.py	19	已声明入口	doc(styles/paper-lantern/DEMO.md:53)	doc:styles/paper-lantern/DEMO.md#53,lib/style-dna/paper-lantern.md#202,lib/style-dna/paper-lantern.md#215,lib/style-skills/paper-lantern/SKILL.md#160(+2)	N
paper-popup	actors.js	112	活	doc(lib/style-dna/paper-popup.json:97)	code:styles/paper-popup/demo/main.js#11 ; doc:lib/style-dna/paper-popup.json#97,lib/style-dna/paper-popup.md#197,lib/style-skills/paper-popup/SKILL.md#164,styles/paper-popup/DEMO.md#124(+2)	N
paper-popup	art.js	460	活	doc(lib/style-dna/paper-popup.json:97)	code:styles/paper-popup/demo/actors.js#3,styles/paper-popup/demo/main.js#7,styles/paper-popup/demo/sets.js#3(+2) ; contract:lib/dub-visual.json#2983 ; doc:lib/style-dna/paper-popup.json#97,lib/style-dna/paper-popup.md#197,lib/style-dna/paper-popup.md#243,lib/style-skills/paper-popup/SKILL.md#163(+9)	N
paper-popup	asr.py	8	已声明入口	doc(lib/style-skills/paper-popup/SKILL.md:151)	doc:lib/style-skills/paper-popup/SKILL.md#151,styles/paper-popup/DEMO.md#55,styles/paper-popup/DEMO.md#129,styles/paper-popup/DEMO.md#145	N
paper-popup	book.js	134	活	doc(lib/style-dna/paper-popup.json:147)	code:styles/paper-popup/demo/actors.js#5,styles/paper-popup/demo/cutmesh.js#3,styles/paper-popup/demo/main.js#9(+1) ; doc:lib/style-dna/paper-popup.json#147,lib/style-dna/paper-popup.json#148,lib/style-dna/paper-popup.json#149,lib/style-dna/paper-popup.json#150(+18)	N
paper-popup	cutmesh.js	65	活	doc(lib/style-dna/paper-popup.json:134)	code:styles/paper-popup/demo/actors.js#6,styles/paper-popup/demo/main.js#12,styles/paper-popup/demo/sets.js#7 ; doc:lib/style-dna/paper-popup.json#134,lib/style-dna/paper-popup.json#135,lib/style-dna/paper-popup.json#136,lib/style-dna/paper-popup.json#137(+17)	N
paper-popup	fetch_fonts.mjs	23	已声明入口	doc(lib/style-skills/paper-popup/SKILL.md:182)	doc:lib/style-skills/paper-popup/SKILL.md#182,lib/style-skills/paper-popup/SKILL.md#199,lib/style-skills/paper-popup/_distill.json#28,styles/paper-popup/DEMO.md#84(+2)	N
paper-popup	film.js	13	活	doc(lib/style-skills/paper-popup/SKILL.md:37)	glob:film*.js(exact)#28,demo/film*.js(dir)#22,styles/*/demo/film.js(exact)#1 ; doc:lib/style-skills/paper-popup/SKILL.md#37,lib/style-skills/paper-popup/SKILL.md#44,lib/style-skills/paper-popup/_distill.json#20,lib/style-skills/paper-popup/_distill.json#36	N
paper-popup	gltest.mjs	18	已声明入口	doc(lib/style-skills/paper-popup/SKILL.md:154)	doc:lib/style-skills/paper-popup/SKILL.md#154,styles/paper-popup/DEMO.md#159	N
paper-popup	hud.js	139	活	doc(lib/style-skills/paper-popup/_distill.json:76)	code:styles/paper-popup/demo/main.js#15,styles/paper-popup/demo/fetch_fonts.mjs#4 ; contract:lib/dub-visual.json#2984,lib/dub-visual.json#3048 ; doc:lib/style-skills/paper-popup/_distill.json#76,lib/style-skills/paper-popup/SKILL.md#16,lib/style-skills/paper-popup/SKILL.md#41,lib/style-skills/paper-popup/SKILL.md#66(+12) ; comment-only:styles/paper-popup/demo/fetch_fonts.mjs#1,styles/paper-popup/demo/main.js#33(+1)	N
paper-popup	lib.js	45	活	doc(lib/style-dna/paper-popup.json:130)	code:styles/paper-popup/demo/actors.js#7,styles/paper-popup/demo/art.js#2,styles/paper-popup/demo/book.js#4(+5) ; doc:lib/style-dna/paper-popup.json#130,lib/style-dna/paper-popup.json#131,lib/style-dna/paper-popup.json#132,lib/style-dna/paper-popup.json#133(+10)	N
paper-popup	main.js	554	活	doc(lib/style-dna/paper-popup.json:154)	code:styles/paper-popup/demo/fetch_fonts.mjs#4,styles/paper-popup/demo/index.html#9,styles/paper-popup/demo/index.html#35 ; contract:lib/dub-visual.json#3062,lib/dub-visual.json#3064 ; doc:lib/style-dna/paper-popup.json#154,lib/style-dna/paper-popup.json#155,lib/style-dna/paper-popup.json#156,lib/style-dna/paper-popup.json#157(+27) ; comment-only:styles/paper-popup/demo/film.js#3,styles/paper-popup/demo/film.js#2(+1)	N
paper-popup	make_srt.mjs	20	已声明入口	doc(lib/style-skills/paper-popup/SKILL.md:152)	doc:lib/style-skills/paper-popup/SKILL.md#152,lib/style-skills/paper-popup/SKILL.md#197,lib/style-skills/paper-popup/_distill.json#22,lib/style-dna/paper-popup.md#238(+3)	N
paper-popup	mix.py	224	活	doc(lib/style-skills/paper-popup/_distill.json:81)	orch:lemo-make.mjs:ORCH[mix.py] ; doc:lib/style-skills/paper-popup/_distill.json#81,lib/style-skills/paper-popup/SKILL.md#151,lib/style-dna/paper-popup.json#98,lib/style-dna/paper-popup.json#99(+20) ; comment-only:styles/paper-popup/demo/main.js#426,styles/paper-popup/demo/music/edit.py#4	N
paper-popup	music/edit.py	22	活	doc(lib/style-skills/paper-popup/SKILL.md:151)	code:lemo-make.mjs#2216,lemo-make.mjs#2219 ; orch:lemo-make.mjs:ORCH[music/edit.py] ; doc:lib/style-skills/paper-popup/SKILL.md#151,lib/style-skills/paper-popup/SKILL.md#103,lib/style-skills/paper-popup/SKILL.md#194,styles/paper-popup/DEMO.md#57(+3) ; comment-only:lemo-make.mjs#310	N
paper-popup	music/jump.py	28	已声明入口	doc(lib/style-skills/paper-popup/SKILL.md:103)	doc:lib/style-skills/paper-popup/SKILL.md#103,lib/style-skills/paper-popup/SKILL.md#183,lib/style-skills/paper-popup/_distill.json#29,styles/paper-popup/DEMO.md#57(+1)	N
paper-popup	music/jump2.py	24	已声明入口	doc(lib/style-skills/paper-popup/SKILL.md:103)	doc:lib/style-skills/paper-popup/SKILL.md#103,lib/style-skills/paper-popup/SKILL.md#183,lib/style-skills/paper-popup/_distill.json#29,styles/paper-popup/DEMO.md#57(+1)	N
paper-popup	music/survey.py	16	已声明入口	doc(styles/paper-popup/DEMO.md:159)	doc:styles/paper-popup/DEMO.md#159	N
paper-popup	mux.sh	143	活	doc(lib/style-skills/paper-popup/SKILL.md:15)	code:scripts/check-render-venc.mjs#306,scripts/patch-render-venc.mjs#238,scripts/patch-style-mux.mjs#82 ; orch:lemo-make.mjs:ORCH[mux.sh] ; glob:styles/*/demo/mux.sh(exact)#3 ; doc:lib/style-skills/paper-popup/SKILL.md#15,lib/style-skills/paper-popup/SKILL.md#150,lib/style-skills/paper-popup/SKILL.md#193,lib/style-skills/paper-popup/SKILL.md#196(+26) ; comment-only:scripts/check-shell-structure.mjs#17	N
paper-popup	paper.js	89	活	doc(lib/style-dna/paper-popup.json:139)	code:styles/paper-popup/demo/actors.js#4,styles/paper-popup/demo/art.js#3,styles/paper-popup/demo/book.js#3(+3) ; contract:lib/dub-visual.json#2982 ; doc:lib/style-dna/paper-popup.json#139,lib/style-dna/paper-popup.json#140,lib/style-dna/paper-popup.json#141,lib/style-dna/paper-popup.json#142(+21)	N
paper-popup	post.js	84	活	doc(lib/style-skills/paper-popup/SKILL.md:40)	code:styles/paper-popup/demo/main.js#13 ; doc:lib/style-skills/paper-popup/SKILL.md#40,lib/style-skills/paper-popup/SKILL.md#133,lib/style-skills/paper-popup/SKILL.md#165,styles/paper-popup/DEMO.md#42(+3)	N
paper-popup	probe.mjs	10	已声明入口	doc(lib/style-skills/paper-popup/SKILL.md:154)	doc:lib/style-skills/paper-popup/SKILL.md#154,styles/paper-popup/DEMO.md#159	N
paper-popup	render.mjs	78	活	doc(lib/style-dna/paper-popup.json:98)	code:scripts/check-render-venc.mjs#307,scripts/patch-render-venc.mjs#212 ; doc:lib/style-dna/paper-popup.json#98,lib/style-dna/paper-popup.md#202,lib/style-dna/paper-popup.md#236,lib/style-skills/paper-popup/SKILL.md#154(+11)	N
paper-popup	serve.mjs	13	活	doc(lib/style-skills/paper-popup/SKILL.md:198)	code:styles/paper-popup/demo/gltest.mjs#1,styles/paper-popup/demo/probe.mjs#1,styles/paper-popup/demo/render.mjs#11(+1) ; doc:lib/style-skills/paper-popup/SKILL.md#198,styles/paper-popup/DEMO.md#106,styles/paper-popup/DEMO.md#127	N
paper-popup	sets.js	219	活	doc(lib/style-dna/paper-popup.json:97)	code:styles/paper-popup/demo/main.js#10 ; doc:lib/style-dna/paper-popup.json#97,lib/style-dna/paper-popup.md#196,lib/style-dna/paper-popup.md#243,lib/style-skills/paper-popup/SKILL.md#40(+9)	N
paper-popup	shot.mjs	12	已声明入口	doc(lib/style-dna/paper-popup.md:240)	doc:lib/style-dna/paper-popup.md#240,lib/style-skills/paper-popup/SKILL.md#154,styles/paper-popup/DEMO.md#159	N
paper-popup	story.js	50	活	doc(lib/style-dna/paper-popup.json:129)	code:styles/paper-popup/demo/hud.js#2,styles/paper-popup/demo/main.js#14,styles/paper-popup/demo/sets.js#8(+4) ; contract:lib/dub-visual.json#3010,lib/dub-visual.json#3015 ; doc:lib/style-dna/paper-popup.json#129,lib/style-dna/paper-popup.md#279,lib/style-skills/paper-popup/_distill.json#75,lib/style-dna/paper-popup.json#29(+30) ; comment-only:styles/paper-popup/demo/fetch_fonts.mjs#1,styles/paper-popup/demo/make_srt.mjs#2(+1)	N
paper-popup	tile.py	15	已声明入口	doc(styles/paper-popup/DEMO.md:159)	doc:styles/paper-popup/DEMO.md#159	N
paper-popup	tts/gen.py	15	活	doc(lib/style-skills/paper-popup/SKILL.md:151)	code:lemo-make.mjs#2207,lemo-make.mjs#2212 ; orch:lemo-make.mjs:ORCH[tts/gen.py] ; doc:lib/style-skills/paper-popup/SKILL.md#151,lib/style-skills/paper-popup/SKILL.md#194,styles/paper-popup/DEMO.md#142,styles/paper-popup/DEMO.md#128 ; comment-only:lemo-make.mjs#517	N
paper-popup	tts/gen1.py	15	已声明入口	doc(styles/paper-popup/DEMO.md:143)	doc:styles/paper-popup/DEMO.md#143,lib/style-skills/paper-popup/SKILL.md#151,styles/paper-popup/DEMO.md#128	N
paper-popup	words.py	7	已声明入口	doc(lib/style-skills/paper-popup/SKILL.md:151)	doc:lib/style-skills/paper-popup/SKILL.md#151,styles/paper-popup/DEMO.md#55,styles/paper-popup/DEMO.md#129,styles/paper-popup/DEMO.md#145	N
papercut-red	build.sh	18	活	doc(lib/style-dna/papercut-red.md:231)	glob:styles/*/demo/build.sh(exact)#10 ; doc:lib/style-dna/papercut-red.md#231,lib/style-skills/papercut-red/SKILL.md#14,lib/style-skills/papercut-red/SKILL.md#132,lib/style-skills/papercut-red/SKILL.md#145(+3) ; comment-only:lemo-make.mjs#1363	N
papercut-red	check_final.py	19	活	doc(lib/style-dna/papercut-red.md:234)	code:styles/papercut-red/demo/build.sh#14 ; doc:lib/style-dna/papercut-red.md#234,lib/style-skills/papercut-red/SKILL.md#139,lib/style-skills/papercut-red/SKILL.md#193,styles/papercut-red/DEMO.md#112	N
papercut-red	climax.js	83	活	doc(styles/papercut-red/DEMO.md:104)	code:styles/papercut-red/demo/test.js#8 ; doc:styles/papercut-red/DEMO.md#104	N
papercut-red	film.js	42	活	doc(lib/style-skills/papercut-red/SKILL.md:36)	code:styles/papercut-red/demo/fold.js#8,styles/papercut-red/demo/hud.js#5,styles/papercut-red/demo/light.js#4(+2) ; glob:film*.js(exact)#28,demo/film*.js(dir)#23,styles/*/demo/film.js(exact)#1 ; doc:lib/style-skills/papercut-red/SKILL.md#36,lib/style-skills/papercut-red/SKILL.md#138,lib/style-skills/papercut-red/_distill.json#21,lib/style-skills/papercut-red/_distill.json#36(+5)	N
papercut-red	fold.js	198	活	doc(lib/style-dna/papercut-red.json:137)	code:styles/papercut-red/demo/main.js#9 ; contract:lib/dub-visual.json#3083 ; doc:lib/style-dna/papercut-red.json#137,lib/style-dna/papercut-red.json#138,lib/style-dna/papercut-red.md#276,lib/style-dna/papercut-red.md#277(+9) ; comment-only:styles/papercut-red/demo/film.js#31	N
papercut-red	girl.js	286	活	doc(lib/style-skills/papercut-red/_distill.json:24)	code:styles/papercut-red/demo/climax.js#4,styles/papercut-red/demo/fold.js#5,styles/papercut-red/demo/main.js#4(+2) ; doc:lib/style-skills/papercut-red/_distill.json#24,styles/papercut-red/DEMO.md#98	N
papercut-red	hud.js	50	活	doc(lib/style-dna/papercut-red.json:123)	code:styles/papercut-red/demo/main.js#10 ; contract:lib/dub-visual.json#3160 ; doc:lib/style-dna/papercut-red.json#123,lib/style-dna/papercut-red.json#124,lib/style-dna/papercut-red.md#262,lib/style-dna/papercut-red.md#263(+9)	N
papercut-red	light.js	95	活	doc(lib/style-dna/papercut-red.json:135)	code:styles/papercut-red/demo/climax.js#8,styles/papercut-red/demo/main.js#8,styles/papercut-red/demo/world.js#6(+1) ; doc:lib/style-dna/papercut-red.json#135,lib/style-dna/papercut-red.json#136,lib/style-dna/papercut-red.md#274,lib/style-dna/papercut-red.md#275(+10)	N
papercut-red	main.js	561	活	doc(lib/style-dna/papercut-red.json:143)	code:styles/papercut-red/demo/index.html#6 ; contract:lib/dub-visual.json#3179,lib/dub-visual.json#3181,lib/dub-visual.json#3182 ; doc:lib/style-dna/papercut-red.json#143,lib/style-dna/papercut-red.md#282,lib/style-skills/papercut-red/_distill.json#63,lib/style-dna/papercut-red.json#102(+9) ; comment-only:styles/papercut-red/demo/film.js#2,styles/papercut-red/demo/film.js#4(+1)	N
papercut-red	mix.py	170	活	doc(lib/style-dna/papercut-red.json:139)	code:styles/papercut-red/demo/build.sh#10 ; orch:lemo-make.mjs:ORCH[mix.py] ; doc:lib/style-dna/papercut-red.json#139,lib/style-dna/papercut-red.json#140,lib/style-dna/papercut-red.json#141,lib/style-dna/papercut-red.json#142(+15)	N
papercut-red	motifs.js	102	活	doc(lib/style-dna/papercut-red.json:129)	code:styles/papercut-red/demo/girl.js#4,styles/papercut-red/demo/hud.js#3,styles/papercut-red/demo/main.js#11(+4) ; doc:lib/style-dna/papercut-red.json#129,lib/style-dna/papercut-red.json#130,lib/style-dna/papercut-red.json#131,lib/style-dna/papercut-red.md#268(+12)	N
papercut-red	music/score.py	295	活	doc(lib/style-skills/papercut-red/SKILL.md:141)	code:lemo-make.mjs#2214,lemo-make.mjs#2216,lemo-make.mjs#2219(+1) ; orch:lemo-make.mjs:ORCH[music/score.py] ; doc:lib/style-skills/papercut-red/SKILL.md#141,styles/papercut-red/DEMO.md#41,lib/style-dna/papercut-red.md#233,lib/style-dna/papercut-red.md#238(+7) ; comment-only:lemo-make.mjs#1126,lemo-make.mjs#1821(+1)	N
papercut-red	nian.js	215	活	doc(lib/style-skills/papercut-red/_distill.json:24)	code:styles/papercut-red/demo/climax.js#5,styles/papercut-red/demo/main.js#5,styles/papercut-red/demo/sheet.js#6(+1) ; doc:lib/style-skills/papercut-red/_distill.json#24,styles/papercut-red/DEMO.md#98	N
papercut-red	paper.js	214	活	doc(lib/style-dna/papercut-red.json:125)	code:styles/papercut-red/demo/climax.js#2,styles/papercut-red/demo/fold.js#2,styles/papercut-red/demo/girl.js#3(+12) ; contract:lib/dub-visual.json#3082 ; doc:lib/style-dna/papercut-red.json#125,lib/style-dna/papercut-red.json#126,lib/style-dna/papercut-red.json#127,lib/style-dna/papercut-red.json#128(+14) ; comment-only:styles/papercut-red/demo/film.js#14	N
papercut-red	rig.js	34	活	doc(lib/style-dna/papercut-red.json:101)	code:styles/papercut-red/demo/climax.js#3,styles/papercut-red/demo/fold.js#3,styles/papercut-red/demo/girl.js#5(+8) ; doc:lib/style-dna/papercut-red.json#101,lib/style-dna/papercut-red.md#189,lib/style-skills/papercut-red/SKILL.md#155,lib/style-skills/papercut-red/SKILL.md#156(+2)	N
papercut-red	sheet.js	140	活	doc(styles/papercut-red/DEMO.md:104)	code:styles/papercut-red/demo/test.js#9 ; doc:styles/papercut-red/DEMO.md#104	N
papercut-red	story.js	29	活	doc(lib/style-dna/papercut-red.json:121)	code:styles/papercut-red/demo/fold.js#7,styles/papercut-red/demo/main.js#12,styles/papercut-red/demo/check_final.py#8(+2) ; contract:lib/dub-visual.json#3121 ; doc:lib/style-dna/papercut-red.json#121,lib/style-dna/papercut-red.json#122,lib/style-dna/papercut-red.md#260,lib/style-dna/papercut-red.md#261(+16)	N
papercut-red	subs.py	14	活	doc(lib/style-dna/papercut-red.json:144)	code:styles/papercut-red/demo/build.sh#11 ; orch:lemo-make.mjs:ORCH[subs.py] ; doc:lib/style-dna/papercut-red.json#144,lib/style-dna/papercut-red.md#283,lib/style-skills/papercut-red/SKILL.md#142,lib/style-skills/papercut-red/_distill.json#65(+7)	N
papercut-red	test.js	40	活	doc(styles/papercut-red/DEMO.md:104)	code:styles/papercut-red/demo/main.js#27 ; doc:styles/papercut-red/DEMO.md#104	N
papercut-red	tuanhua.js	121	活	doc(lib/style-dna/papercut-red.json:132)	code:styles/papercut-red/demo/climax.js#6,styles/papercut-red/demo/fold.js#4,styles/papercut-red/demo/main.js#6(+3) ; doc:lib/style-dna/papercut-red.json#132,lib/style-dna/papercut-red.json#133,lib/style-dna/papercut-red.json#134,lib/style-dna/papercut-red.md#271(+12)	N
papercut-red	village.js	125	活	doc(lib/style-skills/papercut-red/SKILL.md:156)	code:styles/papercut-red/demo/climax.js#7,styles/papercut-red/demo/world.js#5 ; doc:lib/style-skills/papercut-red/SKILL.md#156,styles/papercut-red/DEMO.md#99	N
papercut-red	world.js	133	活	doc(lib/style-skills/papercut-red/SKILL.md:166)	code:styles/papercut-red/demo/main.js#7 ; doc:lib/style-skills/papercut-red/SKILL.md#166,styles/papercut-red/DEMO.md#101	N
pictogram-motion	edl.js	130	活	doc(lib/style-dna/pictogram-motion.json:105)	code:styles/pictogram-motion/demo/cover.html#13,styles/pictogram-motion/demo/cover34.html#13,styles/pictogram-motion/demo/index.html#48(+3) ; contract:lib/dub-visual.json#3225,lib/dub-visual.json#3285,lib/dub-visual.json#3286 ; doc:lib/style-dna/pictogram-motion.json#105,lib/style-dna/pictogram-motion.json#106,lib/style-dna/pictogram-motion.json#107,lib/style-dna/pictogram-motion.json#108(+45) ; comment-only:styles/pictogram-motion/demo/music/export_timeline.cjs#1	N
pictogram-motion	engine.js	316	活	doc(lib/style-dna/pictogram-motion.json:115)	code:styles/pictogram-motion/demo/cover.html#14,styles/pictogram-motion/demo/cover34.html#14,styles/pictogram-motion/demo/index.html#49(+1) ; contract:lib/dub-visual.json#3199,lib/dub-visual.json#3264 ; doc:lib/style-dna/pictogram-motion.json#115,lib/style-dna/pictogram-motion.json#116,lib/style-dna/pictogram-motion.json#117,lib/style-dna/pictogram-motion.json#118(+80) ; comment-only:styles/pictogram-motion/demo/film.js#2	N
pictogram-motion	film.js	12	活	doc(lib/style-skills/pictogram-motion/SKILL.md:37)	glob:film*.js(exact)#28,demo/film*.js(dir)#22,styles/*/demo/film.js(exact)#1 ; doc:lib/style-skills/pictogram-motion/SKILL.md#37,lib/style-skills/pictogram-motion/SKILL.md#144,lib/style-skills/pictogram-motion/SKILL.md#169,lib/style-skills/pictogram-motion/_distill.json#29(+1)	N
pictogram-motion	lab.mjs	20	已声明入口	doc(lib/style-skills/pictogram-motion/SKILL.md:150)	doc:lib/style-skills/pictogram-motion/SKILL.md#150,styles/pictogram-motion/DEMO.md#127,styles/pictogram-motion/DEMO.md#148,styles/pictogram-motion/DEMO.md#165(+4)	N
pictogram-motion	mix.py	133	活	doc(lib/style-skills/pictogram-motion/SKILL.md:173)	orch:lemo-make.mjs:ORCH[mix.py] ; doc:lib/style-skills/pictogram-motion/SKILL.md#173,lib/style-skills/pictogram-motion/SKILL.md#196,lib/style-skills/pictogram-motion/_distill.json#35,lib/style-skills/pictogram-motion/_distill.json#109(+3)	N
pictogram-motion	music/export_timeline.cjs	18	活	doc(lib/style-skills/pictogram-motion/SKILL.md:147)	code:styles/pictogram-motion/demo/mix.py#16,styles/pictogram-motion/demo/mix.py#56,styles/pictogram-motion/demo/mix.py#104 ; doc:lib/style-skills/pictogram-motion/SKILL.md#147,lib/style-skills/pictogram-motion/SKILL.md#150,lib/style-skills/pictogram-motion/SKILL.md#173,lib/style-skills/pictogram-motion/_distill.json#109(+5)	N
pictogram-motion	music/music.py	1629	活	doc(lib/style-dna/pictogram-motion.json:169)	code:lemo-make.mjs#2217,lemo-make.mjs#2219,styles/pictogram-motion/demo/mix.py#6(+6) ; orch:lemo-make.mjs:ORCH[music/music.py] ; doc:lib/style-dna/pictogram-motion.json#169,lib/style-dna/pictogram-motion.json#170,lib/style-dna/pictogram-motion.json#171,lib/style-dna/pictogram-motion.json#172(+34) ; comment-only:scripts/check-dual-copy-sync.mjs#203,styles/pictogram-motion/demo/mix.py#58(+3)	N
pictogram-motion	mux.sh	23	活	doc(lib/style-dna/pictogram-motion.json:168)	code:scripts/check-render-venc.mjs#308,scripts/patch-render-venc.mjs#184,scripts/patch-render-venc.mjs#246(+3) ; orch:lemo-make.mjs:ORCH[mux.sh] ; glob:styles/*/demo/mux.sh(exact)#3 ; doc:lib/style-dna/pictogram-motion.json#168,lib/style-dna/pictogram-motion.md#297,lib/style-skills/pictogram-motion/SKILL.md#15,lib/style-skills/pictogram-motion/SKILL.md#146(+29) ; comment-only:scripts/check-ref-lines.mjs#188,test/gate-blindness.test.mjs#1087(+1)	N
pictogram-motion	poses/aqua.js	247	活		code:styles/pictogram-motion/demo/cover.html#17,styles/pictogram-motion/demo/cover34.html#17,styles/pictogram-motion/demo/index.html#52(+1)	N
pictogram-motion	poses/asia.js	462	活		code:styles/pictogram-motion/demo/cover.html#22,styles/pictogram-motion/demo/cover34.html#22,styles/pictogram-motion/demo/index.html#57(+1)	N
pictogram-motion	poses/ath.js	495	活		code:styles/pictogram-motion/demo/cover.html#16,styles/pictogram-motion/demo/cover34.html#16,styles/pictogram-motion/demo/index.html#51(+1)	N
pictogram-motion	poses/ball.js	522	活		code:styles/pictogram-motion/demo/cover.html#18,styles/pictogram-motion/demo/cover34.html#18,styles/pictogram-motion/demo/index.html#53(+1)	N
pictogram-motion	poses/base.js	50	活	doc(styles/pictogram-motion/DEMO.md:207)	code:styles/pictogram-motion/demo/cover.html#15,styles/pictogram-motion/demo/cover34.html#15,styles/pictogram-motion/demo/index.html#50(+1) ; doc:styles/pictogram-motion/DEMO.md#207,styles/pictogram-motion/STYLE.md#105,styles/pictogram-motion/DEMO.md#123	N
pictogram-motion	poses/combat.js	331	活		code:styles/pictogram-motion/demo/cover.html#19,styles/pictogram-motion/demo/cover34.html#19,styles/pictogram-motion/demo/index.html#54(+1)	N
pictogram-motion	poses/nature.js	595	活	doc(styles/pictogram-motion/DEMO.md:234)	code:styles/pictogram-motion/demo/cover.html#21,styles/pictogram-motion/demo/cover34.html#21,styles/pictogram-motion/demo/index.html#56(+1) ; doc:styles/pictogram-motion/DEMO.md#234 ; comment-only:styles/pictogram-motion/demo/poses/asia.js#8	N
pictogram-motion	poses/power.js	293	活		code:styles/pictogram-motion/demo/cover.html#20,styles/pictogram-motion/demo/cover34.html#20,styles/pictogram-motion/demo/index.html#55(+1)	N
pictogram-motion	render.mjs	77	活	doc(lib/style-dna/pictogram-motion.json:167)	code:scripts/check-render-venc.mjs#309,scripts/patch-render-venc.mjs#213 ; doc:lib/style-dna/pictogram-motion.json#167,lib/style-dna/pictogram-motion.md#296,lib/style-dna/pictogram-motion.md#201,lib/style-dna/pictogram-motion.md#221(+9)	N
pictogram-motion	scenes.js	720	活	doc(lib/style-dna/pictogram-motion.json:140)	code:styles/pictogram-motion/demo/cover.html#23,styles/pictogram-motion/demo/cover34.html#23,styles/pictogram-motion/demo/index.html#58 ; contract:lib/dub-visual.json#3230,lib/dub-visual.json#3283 ; doc:lib/style-dna/pictogram-motion.json#140,lib/style-dna/pictogram-motion.json#141,lib/style-dna/pictogram-motion.json#142,lib/style-dna/pictogram-motion.json#143(+93) ; comment-only:styles/pictogram-motion/demo/srt.cjs#10	N
pictogram-motion	sheet.py	14	活	doc(styles/pictogram-motion/DEMO.md:126)	code:styles/pictogram-motion/demo/shot.mjs#26 ; doc:styles/pictogram-motion/DEMO.md#126	N
pictogram-motion	shot.mjs	29	已声明入口	doc(styles/pictogram-motion/DEMO.md:126)	doc:styles/pictogram-motion/DEMO.md#126,styles/pictogram-motion/DEMO.md#149,styles/pictogram-motion/DEMO.md#150,styles/pictogram-motion/DEMO.md#169(+2)	N
pictogram-motion	srt.cjs	38	已声明入口	doc(styles/pictogram-motion/DEMO.md:111)	doc:styles/pictogram-motion/DEMO.md#111,lib/style-skills/pictogram-motion/SKILL.md#148,lib/style-skills/pictogram-motion/SKILL.md#177,styles/pictogram-motion/DEMO.md#129(+1)	N
pixel-rpg	build.sh	17	活	doc(lib/style-dna/pixel-rpg.md:230)	glob:styles/*/demo/build.sh(exact)#10 ; doc:lib/style-dna/pixel-rpg.md#230,lib/style-skills/pixel-rpg/SKILL.md#14,lib/style-skills/pixel-rpg/SKILL.md#152,lib/style-skills/pixel-rpg/SKILL.md#165(+4) ; comment-only:lemo-make.mjs#1363	N
pixel-rpg	font.js	118	活	doc(lib/style-dna/pixel-rpg.json:131)	code:styles/pixel-rpg/demo/main.js#7,styles/pixel-rpg/demo/memscenes.js#7,styles/pixel-rpg/demo/sheet.js#6(+1) ; contract:lib/dub-visual.json#3305,lib/dub-visual.json#3368 ; doc:lib/style-dna/pixel-rpg.json#131,lib/style-dna/pixel-rpg.json#132,lib/style-dna/pixel-rpg.md#276,lib/style-dna/pixel-rpg.md#277(+10)	N
pixel-rpg	main.js	244	活	doc(lib/style-dna/pixel-rpg.json:156)	code:styles/pixel-rpg/demo/index.html#7 ; contract:lib/dub-visual.json#3331,lib/dub-visual.json#3387,lib/dub-visual.json#3389 ; doc:lib/style-dna/pixel-rpg.json#156,lib/style-dna/pixel-rpg.json#157,lib/style-dna/pixel-rpg.json#158,lib/style-dna/pixel-rpg.json#159(+70)	N
pixel-rpg	memscenes.js	295	活	doc(lib/style-skills/pixel-rpg/_distill.json:64)	code:styles/pixel-rpg/demo/main.js#4 ; contract:lib/dub-visual.json#3390 ; doc:lib/style-skills/pixel-rpg/_distill.json#64,lib/style-skills/pixel-rpg/SKILL.md#176,lib/style-skills/pixel-rpg/SKILL.md#193,lib/style-skills/pixel-rpg/SKILL.md#231(+2)	N
pixel-rpg	memsprites.js	85	活	doc(styles/pixel-rpg/DEMO.md:111)	code:styles/pixel-rpg/demo/memscenes.js#4,styles/pixel-rpg/demo/sheet.js#9 ; doc:styles/pixel-rpg/DEMO.md#111	N
pixel-rpg	mix.py	179	活	doc(lib/style-dna/pixel-rpg.json:177)	code:styles/pixel-rpg/demo/build.sh#10 ; orch:lemo-make.mjs:ORCH[mix.py] ; doc:lib/style-dna/pixel-rpg.json#177,lib/style-dna/pixel-rpg.json#178,lib/style-dna/pixel-rpg.json#179,lib/style-dna/pixel-rpg.json#180(+31)	N
pixel-rpg	music/score.py	497	活	doc(lib/style-dna/pixel-rpg.json:186)	code:lemo-make.mjs#2214,lemo-make.mjs#2216,lemo-make.mjs#2219(+1) ; orch:lemo-make.mjs:ORCH[music/score.py] ; doc:lib/style-dna/pixel-rpg.json#186,lib/style-dna/pixel-rpg.json#187,lib/style-dna/pixel-rpg.json#188,lib/style-dna/pixel-rpg.json#189(+21) ; comment-only:lemo-make.mjs#1126,lemo-make.mjs#1821(+1)	N
pixel-rpg	portraits.js	189	活	doc(lib/style-skills/pixel-rpg/_distill.json:61)	code:styles/pixel-rpg/demo/main.js#6,styles/pixel-rpg/demo/sheet.js#7 ; doc:lib/style-skills/pixel-rpg/_distill.json#61,lib/style-skills/pixel-rpg/SKILL.md#176,lib/style-skills/pixel-rpg/SKILL.md#231,styles/pixel-rpg/DEMO.md#110(+1)	N
pixel-rpg	props.js	166	活	doc(lib/style-skills/pixel-rpg/_distill.json:62)	code:styles/pixel-rpg/demo/memscenes.js#5,styles/pixel-rpg/demo/scenes.js#4,styles/pixel-rpg/demo/sheet.js#8 ; doc:lib/style-skills/pixel-rpg/_distill.json#62,lib/style-skills/pixel-rpg/SKILL.md#176,lib/style-skills/pixel-rpg/SKILL.md#231,styles/pixel-rpg/DEMO.md#111(+1)	N
pixel-rpg	px.js	169	活	doc(lib/style-dna/pixel-rpg.json:108)	code:styles/pixel-rpg/demo/main.js#2,styles/pixel-rpg/demo/memscenes.js#2,styles/pixel-rpg/demo/memsprites.js#2(+7) ; contract:lib/dub-visual.json#3303 ; doc:lib/style-dna/pixel-rpg.json#108,lib/style-dna/pixel-rpg.json#109,lib/style-dna/pixel-rpg.json#110,lib/style-dna/pixel-rpg.json#111(+67)	N
pixel-rpg	scenes.js	245	活	doc(lib/style-dna/pixel-rpg.json:148)	code:styles/pixel-rpg/demo/main.js#3,styles/pixel-rpg/demo/memscenes.js#6 ; doc:lib/style-dna/pixel-rpg.json#148,lib/style-dna/pixel-rpg.json#149,lib/style-dna/pixel-rpg.json#150,lib/style-dna/pixel-rpg.json#151(+22)	N
pixel-rpg	sheet.js	154	活	doc(styles/pixel-rpg/DEMO.md:117)	code:styles/pixel-rpg/demo/index.html#7 ; contract:lib/dub-visual.json#3304 ; doc:styles/pixel-rpg/DEMO.md#117	N
pixel-rpg	sprites.js	418	活	doc(lib/style-dna/pixel-rpg.json:145)	code:styles/pixel-rpg/demo/memscenes.js#3,styles/pixel-rpg/demo/scenes.js#3,styles/pixel-rpg/demo/sheet.js#5 ; doc:lib/style-dna/pixel-rpg.json#145,lib/style-dna/pixel-rpg.json#146,lib/style-dna/pixel-rpg.json#147,lib/style-dna/pixel-rpg.md#289(+13)	N
pixel-rpg	tools/subs.mjs	11	活	doc(lib/style-skills/pixel-rpg/SKILL.md:162)	code:lemo-make.mjs#2066,styles/pixel-rpg/demo/build.sh#11 ; orch:lemo-make.mjs:ORCH[tools/subs.mjs] ; doc:lib/style-skills/pixel-rpg/SKILL.md#162,lib/style-skills/pixel-rpg/_distill.json#69,lib/style-skills/pixel-rpg/SKILL.md#185,lib/style-skills/pixel-rpg/SKILL.md#215(+4) ; comment-only:lemo-make.mjs#929,lemo-make.mjs#1984	N
pixel-rpg	ui.js	138	活	doc(lib/style-dna/pixel-rpg.json:133)	code:styles/pixel-rpg/demo/main.js#5 ; doc:lib/style-dna/pixel-rpg.json#133,lib/style-dna/pixel-rpg.json#134,lib/style-dna/pixel-rpg.json#135,lib/style-dna/pixel-rpg.json#136(+32)	N
risograph	build.sh	17	活	doc(lib/style-dna/risograph.md:220)	glob:styles/*/demo/build.sh(exact)#10 ; doc:lib/style-dna/risograph.md#220,lib/style-skills/risograph/SKILL.md#14,lib/style-skills/risograph/SKILL.md#134,lib/style-skills/risograph/SKILL.md#148(+5) ; comment-only:lemo-make.mjs#1363	N
risograph	draw.js	93	活	doc(lib/style-dna/risograph.json:125)	code:styles/risograph/demo/film.js#2,styles/risograph/demo/main.js#2,styles/risograph/demo/rider.js#3(+3) ; doc:lib/style-dna/risograph.json#125,lib/style-dna/risograph.json#126,lib/style-dna/risograph.json#127,lib/style-dna/risograph.json#128(+31)	N
risograph	film.js	342	活	doc(lib/style-dna/risograph.json:133)	code:styles/risograph/demo/main.js#6,styles/risograph/demo/tools/subs.py#1 ; contract:lib/dub-visual.json#3494,lib/dub-visual.json#3509,lib/dub-visual.json#3528(+1) ; glob:film*.js(exact)#28,demo/film*.js(dir)#22,styles/*/demo/film.js(exact)#1 ; doc:lib/style-dna/risograph.json#133,lib/style-dna/risograph.json#134,lib/style-dna/risograph.json#135,lib/style-dna/risograph.json#136(+87) ; comment-only:styles/risograph/demo/main.js#12	N
risograph	main.js	57	活	doc(lib/style-dna/risograph.json:153)	code:styles/risograph/demo/index.html#41 ; contract:lib/dub-visual.json#3470 ; doc:lib/style-dna/risograph.json#153,lib/style-dna/risograph.json#154,lib/style-dna/risograph.json#155,lib/style-dna/risograph.json#156(+9)	N
risograph	mix.py	162	活	doc(lib/style-dna/risograph.json:165)	code:styles/risograph/demo/build.sh#10 ; orch:lemo-make.mjs:ORCH[mix.py] ; doc:lib/style-dna/risograph.json#165,lib/style-dna/risograph.json#166,lib/style-dna/risograph.json#167,lib/style-dna/risograph.json#168(+19) ; comment-only:styles/risograph/demo/film.js#25	N
risograph	music/bell.py	57	活	doc(styles/risograph/DEMO.md:34)	code:styles/risograph/demo/music/score.py#22,styles/risograph/demo/mix.py#8,styles/risograph/demo/music/score.py#22 ; doc:styles/risograph/DEMO.md#34,lib/style-skills/risograph/SKILL.md#100,lib/style-skills/risograph/SKILL.md#144,styles/risograph/DEMO.md#65	N
risograph	music/score.py	488	活	doc(lib/style-skills/risograph/SKILL.md:100)	code:lemo-make.mjs#2214,lemo-make.mjs#2216,lemo-make.mjs#2219(+1) ; orch:lemo-make.mjs:ORCH[music/score.py] ; doc:lib/style-skills/risograph/SKILL.md#100,lib/style-skills/risograph/SKILL.md#158,styles/risograph/DEMO.md#34,lib/style-skills/risograph/SKILL.md#144(+1) ; comment-only:lemo-make.mjs#1126,lemo-make.mjs#1821(+1)	N
risograph	rider.js	397	活	doc(lib/style-skills/risograph/SKILL.md:158)	code:styles/risograph/demo/film.js#4,styles/risograph/demo/main.js#3,styles/risograph/demo/scenes2.js#5(+1) ; doc:lib/style-skills/risograph/SKILL.md#158,lib/style-skills/risograph/_distill.json#23,styles/risograph/DEMO.md#61	N
risograph	riso.js	155	活	doc(lib/style-dna/risograph.json:107)	code:styles/risograph/demo/main.js#1,styles/risograph/demo/index.html#10 ; contract:lib/dub-visual.json#3407,lib/dub-visual.json#3438 ; doc:lib/style-dna/risograph.json#107,lib/style-dna/risograph.json#108,lib/style-dna/risograph.json#109,lib/style-dna/risograph.json#110(+63)	N
risograph	scenes.js	197	活	doc(lib/style-skills/risograph/SKILL.md:110)	code:styles/risograph/demo/film.js#5,styles/risograph/demo/main.js#4,styles/risograph/demo/scenes2.js#4 ; doc:lib/style-skills/risograph/SKILL.md#110,lib/style-skills/risograph/SKILL.md#158,lib/style-skills/risograph/_distill.json#23,styles/risograph/DEMO.md#62	N
risograph	scenes2.js	193	活	doc(lib/style-skills/risograph/SKILL.md:110)	code:styles/risograph/demo/film.js#6 ; doc:lib/style-skills/risograph/SKILL.md#110,lib/style-skills/risograph/SKILL.md#158,lib/style-skills/risograph/_distill.json#23,styles/risograph/DEMO.md#62	N
risograph	sheet.js	100	活	doc(lib/style-dna/risograph.json:157)	code:styles/risograph/demo/main.js#5 ; doc:lib/style-dna/risograph.json#157,lib/style-dna/risograph.json#158,lib/style-dna/risograph.md#294,lib/style-dna/risograph.md#295(+3)	N
risograph	tools/mux.sh	149	活	doc(lib/style-dna/risograph.json:159)	code:styles/risograph/demo/build.sh#13 ; orch:lemo-make.mjs:ORCH[tools/mux.sh] ; glob:styles/*/demo/mux.sh(dir)#3,styles/*/demo/tools/mux.sh(exact)#2,tools/*.sh(exact)#1 ; doc:lib/style-dna/risograph.json#159,lib/style-dna/risograph.json#160,lib/style-dna/risograph.json#161,lib/style-dna/risograph.md#296(+22) ; comment-only:lemo-make.mjs#1491,lemo-make.mjs#2854	N
risograph	tools/subs.py	13	活	doc(lib/style-dna/risograph.json:164)	code:lemo-make.mjs#2066,styles/risograph/demo/build.sh#11 ; orch:lemo-make.mjs:ORCH[tools/subs.py] ; doc:lib/style-dna/risograph.json#164,lib/style-dna/risograph.md#301,lib/style-dna/risograph.json#103,lib/style-dna/risograph.json#103(+6) ; comment-only:lemo-make.mjs#2018,lemo-make.mjs#2030	N
risograph	tools/video_png.mjs	52	活	doc(lib/style-dna/risograph.json:162)	code:scripts/patch-render-venc.mjs#182,scripts/patch-render-venc.mjs#232,styles/risograph/demo/build.sh#12 ; orch:lemo-make.mjs:ORCH[tools/video_png.mjs] ; glob:styles/*/demo/tools/video_png.mjs(exact)#1 ; doc:lib/style-dna/risograph.json#162,lib/style-dna/risograph.json#163,lib/style-dna/risograph.md#299,lib/style-dna/risograph.md#300(+11) ; comment-only:scripts/check-render-venc.mjs#36,scripts/check-render-venc.mjs#295(+4)	N
rubber-hose	bg.js	139	活	doc(lib/style-dna/rubber-hose.json:10)	code:styles/rubber-hose/demo/main.js#28,styles/rubber-hose/demo/scenes.js#6 ; doc:lib/style-dna/rubber-hose.json#10,lib/style-skills/rubber-hose/SKILL.md#157,lib/style-skills/rubber-hose/SKILL.md#109,styles/rubber-hose/DEMO.md#73(+1)	N
rubber-hose	build.sh	20	活	doc(lib/style-dna/rubber-hose.md:225)	glob:styles/*/demo/build.sh(exact)#10 ; doc:lib/style-dna/rubber-hose.md#225,lib/style-skills/rubber-hose/SKILL.md#14,lib/style-skills/rubber-hose/SKILL.md#133,lib/style-skills/rubber-hose/SKILL.md#147(+6) ; comment-only:lemo-make.mjs#1363	N
rubber-hose	cast.js	156	活	doc(lib/style-dna/rubber-hose.json:127)	code:styles/rubber-hose/demo/scenes.js#5,styles/rubber-hose/demo/sheet.js#4 ; doc:lib/style-dna/rubber-hose.json#127,lib/style-dna/rubber-hose.json#128,lib/style-dna/rubber-hose.json#129,lib/style-dna/rubber-hose.json#130(+21)	N
rubber-hose	chars.js	366	活	doc(lib/style-dna/rubber-hose.json:118)	code:styles/rubber-hose/demo/bg.js#4,styles/rubber-hose/demo/cast.js#4,styles/rubber-hose/demo/main.js#3(+3) ; contract:lib/dub-visual.json#3548 ; doc:lib/style-dna/rubber-hose.json#118,lib/style-dna/rubber-hose.json#119,lib/style-dna/rubber-hose.json#120,lib/style-dna/rubber-hose.json#121(+25)	N
rubber-hose	events.js	63	活	doc(lib/style-dna/rubber-hose.json:98)	code:styles/rubber-hose/demo/main.js#56 ; doc:lib/style-dna/rubber-hose.json#98,lib/style-dna/rubber-hose.json#99,lib/style-dna/rubber-hose.md#202,lib/style-dna/rubber-hose.md#227(+2)	N
rubber-hose	film.js	83	活	doc(lib/style-dna/rubber-hose.json:134)	code:styles/rubber-hose/demo/main.js#27 ; glob:film*.js(exact)#28,demo/film*.js(dir)#23,styles/*/demo/film.js(exact)#1 ; doc:lib/style-dna/rubber-hose.json#134,lib/style-dna/rubber-hose.json#135,lib/style-dna/rubber-hose.json#136,lib/style-dna/rubber-hose.json#137(+37) ; comment-only:styles/rubber-hose/demo/main.js#7	N
rubber-hose	main.js	62	活	doc(lib/style-dna/rubber-hose.json:155)	code:styles/rubber-hose/demo/index.html#6 ; contract:lib/dub-visual.json#3656 ; doc:lib/style-dna/rubber-hose.json#155,lib/style-dna/rubber-hose.json#156,lib/style-dna/rubber-hose.json#157,lib/style-dna/rubber-hose.json#158(+18)	N
rubber-hose	mix.py	193	活	doc(lib/style-dna/rubber-hose.json:161)	code:styles/rubber-hose/demo/build.sh#10 ; orch:lemo-make.mjs:ORCH[mix.py] ; doc:lib/style-dna/rubber-hose.json#161,lib/style-dna/rubber-hose.json#162,lib/style-dna/rubber-hose.json#163,lib/style-dna/rubber-hose.json#164(+31) ; comment-only:styles/rubber-hose/demo/events.js#1	N
rubber-hose	music/score.py	394	活	doc(lib/style-dna/rubber-hose.json:168)	code:lemo-make.mjs#2214,lemo-make.mjs#2216,lemo-make.mjs#2219(+1) ; orch:lemo-make.mjs:ORCH[music/score.py] ; doc:lib/style-dna/rubber-hose.json#168,lib/style-dna/rubber-hose.json#169,lib/style-dna/rubber-hose.md#309,lib/style-dna/rubber-hose.md#310(+14) ; comment-only:lemo-make.mjs#1126,lemo-make.mjs#1821(+2)	N
rubber-hose	scenes.js	608	活	doc(lib/style-dna/rubber-hose.json:41)	code:styles/rubber-hose/demo/main.js#29 ; contract:lib/dub-visual.json#3635,lib/dub-visual.json#3654,lib/dub-visual.json#3657 ; doc:lib/style-dna/rubber-hose.json#41,lib/style-skills/rubber-hose/SKILL.md#157,lib/style-dna/rubber-hose.json#97,lib/style-dna/rubber-hose.json#98(+5)	N
rubber-hose	sheet.js	157	活	doc(styles/rubber-hose/DEMO.md:76)	code:styles/rubber-hose/demo/main.js#22,styles/rubber-hose/demo/main.js#23 ; doc:styles/rubber-hose/DEMO.md#76	N
rubber-hose	story.js	84	活	doc(lib/style-dna/rubber-hose.json:144)	code:styles/rubber-hose/demo/events.js#2,styles/rubber-hose/demo/main.js#30,styles/rubber-hose/demo/scenes.js#7(+1) ; contract:lib/dub-visual.json#3591,lib/dub-visual.json#3596 ; doc:lib/style-dna/rubber-hose.json#144,lib/style-dna/rubber-hose.json#145,lib/style-dna/rubber-hose.json#146,lib/style-dna/rubber-hose.json#147(+57)	N
rubber-hose	tools/final_asr.py	23	活	doc(styles/rubber-hose/DEMO.md:87)	code:lemo-make.mjs#576,styles/rubber-hose/demo/build.sh#14 ; orch:lemo-make.mjs:ORCH[tools/final_asr.py] ; doc:styles/rubber-hose/DEMO.md#87	N
rubber-hose	tools/still.mjs	28	活	doc(styles/rubber-hose/DEMO.md:83)	code:lemo-make.mjs#573,styles/rubber-hose/demo/build.sh#18,styles/rubber-hose/demo/build.sh#19 ; orch:lemo-make.mjs:ORCH[tools/still.mjs] ; doc:styles/rubber-hose/DEMO.md#83	N
rubber-hose	tools/subs.mjs	11	活	doc(lib/style-skills/rubber-hose/SKILL.md:144)	code:lemo-make.mjs#2066,styles/rubber-hose/demo/build.sh#11 ; orch:lemo-make.mjs:ORCH[tools/subs.mjs] ; doc:lib/style-skills/rubber-hose/SKILL.md#144 ; comment-only:lemo-make.mjs#929,lemo-make.mjs#1984	N
rubber-hose	toon.js	159	活	doc(lib/style-dna/rubber-hose.json:102)	code:styles/rubber-hose/demo/bg.js#3,styles/rubber-hose/demo/cast.js#3,styles/rubber-hose/demo/chars.js#3(+3) ; doc:lib/style-dna/rubber-hose.json#102,lib/style-dna/rubber-hose.json#103,lib/style-dna/rubber-hose.json#104,lib/style-dna/rubber-hose.json#105(+37)	N
rubber-hose	ui.js	49	活	doc(lib/style-dna/rubber-hose.json:159)	code:styles/rubber-hose/demo/main.js#32,styles/rubber-hose/demo/scenes.js#9,styles/rubber-hose/demo/sheet.js#5 ; contract:lib/dub-visual.json#3657 ; doc:lib/style-dna/rubber-hose.json#159,lib/style-dna/rubber-hose.json#160,lib/style-dna/rubber-hose.md#301,lib/style-dna/rubber-hose.md#302(+6)	N
scifi-toon	asr.py	20	活	doc(lib/style-dna/scifi-toon.json:163)	code:styles/scifi-toon/demo/build.sh#8 ; doc:lib/style-dna/scifi-toon.json#163,lib/style-dna/scifi-toon.json#164,lib/style-dna/scifi-toon.md#292,lib/style-dna/scifi-toon.md#293(+10)	N
scifi-toon	build.sh	15	活	doc(lib/style-dna/scifi-toon.md:214)	glob:styles/*/demo/build.sh(exact)#10 ; doc:lib/style-dna/scifi-toon.md#214,lib/style-skills/scifi-toon/SKILL.md#14,lib/style-skills/scifi-toon/SKILL.md#135,lib/style-skills/scifi-toon/SKILL.md#148(+10) ; comment-only:lemo-make.mjs#1363	N
scifi-toon	chars.js	290	活	doc(lib/style-dna/scifi-toon.json:115)	code:styles/scifi-toon/demo/film.js#13,styles/scifi-toon/demo/worlds.js#5 ; contract:lib/dub-visual.json#3674 ; doc:lib/style-dna/scifi-toon.json#115,lib/style-dna/scifi-toon.json#116,lib/style-dna/scifi-toon.json#117,lib/style-dna/scifi-toon.json#118(+27) ; comment-only:styles/scifi-toon/demo/film.js#302	N
scifi-toon	film.js	554	活	doc(lib/style-skills/scifi-toon/_distill.json:19)	code:styles/scifi-toon/demo/main.js#13 ; glob:film*.js(exact)#28,demo/film*.js(dir)#23,styles/*/demo/film.js(exact)#1 ; doc:lib/style-skills/scifi-toon/_distill.json#19,lib/style-skills/scifi-toon/_distill.json#30,lib/style-skills/scifi-toon/_distill.json#35,lib/style-skills/scifi-toon/_distill.json#102(+15) ; comment-only:styles/scifi-toon/demo/main.js#2,styles/scifi-toon/demo/main.js#6	N
scifi-toon	levels.py	12	已声明入口	doc(lib/style-dna/scifi-toon.json:165)	doc:lib/style-dna/scifi-toon.json#165,lib/style-dna/scifi-toon.md#294,lib/style-skills/scifi-toon/SKILL.md#144,lib/style-skills/scifi-toon/_distill.json#66(+5)	N
scifi-toon	main.js	19	活	doc(lib/style-dna/scifi-toon.json:143)	code:styles/scifi-toon/demo/index.html#6 ; contract:lib/dub-visual.json#3714,lib/dub-visual.json#3769,lib/dub-visual.json#3783(+1) ; doc:lib/style-dna/scifi-toon.json#143,lib/style-dna/scifi-toon.json#144,lib/style-dna/scifi-toon.json#145,lib/style-dna/scifi-toon.json#146(+52)	N
scifi-toon	mix.py	162	活	doc(lib/style-dna/scifi-toon.json:166)	code:styles/scifi-toon/demo/build.sh#11,styles/scifi-toon/demo/levels.py#3,styles/scifi-toon/demo/levels.py#4(+1) ; orch:lemo-make.mjs:ORCH[mix.py] ; doc:lib/style-dna/scifi-toon.json#166,lib/style-dna/scifi-toon.json#167,lib/style-dna/scifi-toon.json#168,lib/style-dna/scifi-toon.json#169(+30) ; comment-only:styles/scifi-toon/demo/film.js#509	N
scifi-toon	music/score.py	345	活	doc(lib/style-dna/scifi-toon.json:170)	code:lemo-make.mjs#2214,lemo-make.mjs#2216,lemo-make.mjs#2219(+2) ; orch:lemo-make.mjs:ORCH[music/score.py] ; doc:lib/style-dna/scifi-toon.json#170,lib/style-dna/scifi-toon.md#299,lib/style-skills/scifi-toon/SKILL.md#144,lib/style-skills/scifi-toon/_distill.json#67(+18) ; comment-only:lemo-make.mjs#1126,lemo-make.mjs#1821(+3)	N
scifi-toon	sheet.sh	12	已声明入口	doc(lib/style-dna/scifi-toon.md:218)	doc:lib/style-dna/scifi-toon.md#218,lib/style-skills/scifi-toon/SKILL.md#147,lib/style-skills/scifi-toon/SKILL.md#213,styles/scifi-toon/DEMO.md#82(+2)	N
scifi-toon	srt.mjs	11	活	doc(lib/style-skills/scifi-toon/SKILL.md:145)	code:styles/scifi-toon/demo/build.sh#12 ; doc:lib/style-skills/scifi-toon/SKILL.md#145,lib/style-skills/scifi-toon/SKILL.md#169,lib/style-skills/scifi-toon/SKILL.md#196,lib/style-skills/scifi-toon/_distill.json#29(+3)	N
scifi-toon	story.js	77	活	doc(lib/style-dna/scifi-toon.json:133)	code:styles/scifi-toon/demo/film.js#15,styles/scifi-toon/demo/music/score.py#4 ; contract:lib/dub-visual.json#3719,lib/dub-visual.json#3785 ; doc:lib/style-dna/scifi-toon.json#133,lib/style-dna/scifi-toon.json#134,lib/style-dna/scifi-toon.json#135,lib/style-dna/scifi-toon.json#136(+47)	N
scifi-toon	strip.sh	12	已声明入口	doc(lib/style-dna/scifi-toon.md:218)	doc:lib/style-dna/scifi-toon.md#218,lib/style-skills/scifi-toon/SKILL.md#147,lib/style-skills/scifi-toon/SKILL.md#213,styles/scifi-toon/DEMO.md#82(+2)	N
scifi-toon	toon.js	163	活	doc(lib/style-dna/scifi-toon.json:106)	code:styles/scifi-toon/demo/chars.js#4,styles/scifi-toon/demo/film.js#12,styles/scifi-toon/demo/main.js#3(+1) ; doc:lib/style-dna/scifi-toon.json#106,lib/style-dna/scifi-toon.json#107,lib/style-dna/scifi-toon.json#108,lib/style-dna/scifi-toon.json#109(+41) ; comment-only:styles/rubber-hose/demo/toon.js#1,styles/scifi-toon/demo/film.js#4(+1)	N
scifi-toon	voice.py	46	活	doc(lib/style-dna/scifi-toon.json:160)	code:styles/scifi-toon/demo/build.sh#7,styles/scifi-toon/demo/mix.py#2 ; orch:lemo-make.mjs:ORCH[voice.py] ; doc:lib/style-dna/scifi-toon.json#160,lib/style-dna/scifi-toon.json#161,lib/style-dna/scifi-toon.json#162,lib/style-dna/scifi-toon.md#289(+18) ; comment-only:lemo-make.mjs#1716	N
scifi-toon	worlds.js	381	活	doc(lib/style-dna/scifi-toon.json:121)	code:styles/scifi-toon/demo/film.js#14 ; contract:lib/dub-visual.json#3675 ; doc:lib/style-dna/scifi-toon.json#121,lib/style-dna/scifi-toon.json#122,lib/style-dna/scifi-toon.json#123,lib/style-dna/scifi-toon.json#124(+37)	N
shadow-puppet	backstage.js	111	活	doc(lib/style-dna/shadow-puppet.json:180)	code:styles/shadow-puppet/demo/film.js#20,styles/shadow-puppet/demo/test.js#136 ; doc:lib/style-dna/shadow-puppet.json#180,lib/style-dna/shadow-puppet.json#181,lib/style-dna/shadow-puppet.json#182,lib/style-dna/shadow-puppet.md#292(+5)	N
shadow-puppet	build.sh	18	活	doc(lib/style-dna/shadow-puppet.json:220)	glob:styles/*/demo/build.sh(exact)#10 ; doc:lib/style-dna/shadow-puppet.json#220,lib/style-dna/shadow-puppet.json#221,lib/style-dna/shadow-puppet.json#222,lib/style-dna/shadow-puppet.md#242(+12) ; comment-only:lemo-make.mjs#1363	N
shadow-puppet	carve.js	182	活	doc(lib/style-dna/shadow-puppet.json:160)	code:styles/shadow-puppet/demo/backstage.js#2,styles/shadow-puppet/demo/film.js#13,styles/shadow-puppet/demo/houyi.js#3(+4) ; contract:lib/dub-visual.json#3803 ; doc:lib/style-dna/shadow-puppet.json#160,lib/style-dna/shadow-puppet.json#161,lib/style-dna/shadow-puppet.json#162,lib/style-dna/shadow-puppet.json#163(+25)	N
shadow-puppet	film.js	384	活	doc(lib/style-skills/shadow-puppet/SKILL.md:36)	code:styles/shadow-puppet/demo/main.js#5 ; glob:film*.js(exact)#28,demo/film*.js(dir)#23,styles/*/demo/film.js(exact)#1 ; doc:lib/style-skills/shadow-puppet/SKILL.md#36,lib/style-skills/shadow-puppet/SKILL.md#43,lib/style-skills/shadow-puppet/SKILL.md#140,lib/style-skills/shadow-puppet/SKILL.md#184(+5) ; comment-only:styles/shadow-puppet/demo/main.js#2,styles/shadow-puppet/demo/main.js#4	N
shadow-puppet	gl.js	135	活	doc(lib/style-dna/shadow-puppet.json:148)	code:styles/shadow-puppet/demo/film.js#12 ; doc:lib/style-dna/shadow-puppet.json#148,lib/style-dna/shadow-puppet.json#149,lib/style-dna/shadow-puppet.json#150,lib/style-dna/shadow-puppet.json#151(+29) ; comment-only:styles/shadow-puppet/demo/film.js#4,styles/shadow-puppet/demo/film.js#5(+1)	N
shadow-puppet	houyi.js	322	活	doc(lib/style-dna/shadow-puppet.json:173)	code:styles/shadow-puppet/demo/film.js#15,styles/shadow-puppet/demo/test.js#2,styles/shadow-puppet/demo/test.js#118 ; doc:lib/style-dna/shadow-puppet.json#173,lib/style-dna/shadow-puppet.json#174,lib/style-dna/shadow-puppet.json#175,lib/style-dna/shadow-puppet.json#176(+12)	N
shadow-puppet	hud.js	22	活	doc(lib/style-dna/shadow-puppet.json:200)	code:styles/shadow-puppet/demo/film.js#21,styles/shadow-puppet/demo/test.js#117 ; contract:lib/dub-visual.json#3804,lib/dub-visual.json#3883 ; doc:lib/style-dna/shadow-puppet.json#200,lib/style-dna/shadow-puppet.md#310,lib/style-skills/shadow-puppet/_distill.json#59,lib/style-skills/shadow-puppet/SKILL.md#221(+3)	N
shadow-puppet	main.js	12	活	doc(lib/style-dna/shadow-puppet.json:192)	code:styles/shadow-puppet/demo/index.html#6,styles/shadow-puppet/demo/tools/cues.py#1 ; contract:lib/dub-visual.json#3913 ; doc:lib/style-dna/shadow-puppet.json#192,lib/style-dna/shadow-puppet.json#193,lib/style-dna/shadow-puppet.json#194,lib/style-dna/shadow-puppet.json#195(+18)	N
shadow-puppet	mix.py	158	活	doc(lib/style-dna/shadow-puppet.json:204)	code:styles/shadow-puppet/demo/build.sh#10 ; orch:lemo-make.mjs:ORCH[mix.py] ; doc:lib/style-dna/shadow-puppet.json#204,lib/style-dna/shadow-puppet.json#205,lib/style-dna/shadow-puppet.json#206,lib/style-dna/shadow-puppet.json#207(+21) ; comment-only:styles/shadow-puppet/demo/film.js#360	N
shadow-puppet	music/score.py	298	活	doc(lib/style-dna/shadow-puppet.json:210)	code:lemo-make.mjs#2214,lemo-make.mjs#2216,lemo-make.mjs#2219(+2) ; orch:lemo-make.mjs:ORCH[music/score.py] ; doc:lib/style-dna/shadow-puppet.json#210,lib/style-dna/shadow-puppet.json#211,lib/style-dna/shadow-puppet.json#212,lib/style-dna/shadow-puppet.json#213(+29) ; comment-only:lemo-make.mjs#1126,lemo-make.mjs#1821(+2)	N
shadow-puppet	poses.js	9	活	doc(lib/style-skills/shadow-puppet/SKILL.md:158)	code:styles/shadow-puppet/demo/film.js#16,styles/shadow-puppet/demo/test.js#3 ; doc:lib/style-skills/shadow-puppet/SKILL.md#158,styles/shadow-puppet/DEMO.md#73	N
shadow-puppet	scenery.js	182	活	doc(lib/style-dna/shadow-puppet.json:188)	code:styles/shadow-puppet/demo/film.js#18,styles/shadow-puppet/demo/test.js#115 ; contract:lib/dub-visual.json#3906 ; doc:lib/style-dna/shadow-puppet.json#188,lib/style-dna/shadow-puppet.json#189,lib/style-dna/shadow-puppet.json#190,lib/style-dna/shadow-puppet.json#191(+7)	N
shadow-puppet	stage.js	91	活	doc(lib/style-dna/shadow-puppet.json:183)	code:styles/shadow-puppet/demo/film.js#19 ; doc:lib/style-dna/shadow-puppet.json#183,lib/style-dna/shadow-puppet.json#184,lib/style-dna/shadow-puppet.json#185,lib/style-dna/shadow-puppet.json#186(+9)	N
shadow-puppet	story.js	35	活	doc(lib/style-dna/shadow-puppet.json:201)	code:styles/shadow-puppet/demo/film.js#22,styles/shadow-puppet/demo/music/score.py#4,styles/shadow-puppet/demo/tools/cues.py#4 ; contract:lib/dub-visual.json#3843,lib/dub-visual.json#3908 ; doc:lib/style-dna/shadow-puppet.json#201,lib/style-dna/shadow-puppet.json#202,lib/style-dna/shadow-puppet.json#203,lib/style-dna/shadow-puppet.md#311(+21) ; comment-only:styles/shadow-puppet/demo/music/score.py#16	N
shadow-puppet	suns.js	84	活	doc(lib/style-skills/shadow-puppet/SKILL.md:158)	code:styles/shadow-puppet/demo/film.js#17,styles/shadow-puppet/demo/test.js#4,styles/shadow-puppet/demo/test.js#116 ; doc:lib/style-skills/shadow-puppet/SKILL.md#158,styles/shadow-puppet/DEMO.md#74	N
shadow-puppet	test.js	155	活	doc(styles/shadow-puppet/DEMO.md:78)	code:styles/shadow-puppet/demo/film.js#34 ; contract:lib/dub-visual.json#3805 ; doc:styles/shadow-puppet/DEMO.md#78	N
shadow-puppet	tools/cues.py	15	活	doc(lib/style-dna/shadow-puppet.md:336)	code:lemo-make.mjs#2067,styles/shadow-puppet/demo/build.sh#11 ; orch:lemo-make.mjs:ORCH[tools/cues.py] ; doc:lib/style-dna/shadow-puppet.md#336,lib/style-skills/shadow-puppet/SKILL.md#89,lib/style-skills/shadow-puppet/SKILL.md#91,lib/style-skills/shadow-puppet/SKILL.md#145(+2) ; comment-only:lemo-make.mjs#2018,lemo-make.mjs#2019	N
shadow-puppet	tools/mux.sh	149	活	doc(lib/style-dna/shadow-puppet.json:223)	code:styles/shadow-puppet/demo/build.sh#13 ; orch:lemo-make.mjs:ORCH[tools/mux.sh] ; glob:styles/*/demo/mux.sh(dir)#3,styles/*/demo/tools/mux.sh(exact)#2,tools/*.sh(exact)#1 ; doc:lib/style-dna/shadow-puppet.json#223,lib/style-dna/shadow-puppet.md#330,lib/style-skills/shadow-puppet/SKILL.md#142,lib/style-skills/shadow-puppet/SKILL.md#172(+14) ; comment-only:lemo-make.mjs#1491,lemo-make.mjs#2854	N
shadow-puppet	tools/probe.mjs	18	已声明入口	doc(styles/shadow-puppet/DEMO.md:80)	doc:styles/shadow-puppet/DEMO.md#80	N
silent-film	build.sh	27	活	doc(lib/style-dna/silent-film.json:253)	code:scripts/check-render-venc.mjs#310,scripts/patch-render-venc.mjs#186,scripts/patch-render-venc.mjs#270 ; glob:styles/*/demo/build.sh(exact)#10 ; doc:lib/style-dna/silent-film.json#253,lib/style-dna/silent-film.json#254,lib/style-dna/silent-film.json#255,lib/style-dna/silent-film.md#230(+14) ; comment-only:lemo-make.mjs#1363	N
silent-film	cardspecs.js	16	活	doc(lib/style-dna/silent-film.json:223)	code:styles/silent-film/demo/film.js#10 ; contract:lib/dub-visual.json#3958 ; doc:lib/style-dna/silent-film.json#223,lib/style-dna/silent-film.json#224,lib/style-dna/silent-film.md#326,lib/style-dna/silent-film.md#327(+13)	N
silent-film	chars.js	256	活	doc(lib/style-skills/silent-film/SKILL.md:170)	code:styles/silent-film/demo/frames.js#6,styles/silent-film/demo/poses.js#3,styles/silent-film/demo/scenes/market.js#5(+4) ; doc:lib/style-skills/silent-film/SKILL.md#170,styles/silent-film/DEMO.md#91,styles/silent-film/DEMO.md#113 ; comment-only:styles/silent-film/demo/engine/figure.js#198	N
silent-film	engine/cards.js	107	活	doc(lib/style-dna/silent-film.json:189)	code:styles/silent-film/demo/film.js#7,styles/silent-film/demo/frames.js#8,styles/silent-film/demo/frames.js#82(+1) ; contract:lib/dub-visual.json#3926,lib/dub-visual.json#3995,lib/dub-visual.json#4009(+1) ; glob:styles/*/demo/**/*.js(exact)#1,engine/*.js(exact)#1 ; doc:lib/style-dna/silent-film.json#189,lib/style-dna/silent-film.json#190,lib/style-dna/silent-film.json#191,lib/style-dna/silent-film.json#192(+13)	N
silent-film	engine/figure.js	418	活	doc(lib/style-dna/silent-film.json:193)	code:styles/silent-film/demo/chars.js#3,styles/silent-film/demo/frames.js#2,styles/silent-film/demo/poses.js#2(+4) ; glob:styles/*/demo/**/*.js(exact)#1,engine/*.js(exact)#1 ; doc:lib/style-dna/silent-film.json#193,lib/style-dna/silent-film.json#194,lib/style-dna/silent-film.json#195,lib/style-dna/silent-film.json#196(+22) ; comment-only:styles/silent-film/demo/poses.js#1	N
silent-film	engine/film.js	181	活	doc(lib/style-dna/silent-film.json:180)	code:styles/silent-film/demo/film.js#6,styles/silent-film/demo/frames.js#4,styles/silent-film/demo/stage.js#2 ; glob:film*.js(exact)#28,demo/film*.js(dir)#23,styles/*/demo/**/*.js(exact)#1,styles/*/demo/film.js(dir)#1,engine/*.js(exact)#1 ; doc:lib/style-dna/silent-film.json#180,lib/style-dna/silent-film.json#181,lib/style-dna/silent-film.json#182,lib/style-dna/silent-film.json#183(+26) ; comment-only:styles/silent-film/demo/engine/ink.js#2,styles/silent-film/demo/engine/ink.js#170(+1)	N
silent-film	engine/heads.js	288	活	doc(lib/style-dna/silent-film.json:203)	code:styles/silent-film/demo/chars.js#4,styles/silent-film/demo/engine/figure.js#7 ; glob:styles/*/demo/**/*.js(exact)#1,engine/*.js(exact)#1 ; doc:lib/style-dna/silent-film.json#203,lib/style-dna/silent-film.json#204,lib/style-dna/silent-film.json#205,lib/style-dna/silent-film.json#206(+8)	N
silent-film	engine/ink.js	249	活	doc(lib/style-dna/silent-film.json:168)	code:styles/silent-film/demo/chars.js#2,styles/silent-film/demo/engine/cards.js#2,styles/silent-film/demo/engine/figure.js#6(+10) ; contract:lib/dub-visual.json#3927 ; glob:styles/*/demo/**/*.js(exact)#1,engine/*.js(exact)#1 ; doc:lib/style-dna/silent-film.json#168,lib/style-dna/silent-film.json#169,lib/style-dna/silent-film.json#170,lib/style-dna/silent-film.json#171(+19) ; comment-only:styles/silent-film/demo/stage.js#13	N
silent-film	engine/redraw.js	135	活	doc(lib/style-dna/silent-film.json:176)	code:styles/silent-film/demo/film.js#5,styles/silent-film/demo/frames.js#3,styles/silent-film/demo/sheets.js#26(+1) ; glob:styles/*/demo/**/*.js(exact)#1,engine/*.js(exact)#1 ; doc:lib/style-dna/silent-film.json#176,lib/style-dna/silent-film.json#177,lib/style-dna/silent-film.json#178,lib/style-dna/silent-film.json#179(+8) ; comment-only:styles/silent-film/demo/engine/ink.js#10	N
silent-film	film.js	127	活	doc(lib/style-dna/silent-film.json:159)	code:styles/silent-film/demo/main.js#12 ; contract:lib/dub-visual.json#3928,lib/dub-visual.json#4011 ; glob:film*.js(exact)#28,demo/film*.js(dir)#23,styles/*/demo/film.js(exact)#1 ; doc:lib/style-dna/silent-film.json#159,lib/style-dna/silent-film.json#160,lib/style-dna/silent-film.json#161,lib/style-dna/silent-film.json#162(+34) ; comment-only:styles/silent-film/demo/engine/ink.js#2,styles/silent-film/demo/engine/ink.js#170(+1)	N
silent-film	frames.js	166	已声明入口	doc(lib/style-skills/silent-film/SKILL.md:193)	doc:lib/style-skills/silent-film/SKILL.md#193,styles/silent-film/DEMO.md#94	N
silent-film	main.js	26	活	doc(lib/style-dna/silent-film.json:228)	code:styles/silent-film/demo/index.html#6 ; doc:lib/style-dna/silent-film.json#228,lib/style-dna/silent-film.json#229,lib/style-dna/silent-film.md#331,lib/style-dna/silent-film.md#332(+4) ; comment-only:styles/silent-film/demo/film.js#15,styles/silent-film/demo/stage.js#6(+1)	N
silent-film	mix.py	60	活	doc(lib/style-dna/silent-film.json:231)	code:styles/silent-film/demo/build.sh#16 ; orch:lemo-make.mjs:ORCH[mix.py] ; doc:lib/style-dna/silent-film.json#231,lib/style-dna/silent-film.json#232,lib/style-dna/silent-film.json#233,lib/style-dna/silent-film.json#234(+25)	N
silent-film	music/score.py	189	活	doc(lib/style-dna/silent-film.json:239)	code:lemo-make.mjs#2214,lemo-make.mjs#2216,lemo-make.mjs#2219(+1) ; orch:lemo-make.mjs:ORCH[music/score.py] ; doc:lib/style-dna/silent-film.json#239,lib/style-dna/silent-film.json#240,lib/style-dna/silent-film.json#241,lib/style-dna/silent-film.json#242(+34) ; comment-only:lemo-make.mjs#1126,lemo-make.mjs#1821(+1)	N
silent-film	poses.js	86	活	doc(lib/style-skills/silent-film/SKILL.md:170)	code:styles/silent-film/demo/frames.js#7,styles/silent-film/demo/scenes/market.js#6,styles/silent-film/demo/sheets.js#49(+2) ; doc:lib/style-skills/silent-film/SKILL.md#170,styles/silent-film/DEMO.md#91,styles/silent-film/DEMO.md#113	N
silent-film	scenes/market.js	125	活	doc(lib/style-skills/silent-film/SKILL.md:44)	code:styles/silent-film/demo/frames.js#81 ; doc:lib/style-skills/silent-film/SKILL.md#44	N
silent-film	sets.js	189	活	doc(lib/style-dna/silent-film.json:207)	code:styles/silent-film/demo/scenes/market.js#3,styles/silent-film/demo/shots.js#3 ; doc:lib/style-dna/silent-film.json#207,lib/style-dna/silent-film.json#208,lib/style-dna/silent-film.json#209,lib/style-dna/silent-film.json#210(+10)	N
silent-film	sheets.js	83	已声明入口	doc(lib/style-skills/silent-film/SKILL.md:193)	doc:lib/style-skills/silent-film/SKILL.md#193	N
silent-film	shots.js	395	活	doc(lib/style-dna/silent-film.json:212)	code:styles/silent-film/demo/film.js#12 ; doc:lib/style-dna/silent-film.json#212,lib/style-dna/silent-film.json#213,lib/style-dna/silent-film.json#214,lib/style-dna/silent-film.json#215(+24)	N
silent-film	stage.js	55	活	doc(lib/style-dna/silent-film.json:225)	code:styles/silent-film/demo/film.js#11,styles/silent-film/demo/main.js#2,styles/silent-film/demo/sheets.js#2 ; doc:lib/style-dna/silent-film.json#225,lib/style-dna/silent-film.json#226,lib/style-dna/silent-film.json#227,lib/style-dna/silent-film.md#328(+8) ; comment-only:styles/silent-film/demo/film.js#15	N
silent-film	timeline.js	73	活	doc(lib/style-dna/silent-film.json:154)	code:styles/silent-film/demo/film.js#9,styles/silent-film/demo/shots.js#8,styles/silent-film/demo/tools/dump_timeline.mjs#4 ; doc:lib/style-dna/silent-film.json#154,lib/style-dna/silent-film.json#155,lib/style-dna/silent-film.json#156,lib/style-dna/silent-film.json#157(+20) ; comment-only:styles/silent-film/demo/scenes/market.js#2,styles/silent-film/demo/tools/dump_timeline.mjs#1	N
silent-film	tools/cuecheck.py	10	活	doc(lib/style-dna/silent-film.json:251)	code:lemo-make.mjs#575,styles/silent-film/demo/build.sh#15 ; orch:lemo-make.mjs:ORCH[tools/cuecheck.py] ; doc:lib/style-dna/silent-film.json#251,lib/style-dna/silent-film.md#354,lib/style-skills/silent-film/SKILL.md#148,lib/style-dna/silent-film.json#111(+12)	N
silent-film	tools/dump_timeline.mjs	7	活	doc(lib/style-skills/silent-film/SKILL.md:151)	code:styles/silent-film/demo/build.sh#13 ; orch:lemo-make.mjs:ORCH[tools/dump_timeline.mjs] ; doc:lib/style-skills/silent-film/SKILL.md#151,lib/style-skills/silent-film/SKILL.md#203,lib/style-skills/silent-film/_distill.json#91,lib/style-dna/silent-film.json#111(+9)	N
silent-film	tools/subs.py	10	活	doc(lib/style-dna/silent-film.json:252)	code:lemo-make.mjs#2066,styles/silent-film/demo/build.sh#17 ; orch:lemo-make.mjs:ORCH[tools/subs.py] ; doc:lib/style-dna/silent-film.json#252,lib/style-dna/silent-film.md#355,lib/style-skills/silent-film/SKILL.md#78,lib/style-skills/silent-film/SKILL.md#149(+5) ; comment-only:lemo-make.mjs#2018,lemo-make.mjs#2030	N
silkscreen-poster	build.sh	18	活	doc(lib/style-dna/silkscreen-poster.json:148)	glob:styles/*/demo/build.sh(exact)#10 ; doc:lib/style-dna/silkscreen-poster.json#148,lib/style-dna/silkscreen-poster.md#237,lib/style-dna/silkscreen-poster.md#294,lib/style-skills/silkscreen-poster/SKILL.md#14(+13) ; comment-only:lemo-make.mjs#1363	N
silkscreen-poster	engine/poster.js	226	活	doc(lib/style-dna/silkscreen-poster.json:139)	code:styles/silkscreen-poster/demo/film.js#4 ; contract:lib/dub-visual.json#4030,lib/dub-visual.json#4090,lib/dub-visual.json#4112 ; glob:styles/*/demo/**/*.js(exact)#1,engine/*.js(exact)#1 ; doc:lib/style-dna/silkscreen-poster.json#139,lib/style-dna/silkscreen-poster.json#140,lib/style-dna/silkscreen-poster.md#285,lib/style-dna/silkscreen-poster.md#286(+24)	N
silkscreen-poster	engine/scenes.js	220	活	doc(lib/style-skills/silkscreen-poster/_distill.json:63)	code:styles/silkscreen-poster/demo/engine/poster.js#4 ; glob:styles/*/demo/**/*.js(exact)#1,engine/*.js(exact)#1 ; doc:lib/style-skills/silkscreen-poster/_distill.json#63,lib/style-dna/silkscreen-poster.json#104,lib/style-dna/silkscreen-poster.md#193,lib/style-skills/silkscreen-poster/SKILL.md#170(+8)	N
silkscreen-poster	engine/silk.js	302	活	doc(styles/silkscreen-poster/STYLE.md:114)	code:styles/silkscreen-poster/demo/engine/poster.js#3,styles/silkscreen-poster/demo/engine/scenes.js#7,styles/silkscreen-poster/demo/film.js#3 ; contract:lib/dub-visual.json#4029,lib/dub-visual.json#4109 ; glob:styles/*/demo/**/*.js(exact)#1,engine/*.js(exact)#1 ; doc:styles/silkscreen-poster/STYLE.md#114,lib/style-skills/silkscreen-poster/SKILL.md#17,lib/style-skills/silkscreen-poster/SKILL.md#39,lib/style-skills/silkscreen-poster/SKILL.md#211(+2)	N
silkscreen-poster	film.js	468	活	doc(lib/style-dna/silkscreen-poster.json:129)	code:styles/silkscreen-poster/demo/main.js#1 ; contract:lib/dub-visual.json#4031 ; glob:film*.js(exact)#28,demo/film*.js(dir)#23,styles/*/demo/film.js(exact)#1 ; doc:lib/style-dna/silkscreen-poster.json#129,lib/style-dna/silkscreen-poster.json#130,lib/style-dna/silkscreen-poster.json#131,lib/style-dna/silkscreen-poster.json#132(+53) ; comment-only:scripts/check-ref-lines.mjs#357,scripts/check-ref-lines.mjs#790	N
silkscreen-poster	main.js	14	活	doc(lib/style-skills/silkscreen-poster/SKILL.md:147)	code:styles/silkscreen-poster/demo/index.html#6 ; contract:lib/dub-visual.json#4059 ; doc:lib/style-skills/silkscreen-poster/SKILL.md#147,lib/style-dna/silkscreen-poster.json#105,lib/style-dna/silkscreen-poster.md#206,lib/style-skills/silkscreen-poster/SKILL.md#44	N
silkscreen-poster	mix.py	186	活	doc(lib/style-dna/silkscreen-poster.json:141)	code:styles/silkscreen-poster/demo/build.sh#11 ; orch:lemo-make.mjs:ORCH[mix.py] ; doc:lib/style-dna/silkscreen-poster.json#141,lib/style-dna/silkscreen-poster.json#142,lib/style-dna/silkscreen-poster.json#143,lib/style-dna/silkscreen-poster.md#287(+19)	N
silkscreen-poster	music/compose.py	295	活	doc(lib/style-dna/silkscreen-poster.json:144)	code:lemo-make.mjs#2216,lemo-make.mjs#2219,styles/silkscreen-poster/demo/build.sh#10(+1) ; orch:lemo-make.mjs:ORCH[music/compose.py] ; doc:lib/style-dna/silkscreen-poster.json#144,lib/style-dna/silkscreen-poster.json#145,lib/style-dna/silkscreen-poster.md#290,lib/style-dna/silkscreen-poster.md#291(+17)	N
silkscreen-poster	tools/cuecheck.py	16	活	doc(lib/style-dna/silkscreen-poster.json:147)	code:lemo-make.mjs#575,styles/silkscreen-poster/demo/build.sh#12 ; orch:lemo-make.mjs:ORCH[tools/cuecheck.py] ; doc:lib/style-dna/silkscreen-poster.json#147,lib/style-dna/silkscreen-poster.md#293,lib/style-skills/silkscreen-poster/SKILL.md#150,lib/style-dna/silkscreen-poster.md#243(+5)	N
silkscreen-poster	tools/timeline.mjs	10	活	doc(lib/style-dna/silkscreen-poster.json:146)	code:styles/silkscreen-poster/demo/build.sh#8 ; doc:lib/style-dna/silkscreen-poster.json#146,lib/style-dna/silkscreen-poster.md#292,lib/style-skills/silkscreen-poster/SKILL.md#153,lib/style-dna/silkscreen-poster.json#105(+5)	N
spy-titles	build.sh	17	活	doc(lib/style-skills/spy-titles/SKILL.md:14)	glob:styles/*/demo/build.sh(exact)#10 ; doc:lib/style-skills/spy-titles/SKILL.md#14,lib/style-skills/spy-titles/SKILL.md#133,lib/style-skills/spy-titles/SKILL.md#146,lib/style-skills/spy-titles/_distill.json#50(+4) ; comment-only:lemo-make.mjs#1363	N
spy-titles	chars.js	322	活	doc(lib/style-dna/spy-titles.md:224)	code:styles/spy-titles/demo/film.js#4,styles/spy-titles/demo/frames.js#4,styles/spy-titles/demo/main.js#3(+3) ; doc:lib/style-dna/spy-titles.md#224,lib/style-skills/spy-titles/SKILL.md#173,styles/spy-titles/DEMO.md#91,styles/spy-titles/STYLE.md#102	N
spy-titles	film.js	485	活	doc(lib/style-dna/spy-titles.json:135)	code:styles/spy-titles/demo/main.js#6 ; contract:lib/dub-visual.json#4189,lib/dub-visual.json#4204 ; glob:film*.js(exact)#28,demo/film*.js(dir)#23,styles/*/demo/film.js(exact)#1 ; doc:lib/style-dna/spy-titles.json#135,lib/style-dna/spy-titles.json#136,lib/style-dna/spy-titles.json#137,lib/style-dna/spy-titles.json#138(+43) ; comment-only:styles/spy-titles/demo/main.js#19,styles/spy-titles/demo/scenes.js#1(+1)	N
spy-titles	frames.js	198	活	doc(MAINTAINING.md:215)	code:styles/spy-titles/demo/film.js#8,styles/spy-titles/demo/main.js#5 ; contract:lib/dub-visual.json#4226 ; doc:MAINTAINING.md#215,lib/style-dna/spy-titles.json#98,lib/style-dna/spy-titles.md#178,lib/style-skills/spy-titles/SKILL.md#45(+5)	N
spy-titles	glyph.js	66	活	doc(lib/style-dna/spy-titles.json:130)	code:styles/spy-titles/demo/film.js#3,styles/spy-titles/demo/frames.js#3,styles/spy-titles/demo/main.js#2(+2) ; doc:lib/style-dna/spy-titles.json#130,lib/style-dna/spy-titles.json#131,lib/style-dna/spy-titles.json#132,lib/style-dna/spy-titles.md#272(+11)	N
spy-titles	main.js	48	活	doc(lib/style-dna/spy-titles.json:100)	code:styles/spy-titles/demo/index.html#7 ; contract:lib/dub-visual.json#4164 ; doc:lib/style-dna/spy-titles.json#100,lib/style-dna/spy-titles.md#193,lib/style-skills/spy-titles/SKILL.md#45,lib/style-skills/spy-titles/SKILL.md#139(+1)	N
spy-titles	mix.py	164	活	doc(lib/style-dna/spy-titles.json:141)	code:styles/spy-titles/demo/build.sh#10 ; orch:lemo-make.mjs:ORCH[mix.py] ; doc:lib/style-dna/spy-titles.json#141,lib/style-dna/spy-titles.json#142,lib/style-dna/spy-titles.md#282,lib/style-dna/spy-titles.md#283(+16) ; comment-only:styles/spy-titles/demo/film.js#447	N
spy-titles	music/score.py	340	活	doc(lib/style-skills/spy-titles/SKILL.md:142)	code:lemo-make.mjs#2214,lemo-make.mjs#2216,lemo-make.mjs#2219(+1) ; orch:lemo-make.mjs:ORCH[music/score.py] ; doc:lib/style-skills/spy-titles/SKILL.md#142,lib/style-skills/spy-titles/SKILL.md#158,lib/style-dna/spy-titles.md#229,lib/style-dna/spy-titles.md#234(+5) ; comment-only:lemo-make.mjs#1126,lemo-make.mjs#1821(+1)	N
spy-titles	paper.js	168	活	doc(lib/style-dna/spy-titles.json:124)	code:styles/spy-titles/demo/chars.js#3,styles/spy-titles/demo/film.js#2,styles/spy-titles/demo/frames.js#2(+5) ; contract:lib/dub-visual.json#4129,lib/dub-visual.json#4223 ; doc:lib/style-dna/spy-titles.json#124,lib/style-dna/spy-titles.json#125,lib/style-dna/spy-titles.json#126,lib/style-dna/spy-titles.json#127(+40)	N
spy-titles	scenes.js	301	活	doc(MAINTAINING.md:209)	code:styles/spy-titles/demo/film.js#6,styles/spy-titles/demo/film.js#7,styles/spy-titles/demo/main.js#7 ; doc:MAINTAINING.md#209,lib/style-skills/spy-titles/SKILL.md#158,lib/style-dna/spy-titles.md#226,lib/style-skills/spy-titles/SKILL.md#45(+3)	N
spy-titles	sheet.js	116	活	doc(styles/spy-titles/DEMO.md:95)	code:styles/spy-titles/demo/main.js#4 ; doc:styles/spy-titles/DEMO.md#95	N
spy-titles	story.js	22	活	doc(lib/style-dna/spy-titles.json:121)	code:styles/spy-titles/demo/film.js#9 ; doc:lib/style-dna/spy-titles.json#121,lib/style-dna/spy-titles.json#122,lib/style-dna/spy-titles.json#123,lib/style-dna/spy-titles.md#263(+25) ; comment-only:styles/spy-titles/demo/film.js#1	N
spy-titles	title.js	96	活	doc(lib/style-dna/spy-titles.json:133)	code:styles/spy-titles/demo/film.js#5,styles/spy-titles/demo/frames.js#5,styles/spy-titles/demo/main.js#8(+1) ; contract:lib/dub-visual.json#4226 ; doc:lib/style-dna/spy-titles.json#133,lib/style-dna/spy-titles.json#134,lib/style-dna/spy-titles.md#274,lib/style-dna/spy-titles.md#275(+10)	N
spy-titles	tools/mux.sh	148	活	doc(lib/style-skills/spy-titles/SKILL.md:140)	code:styles/spy-titles/demo/build.sh#13 ; orch:lemo-make.mjs:ORCH[tools/mux.sh] ; glob:styles/*/demo/mux.sh(dir)#3,styles/*/demo/tools/mux.sh(exact)#2,tools/*.sh(exact)#1 ; doc:lib/style-skills/spy-titles/SKILL.md#140,lib/style-skills/spy-titles/SKILL.md#227,lib/style-skills/spy-titles/_distill.json#51,lib/style-skills/spy-titles/_distill.json#79(+8) ; comment-only:lemo-make.mjs#1491,lemo-make.mjs#2854(+1)	N
spy-titles	tools/subs.py	8	活	doc(lib/style-skills/spy-titles/SKILL.md:143)	code:lemo-make.mjs#2066,styles/spy-titles/demo/build.sh#11 ; orch:lemo-make.mjs:ORCH[tools/subs.py] ; doc:lib/style-skills/spy-titles/SKILL.md#143,lib/style-skills/spy-titles/SKILL.md#148 ; comment-only:lemo-make.mjs#2018,lemo-make.mjs#2030	N
spy-titles	vendor/opentype.min.js	2	活		code:styles/spy-titles/demo/index.html#5 ; glob:vendor/*.min.js(exact)#1,styles/*/demo/**/*.js(exact)#1	N
stained-glass	build.sh	17	活	doc(lib/style-dna/stained-glass.md:252)	glob:styles/*/demo/build.sh(exact)#10 ; doc:lib/style-dna/stained-glass.md#252,lib/style-skills/stained-glass/SKILL.md#14,lib/style-skills/stained-glass/SKILL.md#142,lib/style-skills/stained-glass/SKILL.md#155(+6) ; comment-only:lemo-make.mjs#1363	N
stained-glass	comp.js	194	活	doc(lib/style-dna/stained-glass.json:143)	code:styles/stained-glass/demo/main.js#1 ; doc:lib/style-dna/stained-glass.json#143,lib/style-dna/stained-glass.json#144,lib/style-dna/stained-glass.json#145,lib/style-dna/stained-glass.json#146(+22)	N
stained-glass	dragon.js	265	活	doc(lib/style-skills/stained-glass/SKILL.md:169)	code:styles/stained-glass/demo/frames.js#3,styles/stained-glass/demo/story.js#4,styles/stained-glass/demo/test.js#4(+1) ; doc:lib/style-skills/stained-glass/SKILL.md#169,lib/style-dna/stained-glass.json#101,lib/style-dna/stained-glass.md#203,lib/style-dna/stained-glass.md#241(+6)	N
stained-glass	film.js	15	活	doc(lib/style-skills/stained-glass/SKILL.md:45)	code:styles/stained-glass/demo/main.js#7,styles/stained-glass/demo/scene.js#6,styles/stained-glass/demo/subs.js#5 ; glob:film*.js(exact)#28,demo/film*.js(dir)#23,styles/*/demo/film.js(exact)#1 ; doc:lib/style-skills/stained-glass/SKILL.md#45,lib/style-skills/stained-glass/SKILL.md#148,lib/style-skills/stained-glass/_distill.json#28,lib/style-skills/stained-glass/_distill.json#93(+3)	N
stained-glass	frames.js	29	活	doc(lib/style-dna/stained-glass.md:244)	code:styles/stained-glass/demo/main.js#4 ; doc:lib/style-dna/stained-glass.md#244,styles/stained-glass/DEMO.md#99,styles/stained-glass/STYLE.md#109	N
stained-glass	glass.js	209	活	doc(lib/style-dna/stained-glass.json:135)	code:styles/stained-glass/demo/dragon.js#3,styles/stained-glass/demo/knight.js#3,styles/stained-glass/demo/scene.js#4(+4) ; contract:lib/dub-visual.json#4243 ; doc:lib/style-dna/stained-glass.json#135,lib/style-dna/stained-glass.json#136,lib/style-dna/stained-glass.json#137,lib/style-dna/stained-glass.json#138(+35)	N
stained-glass	knight.js	202	活	doc(lib/style-skills/stained-glass/SKILL.md:169)	code:styles/stained-glass/demo/frames.js#2,styles/stained-glass/demo/story.js#3,styles/stained-glass/demo/test.js#3(+1) ; doc:lib/style-skills/stained-glass/SKILL.md#169,lib/style-dna/stained-glass.json#101,lib/style-dna/stained-glass.md#203,lib/style-dna/stained-glass.md#241(+6)	N
stained-glass	main.js	35	活	doc(lib/style-dna/stained-glass.json:102)	code:styles/stained-glass/demo/index.html#6 ; doc:lib/style-dna/stained-glass.json#102,lib/style-dna/stained-glass.md#207,lib/style-skills/stained-glass/SKILL.md#45,lib/style-skills/stained-glass/SKILL.md#148(+2) ; comment-only:styles/stained-glass/demo/film.js#2,styles/stained-glass/demo/film.js#13	N
stained-glass	mix.py	137	活	doc(lib/style-dna/stained-glass.json:151)	code:styles/stained-glass/demo/build.sh#10 ; orch:lemo-make.mjs:ORCH[mix.py] ; doc:lib/style-dna/stained-glass.json#151,lib/style-dna/stained-glass.json#152,lib/style-dna/stained-glass.json#153,lib/style-dna/stained-glass.json#154(+26)	N
stained-glass	music/score.py	144	活	doc(lib/style-skills/stained-glass/SKILL.md:151)	code:lemo-make.mjs#2214,lemo-make.mjs#2216,lemo-make.mjs#2219(+1) ; orch:lemo-make.mjs:ORCH[music/score.py] ; doc:lib/style-skills/stained-glass/SKILL.md#151,lib/style-skills/stained-glass/SKILL.md#169,styles/stained-glass/DEMO.md#54,lib/style-dna/stained-glass.md#245(+6) ; comment-only:lemo-make.mjs#1126,lemo-make.mjs#1821(+1)	N
stained-glass	scene.js	104	活	doc(lib/style-dna/stained-glass.json:147)	code:styles/stained-glass/demo/main.js#3 ; doc:lib/style-dna/stained-glass.json#147,lib/style-dna/stained-glass.json#148,lib/style-dna/stained-glass.json#149,lib/style-dna/stained-glass.md#302(+14)	N
stained-glass	story.js	215	活	doc(lib/style-dna/stained-glass.json:123)	code:styles/stained-glass/demo/main.js#5 ; contract:lib/dub-visual.json#4279,lib/dub-visual.json#4342 ; doc:lib/style-dna/stained-glass.json#123,lib/style-dna/stained-glass.json#124,lib/style-dna/stained-glass.json#125,lib/style-dna/stained-glass.json#126(+53)	N
stained-glass	subs.js	31	活	doc(lib/style-dna/stained-glass.json:150)	code:styles/stained-glass/demo/main.js#6 ; contract:lib/dub-styles.json#3327,lib/dub-visual.json#4319 ; doc:lib/style-dna/stained-glass.json#150,lib/style-dna/stained-glass.md#305,lib/style-dna/stained-glass.json#18,lib/style-dna/stained-glass.md#50(+9)	N
stained-glass	subs_export.py	9	活	doc(lib/style-skills/stained-glass/_distill.json:55)	code:styles/stained-glass/demo/build.sh#11 ; orch:lemo-make.mjs:ORCH[subs_export.py] ; doc:lib/style-skills/stained-glass/_distill.json#55,lib/style-skills/stained-glass/SKILL.md#97,lib/style-skills/stained-glass/SKILL.md#152,lib/style-skills/stained-glass/SKILL.md#179(+10)	N
stained-glass	test.js	121	活	doc(lib/style-skills/stained-glass/SKILL.md:181)	code:styles/stained-glass/demo/main.js#2 ; contract:lib/dub-styles.json#3327,lib/dub-visual.json#4244 ; doc:lib/style-skills/stained-glass/SKILL.md#181,lib/style-skills/stained-glass/_distill.json#94,test/README.md#949,lib/style-dna/stained-glass.md#244(+6)	N
stained-glass	tools/final_asr.py	19	活	self-header(docstring)	code:lemo-make.mjs#576 ; orch:lemo-make.mjs:ORCH[tools/final_asr.py]	N
stained-glass	tools/mux.sh	148	活	doc(lib/style-skills/stained-glass/SKILL.md:149)	code:styles/stained-glass/demo/build.sh#13 ; orch:lemo-make.mjs:ORCH[tools/mux.sh] ; glob:styles/*/demo/mux.sh(dir)#3,styles/*/demo/tools/mux.sh(exact)#2,tools/*.sh(exact)#1 ; doc:lib/style-skills/stained-glass/SKILL.md#149,lib/style-skills/stained-glass/SKILL.md#249,lib/style-skills/stained-glass/_distill.json#54,lib/style-dna/stained-glass.md#252(+13) ; comment-only:lemo-make.mjs#1491,lemo-make.mjs#2854	N
stained-glass	window.js	281	活	doc(lib/style-skills/stained-glass/SKILL.md:169)	code:styles/stained-glass/demo/frames.js#4,styles/stained-glass/demo/scene.js#5,styles/stained-glass/demo/story.js#5(+1) ; doc:lib/style-skills/stained-glass/SKILL.md#169,lib/style-dna/stained-glass.json#100,lib/style-dna/stained-glass.md#193,lib/style-dna/stained-glass.md#242(+8)	N
swiss-motion	build.sh	17	活	doc(lib/style-dna/swiss-motion.md:227)	glob:styles/*/demo/build.sh(exact)#10 ; doc:lib/style-dna/swiss-motion.md#227,lib/style-skills/swiss-motion/SKILL.md#14,lib/style-skills/swiss-motion/SKILL.md#136,lib/style-skills/swiss-motion/SKILL.md#149(+8) ; comment-only:lemo-make.mjs#1363	N
swiss-motion	ease.js	44	活	doc(lib/style-dna/swiss-motion.json:119)	code:styles/swiss-motion/demo/film.js#3 ; contract:lib/dub-visual.json#4363 ; doc:lib/style-dna/swiss-motion.json#119,lib/style-dna/swiss-motion.json#120,lib/style-dna/swiss-motion.json#121,lib/style-dna/swiss-motion.json#122(+22)	N
swiss-motion	film.js	555	活	doc(lib/style-dna/swiss-motion.json:124)	code:styles/swiss-motion/demo/main.js#1,styles/swiss-motion/demo/tools/subs.py#1 ; contract:lib/dub-visual.json#4362,lib/dub-visual.json#4405,lib/dub-visual.json#4433(+4) ; glob:film*.js(exact)#28,demo/film*.js(dir)#23,styles/*/demo/film.js(exact)#1 ; doc:lib/style-dna/swiss-motion.json#124,lib/style-dna/swiss-motion.json#125,lib/style-dna/swiss-motion.json#126,lib/style-dna/swiss-motion.json#127(+76) ; comment-only:styles/swiss-motion/demo/main.js#10	N
swiss-motion	main.js	21	活	doc(lib/style-dna/swiss-motion.json:97)	code:styles/swiss-motion/demo/index.html#6 ; contract:lib/dub-visual.json#4400 ; doc:lib/style-dna/swiss-motion.json#97,lib/style-dna/swiss-motion.md#188,lib/style-dna/swiss-motion.md#217,lib/style-skills/swiss-motion/SKILL.md#161(+2)	N
swiss-motion	mix.py	117	活	doc(lib/style-dna/swiss-motion.json:138)	code:styles/swiss-motion/demo/build.sh#11 ; orch:lemo-make.mjs:ORCH[mix.py] ; doc:lib/style-dna/swiss-motion.json#138,lib/style-dna/swiss-motion.json#139,lib/style-dna/swiss-motion.md#274,lib/style-dna/swiss-motion.md#275(+14) ; comment-only:styles/swiss-motion/demo/film.js#523	N
swiss-motion	music/score.py	169	活	doc(lib/style-skills/swiss-motion/SKILL.md:145)	code:lemo-make.mjs#2214,lemo-make.mjs#2216,lemo-make.mjs#2219(+1) ; orch:lemo-make.mjs:ORCH[music/score.py] ; doc:lib/style-skills/swiss-motion/SKILL.md#145,lib/style-skills/swiss-motion/SKILL.md#163,lib/style-dna/swiss-motion.md#219,lib/style-dna/swiss-motion.md#226(+6) ; comment-only:lemo-make.mjs#1126,lemo-make.mjs#1821(+1)	N
swiss-motion	tools/subs.py	12	活	doc(lib/style-skills/swiss-motion/SKILL.md:146)	code:lemo-make.mjs#2066,styles/swiss-motion/demo/build.sh#12 ; orch:lemo-make.mjs:ORCH[tools/subs.py] ; doc:lib/style-skills/swiss-motion/SKILL.md#146,lib/style-dna/swiss-motion.md#220,lib/style-skills/swiss-motion/SKILL.md#91,lib/style-skills/swiss-motion/SKILL.md#151(+4) ; comment-only:lemo-make.mjs#2018,lemo-make.mjs#2030	N
swiss-motion	tools/words.py	21	活	doc(lib/style-skills/swiss-motion/SKILL.md:145)	code:styles/swiss-motion/demo/build.sh#8 ; orch:lemo-make.mjs:ORCH[tools/words.py] ; doc:lib/style-skills/swiss-motion/SKILL.md#145,lib/style-dna/swiss-motion.json#97,lib/style-dna/swiss-motion.md#188,lib/style-dna/swiss-motion.md#218(+10) ; comment-only:lemo-make.mjs#2508,lemo-make.mjs#2522(+1)	N
tilt-shift	build.sh	27	活	doc(lib/style-dna/tilt-shift.md:213)	glob:styles/*/demo/build.sh(exact)#10 ; doc:lib/style-dna/tilt-shift.md#213,lib/style-skills/tilt-shift/SKILL.md#14,lib/style-skills/tilt-shift/SKILL.md#135,lib/style-skills/tilt-shift/SKILL.md#148(+9) ; comment-only:lemo-make.mjs#1363	N
tilt-shift	city.js	532	活	doc(lib/style-skills/tilt-shift/SKILL.md:56)	code:styles/tilt-shift/demo/ducks.js#5,styles/tilt-shift/demo/main.js#5,styles/tilt-shift/demo/sky.js#3(+2) ; contract:lib/dub-visual.json#4482 ; doc:lib/style-skills/tilt-shift/SKILL.md#56,lib/style-skills/tilt-shift/SKILL.md#161,lib/style-dna/tilt-shift.json#94,lib/style-dna/tilt-shift.json#95(+7)	N
tilt-shift	ducks.js	139	活	doc(lib/style-dna/tilt-shift.json:130)	code:styles/tilt-shift/demo/main.js#10 ; doc:lib/style-dna/tilt-shift.json#130,lib/style-dna/tilt-shift.json#131,lib/style-dna/tilt-shift.json#132,lib/style-dna/tilt-shift.json#133(+20)	N
tilt-shift	film.js	12	活	doc(lib/style-skills/tilt-shift/SKILL.md:43)	glob:film*.js(exact)#28,demo/film*.js(dir)#22,styles/*/demo/film.js(exact)#1 ; doc:lib/style-skills/tilt-shift/SKILL.md#43,lib/style-skills/tilt-shift/SKILL.md#56,lib/style-skills/tilt-shift/SKILL.md#141,lib/style-skills/tilt-shift/SKILL.md#169(+4)	N
tilt-shift	geo.js	108	活	doc(lib/style-skills/tilt-shift/SKILL.md:161)	code:styles/tilt-shift/demo/city.js#3 ; doc:lib/style-skills/tilt-shift/SKILL.md#161,lib/style-dna/tilt-shift.json#94,lib/style-dna/tilt-shift.json#95,lib/style-dna/tilt-shift.md#171(+7)	N
tilt-shift	main.js	445	活	doc(lib/style-dna/tilt-shift.json:96)	code:styles/tilt-shift/demo/index.html#41 ; contract:lib/dub-visual.json#4558,lib/dub-visual.json#4584 ; doc:lib/style-dna/tilt-shift.json#96,lib/style-dna/tilt-shift.json#97,lib/style-dna/tilt-shift.md#183,lib/style-dna/tilt-shift.md#209(+4) ; comment-only:styles/tilt-shift/demo/film.js#3,styles/tilt-shift/demo/film.js#2	N
tilt-shift	mix.py	142	活	doc(lib/style-dna/tilt-shift.json:135)	code:styles/tilt-shift/demo/build.sh#16 ; orch:lemo-make.mjs:ORCH[mix.py] ; doc:lib/style-dna/tilt-shift.json#135,lib/style-dna/tilt-shift.json#136,lib/style-dna/tilt-shift.json#137,lib/style-dna/tilt-shift.md#259(+21)	N
tilt-shift	music/score.py	282	活	doc(lib/style-skills/tilt-shift/SKILL.md:144)	code:lemo-make.mjs#2214,lemo-make.mjs#2216,lemo-make.mjs#2219(+1) ; orch:lemo-make.mjs:ORCH[music/score.py] ; doc:lib/style-skills/tilt-shift/SKILL.md#144,lib/style-skills/tilt-shift/SKILL.md#161,styles/tilt-shift/DEMO.md#33,lib/style-dna/tilt-shift.md#210(+2) ; comment-only:lemo-make.mjs#1126,lemo-make.mjs#1821(+1)	N
tilt-shift	post.js	130	活	doc(lib/style-dna/tilt-shift.json:125)	code:styles/tilt-shift/demo/main.js#3 ; doc:lib/style-dna/tilt-shift.json#125,lib/style-dna/tilt-shift.json#126,lib/style-dna/tilt-shift.json#127,lib/style-dna/tilt-shift.json#128(+21)	N
tilt-shift	sky.js	85	活	doc(lib/style-skills/tilt-shift/SKILL.md:161)	code:styles/tilt-shift/demo/main.js#6 ; contract:lib/dub-visual.json#4483 ; doc:lib/style-skills/tilt-shift/SKILL.md#161,lib/style-dna/tilt-shift.json#94,lib/style-dna/tilt-shift.md#171,lib/style-dna/tilt-shift.md#206(+3)	N
tilt-shift	story.js	60	活	doc(lib/style-dna/tilt-shift.json:117)	code:styles/tilt-shift/demo/main.js#9 ; contract:lib/dub-visual.json#4520,lib/dub-visual.json#4577,lib/dub-visual.json#4579 ; doc:lib/style-dna/tilt-shift.json#117,lib/style-dna/tilt-shift.json#118,lib/style-dna/tilt-shift.json#119,lib/style-dna/tilt-shift.json#120(+38)	N
tilt-shift	subs.mjs	9	活	doc(lib/style-skills/tilt-shift/_distill.json:49)	code:styles/tilt-shift/demo/build.sh#11 ; orch:lemo-make.mjs:ORCH[subs.mjs] ; doc:lib/style-skills/tilt-shift/_distill.json#49,lib/style-dna/tilt-shift.json#96,lib/style-dna/tilt-shift.md#183,lib/style-dna/tilt-shift.md#210(+4)	N
tilt-shift	traffic.js	275	活	doc(lib/style-skills/tilt-shift/SKILL.md:161)	code:styles/tilt-shift/demo/main.js#7 ; doc:lib/style-skills/tilt-shift/SKILL.md#161,lib/style-dna/tilt-shift.json#94,lib/style-dna/tilt-shift.json#95,lib/style-dna/tilt-shift.md#172(+7)	N
tilt-shift	train.js	48	活	doc(lib/style-dna/tilt-shift.json:95)	code:styles/tilt-shift/demo/main.js#8 ; doc:lib/style-dna/tilt-shift.json#95,lib/style-dna/tilt-shift.md#179,lib/style-dna/tilt-shift.md#207,lib/style-skills/tilt-shift/SKILL.md#112(+3)	N
ukiyoe	build.sh	15	活	doc(lib/style-dna/ukiyoe.md:238)	glob:styles/*/demo/build.sh(exact)#10 ; doc:lib/style-dna/ukiyoe.md#238,lib/style-skills/ukiyoe/SKILL.md#14,lib/style-skills/ukiyoe/SKILL.md#132,lib/style-skills/ukiyoe/SKILL.md#145(+10) ; comment-only:lemo-make.mjs#1363	N
ukiyoe	check_asr.py	17	活	doc(lib/style-dna/ukiyoe.md:236)	code:styles/ukiyoe/demo/build.sh#14 ; doc:lib/style-dna/ukiyoe.md#236,styles/ukiyoe/DEMO.md#116	N
ukiyoe	film.js	319	活	doc(lib/style-skills/ukiyoe/_distill.json:90)	code:styles/ukiyoe/demo/main.js#13 ; glob:film*.js(exact)#28,demo/film*.js(dir)#23,styles/*/demo/film.js(exact)#1 ; doc:lib/style-skills/ukiyoe/_distill.json#90,lib/style-skills/ukiyoe/SKILL.md#44,lib/style-skills/ukiyoe/SKILL.md#61,lib/style-skills/ukiyoe/SKILL.md#138(+2) ; comment-only:styles/ukiyoe/demo/main.js#4	N
ukiyoe	main.js	21	活	doc(lib/style-skills/ukiyoe/SKILL.md:156)	code:styles/ukiyoe/demo/index.html#6,styles/ukiyoe/demo/subs.py#1 ; contract:lib/dub-visual.json#4598,lib/dub-visual.json#4641,lib/dub-visual.json#4688(+4) ; doc:lib/style-skills/ukiyoe/SKILL.md#156,lib/style-dna/ukiyoe.json#99,lib/style-dna/ukiyoe.md#193,lib/style-dna/ukiyoe.md#227(+4) ; comment-only:styles/ukiyoe/demo/film.js#2	N
ukiyoe	mix.py	170	活	doc(lib/style-dna/ukiyoe.json:137)	code:styles/ukiyoe/demo/build.sh#10 ; orch:lemo-make.mjs:ORCH[mix.py] ; doc:lib/style-dna/ukiyoe.json#137,lib/style-dna/ukiyoe.json#138,lib/style-dna/ukiyoe.json#139,lib/style-dna/ukiyoe.json#140(+29)	N
ukiyoe	music/score.py	302	活	doc(lib/style-skills/ukiyoe/SKILL.md:141)	code:lemo-make.mjs#2214,lemo-make.mjs#2216,lemo-make.mjs#2219(+2) ; orch:lemo-make.mjs:ORCH[music/score.py] ; doc:lib/style-skills/ukiyoe/SKILL.md#141,lib/style-skills/ukiyoe/SKILL.md#156,styles/ukiyoe/DEMO.md#43,lib/style-dna/ukiyoe.md#228(+5) ; comment-only:lemo-make.mjs#1126,lemo-make.mjs#1821(+1)	N
ukiyoe	nature.js	187	活	doc(lib/style-skills/ukiyoe/_distill.json:47)	code:styles/ukiyoe/demo/views.js#5,styles/ukiyoe/demo/wave.js#4 ; doc:lib/style-skills/ukiyoe/_distill.json#47,lib/style-skills/ukiyoe/SKILL.md#156,lib/style-dna/ukiyoe.json#98,lib/style-dna/ukiyoe.md#189(+6)	N
ukiyoe	print.js	296	活	doc(lib/style-dna/ukiyoe.json:126)	code:styles/ukiyoe/demo/film.js#10,styles/ukiyoe/demo/main.js#5,styles/ukiyoe/demo/nature.js#3(+3) ; contract:lib/dub-styles.json#3327,lib/dub-visual.json#4597,lib/dub-visual.json#4710 ; doc:lib/style-dna/ukiyoe.json#126,lib/style-dna/ukiyoe.json#127,lib/style-dna/ukiyoe.json#128,lib/style-dna/ukiyoe.json#129(+58) ; comment-only:scripts/check-ref-lines.mjs#365,scripts/check-ref-lines.mjs#798(+1)	N
ukiyoe	story.js	34	活	doc(lib/style-dna/ukiyoe.json:120)	code:styles/ukiyoe/demo/film.js#14,styles/ukiyoe/demo/views.js#7 ; contract:lib/dub-visual.json#4646 ; doc:lib/style-dna/ukiyoe.json#120,lib/style-dna/ukiyoe.json#121,lib/style-dna/ukiyoe.json#122,lib/style-dna/ukiyoe.json#123(+31)	N
ukiyoe	subs.py	9	活	doc(lib/style-skills/ukiyoe/_distill.json:51)	code:styles/ukiyoe/demo/build.sh#11 ; orch:lemo-make.mjs:ORCH[subs.py] ; doc:lib/style-skills/ukiyoe/_distill.json#51,lib/style-dna/ukiyoe.json#99,lib/style-dna/ukiyoe.md#193,lib/style-dna/ukiyoe.md#228(+4)	N
ukiyoe	traveler.js	187	活	doc(lib/style-skills/ukiyoe/_distill.json:49)	code:styles/ukiyoe/demo/film.js#12,styles/ukiyoe/demo/views.js#6 ; doc:lib/style-skills/ukiyoe/_distill.json#49,lib/style-dna/ukiyoe.json#98,lib/style-dna/ukiyoe.md#189,lib/style-dna/ukiyoe.md#224(+5)	N
ukiyoe	views.js	399	活	doc(lib/style-skills/ukiyoe/_distill.json:46)	code:styles/ukiyoe/demo/film.js#11 ; doc:lib/style-skills/ukiyoe/_distill.json#46,lib/style-skills/ukiyoe/SKILL.md#156,lib/style-dna/ukiyoe.json#97,lib/style-dna/ukiyoe.json#99(+8)	N
ukiyoe	wave.js	177	活	doc(lib/style-skills/ukiyoe/_distill.json:48)	code:styles/ukiyoe/demo/film.js#13,styles/ukiyoe/demo/views.js#8 ; doc:lib/style-skills/ukiyoe/_distill.json#48,lib/style-dna/ukiyoe.json#98,lib/style-dna/ukiyoe.md#189,lib/style-dna/ukiyoe.md#226(+5)	N
urban-sketch	api.js	12	活	self-header(usage)	code:styles/urban-sketch/demo/main.js#6	N
urban-sketch	audio/foley.py	156	活	doc(lib/style-dna/urban-sketch.json:183)	code:lemo-make.mjs#2228,lemo-make.mjs#2235,styles/urban-sketch/demo/build.sh#9 ; orch:lemo-make.mjs:ORCH[audio/foley.py] ; doc:lib/style-dna/urban-sketch.json#183,lib/style-dna/urban-sketch.json#184,lib/style-dna/urban-sketch.json#185,lib/style-dna/urban-sketch.json#186(+22) ; comment-only:lemo-make.mjs#358,lemo-make.mjs#456(+2)	N
urban-sketch	audio/mix.py	44	活	doc(lib/style-dna/urban-sketch.json:179)	code:lemo-make.mjs#2223,lemo-make.mjs#2225,styles/urban-sketch/demo/build.sh#10 ; orch:lemo-make.mjs:ORCH[audio/mix.py] ; doc:lib/style-dna/urban-sketch.json#179,lib/style-dna/urban-sketch.json#180,lib/style-dna/urban-sketch.json#181,lib/style-dna/urban-sketch.json#182(+11) ; comment-only:lemo-make.mjs#357,lemo-make.mjs#2579	N
urban-sketch	audio/score.py	162	活	doc(lib/style-dna/urban-sketch.json:191)	code:lemo-make.mjs#2217,lemo-make.mjs#2219,styles/urban-sketch/demo/build.sh#8 ; orch:lemo-make.mjs:ORCH[audio/score.py] ; doc:lib/style-dna/urban-sketch.json#191,lib/style-dna/urban-sketch.json#192,lib/style-dna/urban-sketch.json#193,lib/style-dna/urban-sketch.json#194(+24) ; comment-only:lemo-make.mjs#357,lemo-make.mjs#1947	N
urban-sketch	build.sh	14	活	doc(lib/style-skills/urban-sketch/SKILL.md:14)	glob:styles/*/demo/build.sh(exact)#10 ; doc:lib/style-skills/urban-sketch/SKILL.md#14,lib/style-skills/urban-sketch/SKILL.md#129,lib/style-skills/urban-sketch/SKILL.md#142,lib/style-skills/urban-sketch/_distill.json#46(+8) ; comment-only:lemo-make.mjs#1363	N
urban-sketch	engine.js	613	活	doc(lib/style-dna/urban-sketch.json:143)	code:styles/urban-sketch/demo/api.js#2,styles/urban-sketch/demo/film.js#2,styles/urban-sketch/demo/look.js#2(+3) ; contract:lib/dub-visual.json#4728,lib/dub-visual.json#4790 ; doc:lib/style-dna/urban-sketch.json#143,lib/style-dna/urban-sketch.json#144,lib/style-dna/urban-sketch.json#145,lib/style-dna/urban-sketch.json#146(+58)	N
urban-sketch	film.js	374	活	doc(lib/style-dna/urban-sketch.json:127)	code:styles/urban-sketch/demo/main.js#10 ; contract:lib/dub-visual.json#4759 ; glob:film*.js(exact)#28,demo/film*.js(dir)#23,styles/*/demo/film.js(exact)#1 ; doc:lib/style-dna/urban-sketch.json#127,lib/style-dna/urban-sketch.json#128,lib/style-dna/urban-sketch.json#129,lib/style-dna/urban-sketch.json#130(+68) ; comment-only:styles/urban-sketch/demo/main.js#2	N
urban-sketch	look.js	15	活		code:styles/urban-sketch/demo/main.js#4	N
urban-sketch	main.js	12	活	doc(lib/style-dna/urban-sketch.json:103)	code:styles/urban-sketch/demo/index.html#10 ; doc:lib/style-dna/urban-sketch.json#103,lib/style-dna/urban-sketch.json#103,lib/style-skills/urban-sketch/SKILL.md#43,lib/style-skills/urban-sketch/SKILL.md#167(+1) ; comment-only:styles/urban-sketch/demo/film.js#8,styles/urban-sketch/demo/film.js#201	N
urban-sketch	poses.js	62	活	doc(lib/style-dna/urban-sketch.json:177)	code:styles/urban-sketch/demo/film.js#4,styles/urban-sketch/demo/sheet.js#3 ; doc:lib/style-dna/urban-sketch.json#177,lib/style-dna/urban-sketch.json#178,lib/style-dna/urban-sketch.md#315,lib/style-dna/urban-sketch.md#316(+10)	N
urban-sketch	sheet.js	31	活		code:styles/urban-sketch/demo/main.js#5	N
urban-sketch	tools/export_cues.mjs	11	活	doc(lib/style-skills/urban-sketch/SKILL.md:139)	code:styles/urban-sketch/demo/build.sh#7 ; orch:lemo-make.mjs:ORCH[tools/export_cues.mjs] ; doc:lib/style-skills/urban-sketch/SKILL.md#139,lib/style-skills/urban-sketch/SKILL.md#145,lib/style-skills/urban-sketch/SKILL.md#163,lib/style-skills/urban-sketch/_distill.json#14 ; comment-only:lemo-make.mjs#1946	N
urban-sketch	world.js	375	活	doc(lib/style-dna/urban-sketch.json:162)	code:styles/urban-sketch/demo/film.js#3,styles/urban-sketch/demo/look.js#3 ; contract:lib/dub-visual.json#4727 ; doc:lib/style-dna/urban-sketch.json#162,lib/style-dna/urban-sketch.json#163,lib/style-dna/urban-sketch.json#164,lib/style-dna/urban-sketch.json#165(+42)	N
watercolor	asr.py	9	已声明入口	doc(lib/style-skills/watercolor/SKILL.md:145)	doc:lib/style-skills/watercolor/SKILL.md#145,lib/style-skills/watercolor/_distill.json#24,styles/watercolor/DEMO.md#57,styles/watercolor/DEMO.md#117(+1)	N
watercolor	aus.js	2	活	doc(lib/style-dna/watercolor.md:218)	code:styles/watercolor/demo/extract_aus.mjs#7,styles/watercolor/demo/index.html#4 ; doc:lib/style-dna/watercolor.md#218,lib/style-dna/watercolor.md#224,lib/style-skills/watercolor/SKILL.md#112,styles/watercolor/DEMO.md#110(+1) ; comment-only:styles/watercolor/demo/extract_aus.mjs#1	N
watercolor	engine.js	143	活	doc(lib/style-dna/watercolor.json:167)	code:styles/watercolor/demo/index.html#4 ; contract:lib/dub-visual.json#4824 ; doc:lib/style-dna/watercolor.json#167,lib/style-dna/watercolor.json#168,lib/style-dna/watercolor.json#169,lib/style-dna/watercolor.json#170(+41) ; comment-only:styles/watercolor/demo/film.js#3,styles/watercolor/demo/film.js#10	N
watercolor	extract_aus.mjs	18	已声明入口	doc(styles/watercolor/DEMO.md:116)	doc:styles/watercolor/DEMO.md#116,styles/watercolor/DEMO.md#150	N
watercolor	fetch_fonts.mjs	22	已声明入口	doc(lib/style-dna/watercolor.md:224)	doc:lib/style-dna/watercolor.md#224,lib/style-skills/watercolor/SKILL.md#148,lib/style-skills/watercolor/SKILL.md#178,lib/style-skills/watercolor/_distill.json#25(+5)	N
watercolor	film.js	24	活	doc(lib/style-skills/watercolor/SKILL.md:36)	code:styles/watercolor/demo/index.html#4 ; glob:film*.js(exact)#28,demo/film*.js(dir)#23,styles/*/demo/film.js(exact)#1 ; doc:lib/style-skills/watercolor/SKILL.md#36,lib/style-skills/watercolor/SKILL.md#43,lib/style-skills/watercolor/SKILL.md#142,lib/style-skills/watercolor/SKILL.md#203(+5) ; comment-only:styles/watercolor/demo/main.js#2	N
watercolor	main.js	250	活	doc(lib/style-dna/watercolor.json:156)	code:styles/watercolor/demo/fetch_fonts.mjs#3,styles/watercolor/demo/index.html#4 ; contract:lib/dub-visual.json#4826,lib/dub-visual.json#4889,lib/dub-visual.json#4906 ; doc:lib/style-dna/watercolor.json#156,lib/style-dna/watercolor.json#157,lib/style-dna/watercolor.json#158,lib/style-dna/watercolor.json#159(+48) ; comment-only:styles/watercolor/demo/film.js#3	N
watercolor	mix.py	165	活	doc(lib/style-dna/watercolor.json:189)	orch:lemo-make.mjs:ORCH[mix.py] ; doc:lib/style-dna/watercolor.json#189,lib/style-dna/watercolor.json#190,lib/style-dna/watercolor.json#191,lib/style-dna/watercolor.json#192(+62) ; comment-only:styles/watercolor/demo/mux.sh#3	N
watercolor	music/analyze.py	31	已声明入口	doc(lib/style-skills/watercolor/SKILL.md:193)	doc:lib/style-skills/watercolor/SKILL.md#193,styles/watercolor/DEMO.md#132,lib/style-dna/watercolor.md#225,lib/style-skills/watercolor/SKILL.md#101(+7) ; comment-only:styles/watercolor/demo/music/prep.sh#5	N
watercolor	music/edit.py	28	活	doc(styles/watercolor/DEMO.md:134)	code:lemo-make.mjs#2216,lemo-make.mjs#2219 ; orch:lemo-make.mjs:ORCH[music/edit.py] ; doc:styles/watercolor/DEMO.md#134,lib/style-dna/watercolor.md#225,lib/style-skills/watercolor/SKILL.md#101,lib/style-skills/watercolor/SKILL.md#145(+8) ; comment-only:lemo-make.mjs#310,styles/watercolor/demo/music/prep.sh#6	N
watercolor	music/jump.py	30	已声明入口	doc(styles/watercolor/DEMO.md:133)	doc:styles/watercolor/DEMO.md#133,lib/style-dna/watercolor.md#225,lib/style-skills/watercolor/SKILL.md#101,lib/style-skills/watercolor/SKILL.md#145(+6) ; comment-only:styles/watercolor/demo/music/prep.sh#5	N
watercolor	music/lag.py	25	已声明入口	doc(styles/watercolor/DEMO.md:118)	doc:styles/watercolor/DEMO.md#118 ; comment-only:styles/watercolor/demo/music/prep.sh#5	N
watercolor	music/prep.sh	12	已声明入口	doc(lib/style-skills/watercolor/_distill.json:72)	doc:lib/style-skills/watercolor/_distill.json#72,lib/style-skills/watercolor/SKILL.md#145,lib/style-skills/watercolor/SKILL.md#101,lib/style-skills/watercolor/SKILL.md#112(+11) ; comment-only:styles/watercolor/demo/music/edit.py#2	N
watercolor	mux.sh	142	活	doc(lib/style-skills/watercolor/SKILL.md:149)	code:scripts/check-render-venc.mjs#311,scripts/patch-render-venc.mjs#254,scripts/patch-style-mux.mjs#85 ; orch:lemo-make.mjs:ORCH[mux.sh] ; glob:styles/*/demo/mux.sh(exact)#3 ; doc:lib/style-skills/watercolor/SKILL.md#149,lib/style-skills/watercolor/_distill.json#69,lib/style-skills/watercolor/_distill.json#107,lib/style-dna/watercolor.md#226(+10) ; comment-only:scripts/check-shell-structure.mjs#8,styles/watercolor/demo/render.mjs#4	N
watercolor	paper.py	28	活	doc(lib/style-dna/watercolor.json:203)	orch:lemo-make.mjs:ORCH[paper.py] ; doc:lib/style-dna/watercolor.json#203,lib/style-dna/watercolor.json#204,lib/style-dna/watercolor.md#331,lib/style-dna/watercolor.md#332(+13) ; comment-only:lemo-make.mjs#1774	N
watercolor	plants.js	217	活	doc(lib/style-dna/watercolor.json:177)	code:styles/watercolor/demo/index.html#4 ; contract:lib/dub-visual.json#4825 ; doc:lib/style-dna/watercolor.json#177,lib/style-dna/watercolor.json#178,lib/style-dna/watercolor.json#179,lib/style-dna/watercolor.json#180(+36)	N
watercolor	render.mjs	95	活	doc(lib/style-dna/watercolor.json:205)	code:scripts/check-render-venc.mjs#312,scripts/patch-render-venc.mjs#228 ; doc:lib/style-dna/watercolor.json#205,lib/style-dna/watercolor.json#206,lib/style-dna/watercolor.md#333,lib/style-dna/watercolor.md#334(+16) ; comment-only:styles/watercolor/demo/mux.sh#3	N
watercolor	scene.js	527	活	doc(lib/style-dna/watercolor.json:131)	code:styles/watercolor/demo/fetch_fonts.mjs#3,styles/watercolor/demo/index.html#4,styles/watercolor/demo/mix.py#137 ; contract:lib/dub-visual.json#4856 ; doc:lib/style-dna/watercolor.json#131,lib/style-dna/watercolor.json#132,lib/style-dna/watercolor.json#133,lib/style-dna/watercolor.json#134(+91) ; comment-only:styles/watercolor/demo/film.js#7,styles/watercolor/demo/mix.py#3	N
watercolor	tts/gen.py	18	活	doc(lib/style-skills/watercolor/_distill.json:74)	code:lemo-make.mjs#2207,lemo-make.mjs#2212 ; orch:lemo-make.mjs:ORCH[tts/gen.py] ; doc:lib/style-skills/watercolor/_distill.json#74,lib/style-skills/watercolor/_distill.json#168,lib/style-skills/watercolor/SKILL.md#145,lib/style-skills/watercolor/SKILL.md#103(+5) ; comment-only:lemo-make.mjs#517	N
watercolor	vendor/topojson-client.min.cjs	3	活		code:styles/watercolor/demo/extract_aus.mjs#9	N
whiteboard	build.sh	22	活	doc(lib/style-skills/whiteboard/SKILL.md:14)	glob:styles/*/demo/build.sh(exact)#10 ; doc:lib/style-skills/whiteboard/SKILL.md#14,lib/style-skills/whiteboard/SKILL.md#131,lib/style-skills/whiteboard/SKILL.md#144,lib/style-skills/whiteboard/_distill.json#64(+12) ; comment-only:lemo-make.mjs#1363	N
whiteboard	engine/wb.js	501	活	doc(lib/style-dna/whiteboard.json:143)	code:styles/whiteboard/demo/film.js#3,styles/whiteboard/demo/film.js#8,styles/whiteboard/demo/main.js#1(+1) ; contract:lib/dub-visual.json#4923,lib/dub-visual.json#5041 ; glob:styles/*/demo/**/*.js(exact)#1,engine/*.js(exact)#1 ; doc:lib/style-dna/whiteboard.json#143,lib/style-dna/whiteboard.json#144,lib/style-dna/whiteboard.json#145,lib/style-dna/whiteboard.json#146(+34)	N
whiteboard	film.js	426	活	doc(lib/style-dna/whiteboard.json:124)	code:styles/whiteboard/demo/main.js#3 ; contract:lib/dub-visual.json#4924,lib/dub-visual.json#4957,lib/dub-visual.json#4962(+1) ; glob:film*.js(exact)#28,demo/film*.js(dir)#23,styles/*/demo/film.js(exact)#1 ; doc:lib/style-dna/whiteboard.json#124,lib/style-dna/whiteboard.json#125,lib/style-dna/whiteboard.json#126,lib/style-dna/whiteboard.json#127(+51)	N
whiteboard	main.js	16	活	doc(lib/style-dna/whiteboard.json:101)	code:styles/whiteboard/demo/index.html#4 ; doc:lib/style-dna/whiteboard.json#101,lib/style-dna/whiteboard.md#191,lib/style-skills/whiteboard/SKILL.md#43,lib/style-skills/whiteboard/SKILL.md#153(+1) ; comment-only:styles/whiteboard/demo/film.js#7	N
whiteboard	mix.py	199	活	doc(lib/style-dna/whiteboard.json:156)	code:styles/whiteboard/demo/build.sh#14 ; orch:lemo-make.mjs:ORCH[mix.py] ; doc:lib/style-dna/whiteboard.json#156,lib/style-dna/whiteboard.json#157,lib/style-dna/whiteboard.json#158,lib/style-dna/whiteboard.json#159(+36) ; comment-only:styles/whiteboard/demo/music.py#94,styles/whiteboard/demo/music.py#174	N
whiteboard	music.py	197	活	doc(lib/style-dna/whiteboard.json:170)	code:styles/whiteboard/demo/build.sh#13 ; orch:lemo-make.mjs:ORCH[music.py] ; doc:lib/style-dna/whiteboard.json#170,lib/style-dna/whiteboard.json#171,lib/style-dna/whiteboard.json#172,lib/style-dna/whiteboard.json#173(+35)	N
whiteboard	test.js	22	活		code:styles/whiteboard/demo/main.js#3	N
whiteboard	tools/asr_check.py	20	活	doc(lib/style-dna/whiteboard.md:220)	code:styles/whiteboard/demo/build.sh#9 ; doc:lib/style-dna/whiteboard.md#220,lib/style-skills/whiteboard/SKILL.md#155,styles/whiteboard/DEMO.md#78	N
whiteboard	tools/cuecheck.py	25	活	doc(lib/style-skills/whiteboard/SKILL.md:143)	code:lemo-make.mjs#575,styles/whiteboard/demo/build.sh#12 ; orch:lemo-make.mjs:ORCH[tools/cuecheck.py] ; doc:lib/style-skills/whiteboard/SKILL.md#143	N
whiteboard	tools/subs.mjs	9	活	doc(lib/style-skills/whiteboard/SKILL.md:141)	code:lemo-make.mjs#2066,styles/whiteboard/demo/build.sh#17 ; orch:lemo-make.mjs:ORCH[tools/subs.mjs] ; doc:lib/style-skills/whiteboard/SKILL.md#141 ; comment-only:lemo-make.mjs#929,lemo-make.mjs#1984	N
whiteboard	tools/svgfont2json.py	19	已声明入口	doc(lib/style-skills/whiteboard/SKILL.md:108)	doc:lib/style-skills/whiteboard/SKILL.md#108,lib/style-skills/whiteboard/_distill.json#22,styles/whiteboard/DEMO.md#100,lib/style-skills/whiteboard/SKILL.md#170	N
whiteboard	tools/vo_try.py	20	自述入口	self-header(usage)	self-header(usage)；全库文档零提及、无代码/数据引用	N
woodcut	build.sh	19	活	doc(lib/style-dna/woodcut.json:196)	glob:styles/*/demo/build.sh(exact)#10 ; doc:lib/style-dna/woodcut.json#196,lib/style-dna/woodcut.md#213,lib/style-dna/woodcut.md#326,lib/style-skills/woodcut/SKILL.md#14(+14) ; comment-only:lemo-make.mjs#1363	N
woodcut	chars.js	218	活	doc(styles/woodcut/DEMO.md:75)	code:styles/woodcut/demo/sheet.js#4,styles/woodcut/demo/shots.js#9,styles/woodcut/demo/shots2.js#7(+1) ; doc:styles/woodcut/DEMO.md#75	N
woodcut	engine/filter.js	75	活	doc(lib/style-dna/woodcut.json:179)	code:styles/woodcut/demo/engine/index.js#13 ; glob:styles/*/demo/**/*.js(exact)#1,engine/*.js(exact)#1 ; doc:lib/style-dna/woodcut.json#179,lib/style-dna/woodcut.md#309,lib/style-skills/woodcut/_distill.json#75,styles/woodcut/DEMO.md#73	N
woodcut	engine/hatch.js	182	活	doc(lib/style-dna/woodcut.json:174)	code:styles/woodcut/demo/engine/filter.js#9,styles/woodcut/demo/engine/index.js#11 ; glob:styles/*/demo/**/*.js(exact)#1,engine/*.js(exact)#1 ; doc:lib/style-dna/woodcut.json#174,lib/style-dna/woodcut.json#175,lib/style-dna/woodcut.json#176,lib/style-dna/woodcut.md#304(+3)	N
woodcut	engine/index.js	116	活	doc(lib/style-dna/woodcut.json:163)	code:styles/woodcut/demo/chars.js#3,styles/woodcut/demo/film.js#2,styles/woodcut/demo/fx.js#2(+10) ; contract:lib/dub-visual.json#5054 ; glob:styles/*/demo/**/*.js(exact)#1,engine/*.js(exact)#1 ; doc:lib/style-dna/woodcut.json#163,lib/style-dna/woodcut.json#164,lib/style-dna/woodcut.json#165,lib/style-dna/woodcut.json#166(+17)	N
woodcut	engine/knife.js	138	活	doc(lib/style-dna/woodcut.json:169)	code:styles/woodcut/demo/engine/hatch.js#8,styles/woodcut/demo/engine/index.js#10 ; glob:styles/*/demo/**/*.js(exact)#1,engine/*.js(exact)#1 ; doc:lib/style-dna/woodcut.json#169,lib/style-dna/woodcut.json#170,lib/style-dna/woodcut.json#171,lib/style-dna/woodcut.json#172(+7)	N
woodcut	engine/print.js	102	活	doc(lib/style-dna/woodcut.json:177)	code:styles/woodcut/demo/engine/index.js#12 ; contract:lib/dub-visual.json#5055 ; glob:styles/*/demo/**/*.js(exact)#1,engine/*.js(exact)#1 ; doc:lib/style-dna/woodcut.json#177,lib/style-dna/woodcut.json#178,lib/style-dna/woodcut.md#307,lib/style-dna/woodcut.md#308(+3)	N
woodcut	film.js	51	活	doc(lib/style-dna/woodcut.json:119)	code:styles/woodcut/demo/main.js#16,styles/woodcut/demo/shots.js#8,styles/woodcut/demo/tools/subs.py#1 ; contract:lib/dub-visual.json#5096,lib/dub-visual.json#5148 ; glob:film*.js(exact)#28,demo/film*.js(dir)#23,styles/*/demo/film.js(exact)#1 ; doc:lib/style-dna/woodcut.json#119,lib/style-dna/woodcut.json#120,lib/style-dna/woodcut.json#121,lib/style-dna/woodcut.md#249(+16)	N
woodcut	fx.js	158	活	doc(lib/style-dna/woodcut.json:158)	code:styles/woodcut/demo/shots.js#10,styles/woodcut/demo/shots2.js#10 ; doc:lib/style-dna/woodcut.json#158,lib/style-dna/woodcut.json#159,lib/style-dna/woodcut.json#160,lib/style-dna/woodcut.json#161(+10)	N
woodcut	hands.js	189	活	doc(lib/style-dna/woodcut.json:148)	code:styles/woodcut/demo/shots2.js#13,styles/woodcut/demo/test.js#75 ; doc:lib/style-dna/woodcut.json#148,lib/style-dna/woodcut.json#149,lib/style-dna/woodcut.json#150,lib/style-dna/woodcut.md#278(+11)	N
woodcut	interior.js	130	活	doc(lib/style-dna/woodcut.json:151)	code:styles/woodcut/demo/shots2.js#9,styles/woodcut/demo/test.js#50 ; doc:lib/style-dna/woodcut.json#151,lib/style-dna/woodcut.json#152,lib/style-dna/woodcut.json#153,lib/style-dna/woodcut.json#154(+14)	N
woodcut	main.js	20	活	doc(lib/style-dna/woodcut.json:96)	code:styles/woodcut/demo/index.html#6 ; doc:lib/style-dna/woodcut.json#96,lib/style-dna/woodcut.md#186,lib/style-skills/woodcut/SKILL.md#43,lib/style-skills/woodcut/SKILL.md#147(+3) ; comment-only:styles/woodcut/demo/film.js#11,styles/woodcut/demo/stage.js#5(+1)	N
woodcut	mix.py	271	活	doc(lib/style-dna/woodcut.json:180)	code:styles/woodcut/demo/build.sh#11 ; orch:lemo-make.mjs:ORCH[mix.py] ; doc:lib/style-dna/woodcut.json#180,lib/style-dna/woodcut.json#181,lib/style-dna/woodcut.json#182,lib/style-dna/woodcut.json#183(+24)	N
woodcut	music/score.py	512	活	doc(lib/style-dna/woodcut.json:188)	code:lemo-make.mjs#2214,lemo-make.mjs#2216,lemo-make.mjs#2219(+1) ; orch:lemo-make.mjs:ORCH[music/score.py] ; doc:lib/style-dna/woodcut.json#188,lib/style-dna/woodcut.json#189,lib/style-dna/woodcut.json#190,lib/style-dna/woodcut.json#191(+21) ; comment-only:lemo-make.mjs#1126,lemo-make.mjs#1821(+1)	N
woodcut	rig.js	43	活	doc(styles/woodcut/DEMO.md:75)	code:styles/woodcut/demo/chars.js#4,styles/woodcut/demo/fx.js#4,styles/woodcut/demo/interior.js#4(+2) ; doc:styles/woodcut/DEMO.md#75	N
woodcut	sheet.js	95	活		code:styles/woodcut/demo/test.js#1 ; contract:lib/dub-visual.json#5056	N
woodcut	shots.js	245	活	doc(lib/style-dna/woodcut.json:126)	code:styles/woodcut/demo/film.js#8 ; contract:lib/dub-visual.json#5149 ; doc:lib/style-dna/woodcut.json#126,lib/style-dna/woodcut.json#127,lib/style-dna/woodcut.json#128,lib/style-dna/woodcut.json#129(+15) ; comment-only:styles/woodcut/demo/stage.js#20	N
woodcut	shots2.js	485	活	doc(lib/style-dna/woodcut.json:130)	code:styles/woodcut/demo/shots.js#241 ; doc:lib/style-dna/woodcut.json#130,lib/style-dna/woodcut.json#131,lib/style-dna/woodcut.json#132,lib/style-dna/woodcut.json#133(+32) ; comment-only:styles/woodcut/demo/stage.js#20	N
woodcut	stage.js	65	活	doc(lib/style-dna/woodcut.json:123)	code:styles/woodcut/demo/film.js#3,styles/woodcut/demo/film.js#4,styles/woodcut/demo/main.js#2(+7) ; contract:lib/dub-visual.json#5132 ; doc:lib/style-dna/woodcut.json#123,lib/style-dna/woodcut.json#124,lib/style-dna/woodcut.json#125,lib/style-dna/woodcut.md#253(+8) ; comment-only:styles/woodcut/demo/film.js#11,styles/woodcut/demo/test.js#95	N
woodcut	test.js	114	活	doc(styles/woodcut/DEMO.md:118)	code:styles/woodcut/demo/main.js#8 ; doc:styles/woodcut/DEMO.md#118,lib/style-skills/woodcut/SKILL.md#171,styles/woodcut/DEMO.md#79	N
woodcut	tools/cuecheck.py	44	活	doc(lib/style-dna/woodcut.md:218)	code:lemo-make.mjs#575,styles/woodcut/demo/build.sh#10 ; orch:lemo-make.mjs:ORCH[tools/cuecheck.py] ; doc:lib/style-dna/woodcut.md#218,lib/style-skills/woodcut/SKILL.md#137,styles/woodcut/DEMO.md#50,styles/woodcut/DEMO.md#79	N
woodcut	tools/final_asr.py	21	活	doc(lib/style-dna/woodcut.md:223)	code:lemo-make.mjs#576,styles/woodcut/demo/build.sh#15 ; orch:lemo-make.mjs:ORCH[tools/final_asr.py] ; doc:lib/style-dna/woodcut.md#223,lib/style-skills/woodcut/SKILL.md#137,styles/woodcut/DEMO.md#79	N
woodcut	tools/mux.sh	27	活	doc(lib/style-skills/woodcut/SKILL.md:15)	code:styles/woodcut/demo/build.sh#14 ; orch:lemo-make.mjs:ORCH[tools/mux.sh] ; glob:styles/*/demo/mux.sh(dir)#3,styles/*/demo/tools/mux.sh(exact)#2,tools/*.sh(exact)#1 ; doc:lib/style-skills/woodcut/SKILL.md#15,lib/style-skills/woodcut/SKILL.md#233,lib/style-skills/woodcut/_distill.json#69,lib/style-skills/woodcut/SKILL.md#132(+9) ; comment-only:lemo-make.mjs#1491,lemo-make.mjs#2854	N
woodcut	tools/subs.py	8	活	doc(lib/style-dna/woodcut.md:220)	code:lemo-make.mjs#2066,styles/woodcut/demo/build.sh#12 ; orch:lemo-make.mjs:ORCH[tools/subs.py] ; doc:lib/style-dna/woodcut.md#220,lib/style-skills/woodcut/SKILL.md#135,styles/woodcut/DEMO.md#79 ; comment-only:lemo-make.mjs#2018,lemo-make.mjs#2030	N
woodcut	trans.js	69	活	doc(lib/style-dna/woodcut.json:142)	code:styles/woodcut/demo/film.js#7,styles/woodcut/demo/shots.js#7,styles/woodcut/demo/shots2.js#6 ; contract:lib/dub-visual.json#5146 ; doc:lib/style-dna/woodcut.json#142,lib/style-dna/woodcut.json#143,lib/style-dna/woodcut.md#272,lib/style-dna/woodcut.md#273(+9)	N
woodcut	views.js	85	活	doc(styles/woodcut/DEMO.md:75)	code:styles/woodcut/demo/sheet.js#5,styles/woodcut/demo/shots2.js#8 ; doc:styles/woodcut/DEMO.md#75	N
woodcut	world.js	176	活	doc(lib/style-dna/woodcut.json:144)	code:styles/woodcut/demo/film.js#6,styles/woodcut/demo/shots.js#6,styles/woodcut/demo/shots2.js#5(+2) ; doc:lib/style-dna/woodcut.json#144,lib/style-dna/woodcut.json#145,lib/style-dna/woodcut.json#146,lib/style-dna/woodcut.json#147(+8)	N
