风格	相对路径	行数	分类	声明来源	依据	指纹(参考)
art-deco	build.sh	22	活	doc(styles/art-deco/DEMO.md:88)	glob:styles/*/demo/build.sh(exact) ; doc:styles/art-deco/DEMO.md#88,lib/style-dna/art-deco.md#206,lib/style-skills/art-deco/SKILL.md#14,lib/style-skills/art-deco/SKILL.md#130(+6)	N
art-deco	chars.js	543	活	doc(styles/art-deco/DEMO.md:79)	code:styles/art-deco/demo/frames.js#66,styles/art-deco/demo/scenes/stairs.js#6,styles/art-deco/demo/shots_kitchen.js#6(+5) ; doc:styles/art-deco/DEMO.md#79,styles/art-deco/DEMO.md#122,lib/style-skills/art-deco/SKILL.md#154	Y
art-deco	engine/bulbs.js	189	活	doc(styles/art-deco/DEMO.md:78)	code:styles/art-deco/demo/frames.js#4,styles/art-deco/demo/frames.js#19,styles/art-deco/demo/scenes/roof.js#4(+3) ; glob:styles/*/demo/**/*.js(exact) ; doc:styles/art-deco/DEMO.md#78,styles/art-deco/DEMO.md#118,styles/art-deco/DEMO.md#128,styles/art-deco/STYLE.md#98(+5)	Y
art-deco	engine/cam.js	28	活	doc(styles/art-deco/DEMO.md:78)	code:styles/art-deco/demo/frames.js#19,styles/art-deco/demo/scenes/lobby.js#5,styles/art-deco/demo/scenes/roof.js#5(+2) ; glob:styles/*/demo/**/*.js(exact) ; doc:styles/art-deco/DEMO.md#78,styles/art-deco/DEMO.md#120,styles/art-deco/STYLE.md#98,lib/style-dna/art-deco.json#97(+5) ; comment-only:styles/art-deco/demo/frame.js#8	Y
art-deco	engine/deco.js	346	活	doc(styles/art-deco/DEMO.md:77)	code:styles/art-deco/demo/chars.js#5,styles/art-deco/demo/engine/bulbs.js#3,styles/art-deco/demo/engine/type.js#2(+13) ; contract:lib/dub-visual.json#23 ; glob:styles/*/demo/**/*.js(exact) ; doc:styles/art-deco/DEMO.md#77,styles/art-deco/DEMO.md#103,styles/art-deco/DEMO.md#127,styles/art-deco/STYLE.md#98(+18)	Y
art-deco	engine/type.js	241	活	doc(styles/art-deco/DEMO.md:77)	code:styles/art-deco/demo/film.js#4,styles/art-deco/demo/frames.js#3,styles/art-deco/demo/frames.js#19(+9) ; contract:lib/dub-visual.json#94 ; glob:styles/*/demo/**/*.js(exact) ; doc:styles/art-deco/DEMO.md#77,styles/art-deco/DEMO.md#116,styles/art-deco/STYLE.md#98,lib/style-dna/art-deco.json#137(+8)	Y
art-deco	film.js	154	活	doc(styles/art-deco/DEMO.md:81)	code:styles/art-deco/demo/main.js#12,styles/art-deco/demo/tools/subs.py#1 ; contract:lib/dub-visual.json#50,lib/dub-visual.json#113,lib/dub-visual.json#115 ; glob:film*.js(exact) ; doc:styles/art-deco/DEMO.md#81,lib/style-dna/art-deco.json#98,lib/style-dna/art-deco.json#99,lib/style-dna/art-deco.json#124(+24) ; comment-only:styles/art-deco/demo/frame.js#12,styles/art-deco/demo/timeline.js#45	Y
art-deco	frame.js	24	活	doc(lib/style-skills/art-deco/SKILL.md:43)	code:styles/art-deco/demo/film.js#13,styles/art-deco/demo/main.js#1 ; doc:lib/style-skills/art-deco/SKILL.md#43,lib/style-skills/art-deco/SKILL.md#136,lib/style-skills/art-deco/SKILL.md#162,lib/style-skills/art-deco/SKILL.md#180 ; comment-only:scripts/check-ref-lines.mjs#249,styles/art-deco/demo/film.js#19	N
art-deco	frames.js	194	已声明入口	doc(styles/art-deco/DEMO.md:82)	doc:styles/art-deco/DEMO.md#82,styles/art-deco/STYLE.md#98	Y
art-deco	main.js	31	活	doc(lib/style-skills/art-deco/SKILL.md:43)	code:styles/art-deco/demo/index.html#6 ; doc:lib/style-skills/art-deco/SKILL.md#43,lib/style-skills/art-deco/SKILL.md#162 ; comment-only:styles/art-deco/demo/frame.js#2	Y
art-deco	mix.py	224	活	doc(styles/art-deco/DEMO.md:83)	code:styles/art-deco/demo/build.sh#12 ; orch:lemo-make.mjs:ORCH[mix.py] ; doc:styles/art-deco/DEMO.md#83,lib/style-dna/art-deco.json#99,lib/style-dna/art-deco.json#144,lib/style-dna/art-deco.json#145(+8)	N
art-deco	music/score.py	409	活	doc(styles/art-deco/DEMO.md:83)	code:styles/art-deco/demo/build.sh#10 ; orch:lemo-make.mjs:ORCH[music/score.py] ; doc:styles/art-deco/DEMO.md#83,lib/style-dna/art-deco.md#209,lib/style-skills/art-deco/SKILL.md#139,lib/style-skills/art-deco/SKILL.md#154	N
art-deco	scenes/lobby.js	310	活	doc(styles/art-deco/DEMO.md:80)	code:styles/art-deco/demo/film.js#12,styles/art-deco/demo/frames.js#89,styles/art-deco/demo/shots_lobby.js#6(+1) ; doc:styles/art-deco/DEMO.md#80	Y
art-deco	scenes/roof.js	114	活	doc(styles/art-deco/DEMO.md:80)	code:styles/art-deco/demo/frames.js#101,styles/art-deco/demo/scenes/tower.js#8,styles/art-deco/demo/shots_misc.js#7(+1) ; doc:styles/art-deco/DEMO.md#80	Y
art-deco	scenes/stairs.js	127	活	doc(styles/art-deco/DEMO.md:80)	code:styles/art-deco/demo/shots_stairs.js#6 ; doc:styles/art-deco/DEMO.md#80,lib/style-skills/art-deco/SKILL.md#43 ; comment-only:styles/art-deco/demo/frame.js#8	Y
art-deco	scenes/tower.js	143	活	doc(styles/art-deco/DEMO.md:80)	code:styles/art-deco/demo/shots_out.js#5 ; doc:styles/art-deco/DEMO.md#80	Y
art-deco	shots_kitchen.js	153	活	doc(lib/style-skills/art-deco/SKILL.md:43)	code:styles/art-deco/demo/film.js#10,styles/art-deco/demo/frames.js#183 ; doc:lib/style-skills/art-deco/SKILL.md#43 ; comment-only:styles/art-deco/demo/frame.js#8	Y
art-deco	shots_lobby.js	86	活		code:styles/art-deco/demo/film.js#8,styles/art-deco/demo/frames.js#181	Y
art-deco	shots_misc.js	189	活		code:styles/art-deco/demo/film.js#6,styles/art-deco/demo/frames.js#184 ; contract:lib/dub-visual.json#116	Y
art-deco	shots_out.js	51	活		code:styles/art-deco/demo/film.js#7,styles/art-deco/demo/frames.js#180	Y
art-deco	shots_roof.js	216	活		code:styles/art-deco/demo/film.js#11,styles/art-deco/demo/frames.js#182	Y
art-deco	shots_stairs.js	69	活		code:styles/art-deco/demo/film.js#9,styles/art-deco/demo/frames.js#178	Y
art-deco	timeline.js	55	活	doc(styles/art-deco/DEMO.md:47)	code:styles/art-deco/demo/film.js#5,styles/art-deco/demo/shots_kitchen.js#7,styles/art-deco/demo/shots_lobby.js#5(+5) ; contract:lib/dub-visual.json#55 ; doc:styles/art-deco/DEMO.md#47,styles/art-deco/DEMO.md#76,lib/style-dna/art-deco.json#96,lib/style-dna/art-deco.json#98(+22) ; comment-only:styles/art-deco/demo/tools/dump_timeline.mjs#1	Y
art-deco	tools/cuecheck.py	21	活	doc(styles/art-deco/DEMO.md:47)	code:styles/art-deco/demo/build.sh#11 ; orch:lemo-make.mjs:ORCH[tools/cuecheck.py] ; doc:styles/art-deco/DEMO.md#47,styles/art-deco/DEMO.md#84,lib/style-dna/art-deco.json#99,lib/style-dna/art-deco.md#199(+2)	N
art-deco	tools/dump_timeline.mjs	8	活	doc(styles/art-deco/DEMO.md:76)	code:styles/art-deco/demo/build.sh#6 ; orch:lemo-make.mjs:ORCH[tools/dump_timeline.mjs] ; doc:styles/art-deco/DEMO.md#76,styles/art-deco/DEMO.md#84,lib/style-dna/art-deco.json#98,lib/style-dna/art-deco.md#190(+7) ; comment-only:styles/art-deco/demo/timeline.js#2	Y
art-deco	tools/pitch.py	12	活	doc(styles/art-deco/DEMO.md:84)	code:styles/art-deco/demo/build.sh#8 ; orch:lemo-make.mjs:ORCH[tools/pitch.py] ; doc:styles/art-deco/DEMO.md#84,lib/style-skills/art-deco/SKILL.md#139	N
art-deco	tools/subs.py	13	活	doc(styles/art-deco/DEMO.md:84)	code:styles/art-deco/demo/build.sh#13 ; orch:lemo-make.mjs:ORCH[tools/subs.py] ; doc:styles/art-deco/DEMO.md#84,lib/style-skills/art-deco/SKILL.md#140	N
ascii-crt	art.js	182	活	doc(styles/ascii-crt/DEMO.md:93)	code:styles/ascii-crt/demo/film.js#7 ; doc:styles/ascii-crt/DEMO.md#93,styles/ascii-crt/STYLE.md#101,lib/style-dna/ascii-crt.json#96,lib/style-dna/ascii-crt.json#132(+8)	Y
ascii-crt	build.sh	17	活	doc(styles/ascii-crt/DEMO.md:101)	glob:styles/*/demo/build.sh(exact) ; doc:styles/ascii-crt/DEMO.md#101,lib/style-dna/ascii-crt.md#212,lib/style-skills/ascii-crt/SKILL.md#14,lib/style-skills/ascii-crt/SKILL.md#97(+7)	N
ascii-crt	crt.js	120	活	doc(styles/ascii-crt/DEMO.md:79)	code:styles/ascii-crt/demo/film.js#6 ; contract:lib/dub-visual.json#133 ; doc:styles/ascii-crt/DEMO.md#79,styles/ascii-crt/DEMO.md#94,styles/ascii-crt/STYLE.md#22,styles/ascii-crt/STYLE.md#101(+12) ; comment-only:styles/ascii-crt/demo/term.js#2	Y
ascii-crt	film.js	629	活	doc(lib/style-skills/ascii-crt/SKILL.md:36)	code:styles/ascii-crt/demo/main.js#10 ; glob:film*.js(exact) ; doc:lib/style-skills/ascii-crt/SKILL.md#36,lib/style-skills/ascii-crt/SKILL.md#86,lib/style-skills/ascii-crt/SKILL.md#133,lib/style-skills/ascii-crt/SKILL.md#141(+5) ; comment-only:styles/ascii-crt/demo/main.js#1,styles/ascii-crt/demo/main.js#3,styles/ascii-crt/demo/main.js#8	N
ascii-crt	frame.js	10	活	doc(lib/style-skills/ascii-crt/SKILL.md:36)	code:styles/ascii-crt/demo/film.js#8,styles/ascii-crt/demo/main.js#4 ; doc:lib/style-skills/ascii-crt/SKILL.md#36,lib/style-skills/ascii-crt/SKILL.md#43,lib/style-skills/ascii-crt/SKILL.md#160 ; comment-only:styles/ascii-crt/demo/film.js#12	N
ascii-crt	main.js	11	活	doc(styles/ascii-crt/DEMO.md:95)	code:styles/ascii-crt/demo/index.html#6 ; contract:lib/dub-visual.json#165,lib/dub-visual.json#170 ; doc:styles/ascii-crt/DEMO.md#95,styles/ascii-crt/STYLE.md#101,lib/style-dna/ascii-crt.json#95,lib/style-dna/ascii-crt.json#97(+24) ; comment-only:styles/ascii-crt/demo/film.js#2,styles/ascii-crt/demo/film.js#16,styles/ascii-crt/demo/frame.js#2	Y
ascii-crt	mix.py	162	活	doc(styles/ascii-crt/DEMO.md:96)	code:styles/ascii-crt/demo/build.sh#11 ; orch:lemo-make.mjs:ORCH[mix.py] ; doc:styles/ascii-crt/DEMO.md#96,styles/ascii-crt/STYLE.md#101,lib/style-dna/ascii-crt.json#97,lib/style-dna/ascii-crt.json#98(+10) ; comment-only:styles/ascii-crt/demo/film.js#60	N
ascii-crt	music/score.py	323	活	doc(styles/ascii-crt/DEMO.md:97)	code:styles/ascii-crt/demo/build.sh#9 ; orch:lemo-make.mjs:ORCH[music/score.py] ; doc:styles/ascii-crt/DEMO.md#97,styles/ascii-crt/STYLE.md#101,lib/style-dna/ascii-crt.json#138,lib/style-dna/ascii-crt.md#214(+3) ; comment-only:styles/ascii-crt/demo/film.js#49	N
ascii-crt	term.js	114	活	doc(styles/ascii-crt/DEMO.md:92)	code:styles/ascii-crt/demo/art.js#3,styles/ascii-crt/demo/film.js#5 ; contract:lib/dub-visual.json#134,lib/dub-visual.json#207 ; doc:styles/ascii-crt/DEMO.md#92,styles/ascii-crt/STYLE.md#101,lib/style-dna/ascii-crt.json#96,lib/style-dna/ascii-crt.json#118(+14) ; comment-only:styles/ascii-crt/demo/art.js#1,styles/ascii-crt/demo/film.js#2,styles/ascii-crt/demo/frame.js#2	Y
ascii-crt	tools/subs.mjs	11	活	doc(styles/ascii-crt/DEMO.md:97)	code:styles/ascii-crt/demo/build.sh#12 ; orch:lemo-make.mjs:ORCH[tools/subs.mjs] ; doc:styles/ascii-crt/DEMO.md#97,styles/ascii-crt/STYLE.md#101,lib/style-dna/ascii-crt.json#97,lib/style-dna/ascii-crt.md#190(+4)	Y
ascii-crt	voice_fx.py	23	活	doc(styles/ascii-crt/DEMO.md:96)	code:styles/ascii-crt/demo/build.sh#7 ; orch:lemo-make.mjs:ORCH[voice_fx.py] ; doc:styles/ascii-crt/DEMO.md#96,styles/ascii-crt/STYLE.md#101,lib/style-dna/ascii-crt.md#213,lib/style-skills/ascii-crt/SKILL.md#136 ; comment-only:lemo-make.mjs#1716	N
backrooms	build.sh	17	活	doc(styles/backrooms/DEMO.md:103)	glob:styles/*/demo/build.sh(exact) ; doc:styles/backrooms/DEMO.md#103,styles/backrooms/DEMO.md#107,lib/style-dna/backrooms.md#222,lib/style-skills/backrooms/SKILL.md#14(+10)	N
backrooms	figures.js	86	活	doc(styles/backrooms/DEMO.md:98)	code:styles/backrooms/demo/main.js#9 ; contract:lib/dub-visual.json#242 ; doc:styles/backrooms/DEMO.md#98,lib/style-skills/backrooms/SKILL.md#166	Y
backrooms	film.js	12	活	doc(lib/style-skills/backrooms/SKILL.md:46)	glob:film*.js(exact) ; doc:lib/style-skills/backrooms/SKILL.md#46,lib/style-skills/backrooms/SKILL.md#180,lib/style-skills/backrooms/SKILL.md#211,lib/style-skills/backrooms/_distill.json#23(+1)	N
backrooms	main.js	185	活	doc(styles/backrooms/DEMO.md:101)	code:styles/backrooms/demo/index.html#37 ; contract:lib/dub-visual.json#241 ; doc:styles/backrooms/DEMO.md#101,styles/backrooms/STYLE.md#109,styles/backrooms/STYLE.md#124,lib/style-dna/backrooms.json#98(+5) ; comment-only:styles/backrooms/demo/film.js#2,styles/backrooms/demo/film.js#3	Y
backrooms	mix.py	237	活	doc(styles/backrooms/DEMO.md:103)	code:styles/backrooms/demo/build.sh#9,styles/backrooms/demo/music/muzak.py#3 ; orch:lemo-make.mjs:ORCH[mix.py] ; doc:styles/backrooms/DEMO.md#103,lib/style-dna/backrooms.json#99,lib/style-dna/backrooms.json#151,lib/style-dna/backrooms.json#152(+11)	N
backrooms	music/muzak.py	38	活	doc(styles/backrooms/DEMO.md:102)	code:styles/backrooms/demo/build.sh#7 ; orch:lemo-make.mjs:ORCH[music/muzak.py] ; doc:styles/backrooms/DEMO.md#102,lib/style-dna/backrooms.md#224,lib/style-skills/backrooms/SKILL.md#151,lib/style-skills/backrooms/SKILL.md#166	N
backrooms	osd.js	83	活	doc(styles/backrooms/DEMO.md:100)	code:styles/backrooms/demo/main.js#11 ; doc:styles/backrooms/DEMO.md#100,styles/backrooms/STYLE.md#109,lib/style-dna/backrooms.json#144,lib/style-dna/backrooms.json#145(+3)	Y
backrooms	sheet.js	60	活	doc(styles/backrooms/DEMO.md:102)	code:styles/backrooms/demo/index.html#37 ; doc:styles/backrooms/DEMO.md#102	Y
backrooms	story.js	103	活	doc(styles/backrooms/DEMO.md:95)	code:styles/backrooms/demo/main.js#7,styles/backrooms/demo/subs.js#3 ; contract:lib/dub-visual.json#283,lib/dub-visual.json#344 ; doc:styles/backrooms/DEMO.md#95,styles/backrooms/STYLE.md#109,lib/style-dna/backrooms.json#96,lib/style-dna/backrooms.json#98(+26)	Y
backrooms	subs.js	60	活	doc(styles/backrooms/DEMO.md:100)	code:styles/backrooms/demo/main.js#12 ; contract:lib/dub-visual.json#325 ; doc:styles/backrooms/DEMO.md#100,styles/backrooms/STYLE.md#109,lib/style-dna/backrooms.json#98,lib/style-dna/backrooms.json#146(+6)	Y
backrooms	tex.js	192	活	doc(styles/backrooms/DEMO.md:97)	code:styles/backrooms/demo/world.js#4 ; doc:styles/backrooms/DEMO.md#97,styles/backrooms/STYLE.md#109,lib/style-dna/backrooms.json#96,lib/style-dna/backrooms.json#97(+13)	Y
backrooms	thing2d.js	79	活	doc(styles/backrooms/DEMO.md:98)	code:styles/backrooms/demo/figures.js#67,styles/backrooms/demo/sheet.js#3 ; doc:styles/backrooms/DEMO.md#98,styles/backrooms/STYLE.md#109,lib/style-dna/backrooms.json#96,lib/style-dna/backrooms.md#187(+2) ; comment-only:styles/backrooms/demo/figures.js#66	Y
backrooms	tools/mux.sh	148	活	doc(styles/backrooms/DEMO.md:103)	code:styles/backrooms/demo/build.sh#12 ; glob:styles/*/demo/mux.sh(exact) ; orch:lemo-make.mjs:ORCH[tools/mux.sh] ; doc:styles/backrooms/DEMO.md#103,lib/style-skills/backrooms/SKILL.md#109,lib/style-skills/backrooms/SKILL.md#149,lib/style-skills/backrooms/SKILL.md#150(+9) ; comment-only:scripts/check-mux-selection.mjs#79	N
backrooms	vhs.js	101	活	doc(styles/backrooms/DEMO.md:99)	code:styles/backrooms/demo/main.js#10 ; doc:styles/backrooms/DEMO.md#99,styles/backrooms/STYLE.md#109,lib/style-dna/backrooms.json#140,lib/style-dna/backrooms.json#141(+9)	Y
backrooms	world.js	381	活	doc(styles/backrooms/DEMO.md:96)	code:styles/backrooms/demo/figures.js#3,styles/backrooms/demo/figures.js#68,styles/backrooms/demo/main.js#8 ; doc:styles/backrooms/DEMO.md#96,styles/backrooms/STYLE.md#109,lib/style-dna/backrooms.json#97,lib/style-dna/backrooms.json#127(+29)	Y
blueprint	build.sh	18	活	doc(styles/blueprint/DEMO.md:130)	glob:styles/*/demo/build.sh(exact) ; doc:styles/blueprint/DEMO.md#130,lib/style-dna/blueprint.md#250,lib/style-skills/blueprint/SKILL.md#14,lib/style-skills/blueprint/SKILL.md#129(+4)	N
blueprint	draw.js	208	活	doc(styles/blueprint/DEMO.md:117)	code:styles/blueprint/demo/film.js#2,styles/blueprint/demo/machine.js#2,styles/blueprint/demo/main.js#1(+1) ; contract:lib/dub-visual.json#364,lib/dub-visual.json#468 ; doc:styles/blueprint/DEMO.md#117,styles/blueprint/STYLE.md#104,lib/style-dna/blueprint.json#105,lib/style-dna/blueprint.json#143(+21) ; comment-only:styles/blueprint/demo/film.js#7	Y
blueprint	film.js	379	活	doc(styles/blueprint/DEMO.md:120)	code:styles/blueprint/demo/main.js#3 ; contract:lib/dub-visual.json#402,lib/dub-visual.json#427,lib/dub-visual.json#442 ; glob:film*.js(exact) ; doc:styles/blueprint/DEMO.md#120,styles/blueprint/STYLE.md#104,lib/style-dna/blueprint.json#106,lib/style-dna/blueprint.json#107(+41)	Y
blueprint	machine.js	353	活	doc(styles/blueprint/DEMO.md:118)	code:styles/blueprint/demo/film.js#3,styles/blueprint/demo/main.js#4 ; doc:styles/blueprint/DEMO.md#118,styles/blueprint/STYLE.md#104,lib/style-dna/blueprint.json#104,lib/style-dna/blueprint.json#105(+9)	Y
blueprint	main.js	113	活	doc(styles/blueprint/DEMO.md:121)	code:styles/blueprint/demo/index.html#6 ; contract:lib/dub-visual.json#365,lib/dub-visual.json#397 ; doc:styles/blueprint/DEMO.md#121,lib/style-dna/blueprint.json#106,lib/style-dna/blueprint.json#179,lib/style-dna/blueprint.md#211(+6) ; comment-only:styles/blueprint/demo/film.js#8	Y
blueprint	mix.py	151	活	doc(styles/blueprint/DEMO.md:122)	code:styles/blueprint/demo/build.sh#11 ; orch:lemo-make.mjs:ORCH[mix.py] ; doc:styles/blueprint/DEMO.md#122,styles/blueprint/DEMO.md#128,lib/style-dna/blueprint.json#107,lib/style-dna/blueprint.json#168(+21)	N
blueprint	music/score.py	193	活	doc(styles/blueprint/DEMO.md:122)	code:styles/blueprint/demo/build.sh#10 ; orch:lemo-make.mjs:ORCH[music/score.py] ; doc:styles/blueprint/DEMO.md#122,styles/blueprint/DEMO.md#128,lib/style-dna/blueprint.json#175,lib/style-dna/blueprint.json#176(+13)	N
blueprint	paper.js	157	活	doc(styles/blueprint/DEMO.md:116)	code:styles/blueprint/demo/main.js#2 ; contract:lib/dub-visual.json#366,lib/dub-visual.json#377 ; doc:styles/blueprint/DEMO.md#116,styles/blueprint/STYLE.md#104,lib/style-dna/blueprint.json#106,lib/style-dna/blueprint.json#164(+12) ; comment-only:styles/blueprint/demo/film.js#8,styles/blueprint/demo/main.js#8	Y
blueprint	sheet.js	292	活	doc(styles/blueprint/DEMO.md:119)	code:styles/blueprint/demo/film.js#4,styles/blueprint/demo/main.js#5 ; doc:styles/blueprint/DEMO.md#119,styles/blueprint/STYLE.md#104,lib/style-dna/blueprint.json#104,lib/style-dna/blueprint.json#153(+27)	Y
blueprint	tools/check_mix.py	19	活	doc(styles/blueprint/DEMO.md:123)	code:styles/blueprint/demo/build.sh#12 ; orch:lemo-make.mjs:ORCH[tools/check_mix.py] ; doc:styles/blueprint/DEMO.md#123,styles/blueprint/DEMO.md#128,lib/style-dna/blueprint.md#253,lib/style-skills/blueprint/SKILL.md#138	N
blueprint	tools/subs.mjs	9	活	doc(styles/blueprint/DEMO.md:123)	code:styles/blueprint/demo/build.sh#8 ; orch:lemo-make.mjs:ORCH[tools/subs.mjs] ; doc:styles/blueprint/DEMO.md#123,lib/style-skills/blueprint/SKILL.md#139,lib/style-skills/blueprint/SKILL.md#162,lib/style-skills/blueprint/SKILL.md#192(+3)	Y
blueprint	tools/video_range.mjs	39	活		code:scripts/check-render-venc.mjs#300,scripts/patch-render-venc.mjs#209	Y
brick-toy	actors.js	62	活	doc(styles/brick-toy/DEMO.md:58)	code:styles/brick-toy/demo/main.js#8 ; doc:styles/brick-toy/DEMO.md#58,styles/brick-toy/STYLE.md#100,lib/style-dna/brick-toy.json#102,lib/style-dna/brick-toy.json#103(+9)	Y
brick-toy	bricks.js	86	活	doc(styles/brick-toy/DEMO.md:57)	code:styles/brick-toy/demo/actors.js#3,styles/brick-toy/demo/main.js#5,styles/brick-toy/demo/rockets.js#3(+1) ; contract:lib/dub-visual.json#481 ; doc:styles/brick-toy/DEMO.md#57,styles/brick-toy/STYLE.md#100,lib/style-dna/brick-toy.json#102,lib/style-dna/brick-toy.json#103(+17)	Y
brick-toy	film.js	13	活	doc(lib/style-skills/brick-toy/SKILL.md:36)	glob:film*.js(exact) ; doc:lib/style-skills/brick-toy/SKILL.md#36,lib/style-skills/brick-toy/SKILL.md#43,lib/style-skills/brick-toy/SKILL.md#173,lib/style-skills/brick-toy/SKILL.md#207(+1)	N
brick-toy	main.js	272	活	doc(styles/brick-toy/DEMO.md:51)	code:styles/brick-toy/demo/index.html#10,styles/brick-toy/demo/index.html#36 ; contract:lib/dub-visual.json#554 ; doc:styles/brick-toy/DEMO.md#51,styles/brick-toy/DEMO.md#59,styles/brick-toy/STYLE.md#100,styles/brick-toy/STYLE.md#113(+26) ; comment-only:styles/brick-toy/demo/film.js#2,styles/brick-toy/demo/film.js#3,styles/brick-toy/demo/film.js#6	Y
brick-toy	mix.py	55	活	doc(styles/brick-toy/DEMO.md:60)	orch:lemo-make.mjs:ORCH[mix.py] ; doc:styles/brick-toy/DEMO.md#60,styles/brick-toy/DEMO.md#65,styles/brick-toy/STYLE.md#100,lib/style-dna/brick-toy.json#36(+25) ; comment-only:styles/brick-toy/demo/main.js#241	N
brick-toy	music/edit.py	29	活	doc(styles/brick-toy/DEMO.md:32)	orch:lemo-make.mjs:ORCH[music/edit.py] ; doc:styles/brick-toy/DEMO.md#32,styles/brick-toy/DEMO.md#60,styles/brick-toy/DEMO.md#65,styles/brick-toy/STYLE.md#100(+19)	N
brick-toy	rockets.js	251	活	doc(styles/brick-toy/DEMO.md:57)	code:styles/brick-toy/demo/main.js#9 ; doc:styles/brick-toy/DEMO.md#57,styles/brick-toy/STYLE.md#100,lib/style-dna/brick-toy.json#102,lib/style-dna/brick-toy.json#103(+12)	Y
brick-toy	set.js	102	活	doc(styles/brick-toy/DEMO.md:58)	code:styles/brick-toy/demo/main.js#7,styles/brick-toy/demo/rockets.js#5 ; doc:styles/brick-toy/DEMO.md#58,styles/brick-toy/STYLE.md#100,lib/style-dna/brick-toy.json#102,lib/style-dna/brick-toy.json#145(+11)	Y
brick-toy	story.js	64	活	doc(styles/brick-toy/DEMO.md:32)	code:styles/brick-toy/demo/main.js#6,styles/brick-toy/demo/rockets.js#4 ; contract:lib/dub-visual.json#514,lib/dub-visual.json#573,lib/dub-visual.json#575 ; doc:styles/brick-toy/DEMO.md#32,styles/brick-toy/DEMO.md#59,lib/style-dna/brick-toy.json#102,lib/style-dna/brick-toy.json#104(+25)	Y
cel-anime-80s	bg.js	240	活	doc(styles/cel-anime-80s/DEMO.md:72)	code:styles/cel-anime-80s/demo/main.js#5,styles/cel-anime-80s/demo/scenes2.js#9,styles/cel-anime-80s/demo/shots.js#5 ; contract:lib/dub-visual.json#595 ; doc:styles/cel-anime-80s/DEMO.md#72,styles/cel-anime-80s/STYLE.md#105,lib/style-dna/cel-anime-80s.json#104,lib/style-dna/cel-anime-80s.md#184(+6)	Y
cel-anime-80s	cel.js	103	活	doc(styles/cel-anime-80s/DEMO.md:70)	code:styles/cel-anime-80s/demo/bg.js#2,styles/cel-anime-80s/demo/fx.js#2,styles/cel-anime-80s/demo/hands.js#2(+12) ; contract:lib/dub-visual.json#594 ; doc:styles/cel-anime-80s/DEMO.md#70,styles/cel-anime-80s/STYLE.md#105,lib/style-dna/cel-anime-80s.json#104,lib/style-dna/cel-anime-80s.json#105(+13)	Y
cel-anime-80s	film.js	12	活	doc(lib/style-skills/cel-anime-80s/SKILL.md:42)	glob:film*.js(exact) ; doc:lib/style-skills/cel-anime-80s/SKILL.md#42,lib/style-skills/cel-anime-80s/SKILL.md#139,lib/style-skills/cel-anime-80s/SKILL.md#165,lib/style-skills/cel-anime-80s/SKILL.md#233(+2)	N
cel-anime-80s	fx.js	108	活	doc(styles/cel-anime-80s/DEMO.md:73)	code:styles/cel-anime-80s/demo/scenes1.js#6,styles/cel-anime-80s/demo/scenes2.js#6,styles/cel-anime-80s/demo/scenes3.js#6(+2) ; doc:styles/cel-anime-80s/DEMO.md#73,styles/cel-anime-80s/STYLE.md#105,lib/style-dna/cel-anime-80s.json#104,lib/style-dna/cel-anime-80s.md#184	Y
cel-anime-80s	hands.js	36	活	doc(styles/cel-anime-80s/DEMO.md:72)	code:styles/cel-anime-80s/demo/scenes1.js#8,styles/cel-anime-80s/demo/scenes4.js#8 ; doc:styles/cel-anime-80s/DEMO.md#72,styles/cel-anime-80s/STYLE.md#105,lib/style-skills/cel-anime-80s/SKILL.md#157,lib/style-skills/cel-anime-80s/SKILL.md#176(+1)	Y
cel-anime-80s	head80.js	309	活	doc(styles/cel-anime-80s/DEMO.md:50)	code:styles/cel-anime-80s/demo/rider.js#3,styles/cel-anime-80s/demo/scenes1.js#5,styles/cel-anime-80s/demo/scenes2.js#5(+3) ; doc:styles/cel-anime-80s/DEMO.md#50,styles/cel-anime-80s/DEMO.md#71,styles/cel-anime-80s/STYLE.md#105,lib/style-dna/cel-anime-80s.json#104(+14)	Y
cel-anime-80s	hud.js	30	活	doc(styles/cel-anime-80s/DEMO.md:76)	code:styles/cel-anime-80s/demo/main.js#11,styles/cel-anime-80s/demo/tools/srt.py#1 ; contract:lib/dub-visual.json#664 ; doc:styles/cel-anime-80s/DEMO.md#76,styles/cel-anime-80s/STYLE.md#105,lib/style-dna/cel-anime-80s.json#104,lib/style-dna/cel-anime-80s.json#144(+7)	Y
cel-anime-80s	main.js	76	活	doc(styles/cel-anime-80s/DEMO.md:76)	code:styles/cel-anime-80s/demo/index.html#43 ; contract:lib/dub-visual.json#680 ; doc:styles/cel-anime-80s/DEMO.md#76,styles/cel-anime-80s/STYLE.md#118,lib/style-dna/cel-anime-80s.json#106,lib/style-dna/cel-anime-80s.json#107(+10) ; comment-only:styles/cel-anime-80s/demo/film.js#2,styles/cel-anime-80s/demo/film.js#3	Y
cel-anime-80s	mix.py	149	活	doc(styles/cel-anime-80s/DEMO.md:77)	orch:lemo-make.mjs:ORCH[mix.py] ; doc:styles/cel-anime-80s/DEMO.md#77,styles/cel-anime-80s/DEMO.md#84,lib/style-dna/cel-anime-80s.json#107,lib/style-dna/cel-anime-80s.json#149(+19) ; comment-only:styles/cel-anime-80s/demo/main.js#57	N
cel-anime-80s	music/analyze.py	44	自述入口	self-header(usage)		N
cel-anime-80s	music/score.py	747	活	doc(styles/cel-anime-80s/DEMO.md:37)	orch:lemo-make.mjs:ORCH[music/score.py] ; doc:styles/cel-anime-80s/DEMO.md#37,styles/cel-anime-80s/DEMO.md#77,styles/cel-anime-80s/DEMO.md#83,styles/cel-anime-80s/STYLE.md#105(+15)	N
cel-anime-80s	pal.js	55	活	doc(styles/cel-anime-80s/DEMO.md:70)	code:styles/cel-anime-80s/demo/scenes1.js#3,styles/cel-anime-80s/demo/scenes2.js#3,styles/cel-anime-80s/demo/scenes3.js#3(+3) ; contract:lib/dub-visual.json#593 ; doc:styles/cel-anime-80s/DEMO.md#70,styles/cel-anime-80s/STYLE.md#105,lib/style-dna/cel-anime-80s.json#104,lib/style-dna/cel-anime-80s.json#105(+13)	Y
cel-anime-80s	post.js	140	活	doc(styles/cel-anime-80s/DEMO.md:74)	code:styles/cel-anime-80s/demo/main.js#3 ; doc:styles/cel-anime-80s/DEMO.md#74,styles/cel-anime-80s/STYLE.md#105,lib/style-dna/cel-anime-80s.json#104,lib/style-dna/cel-anime-80s.json#140(+8)	Y
cel-anime-80s	rider.js	163	活	doc(styles/cel-anime-80s/DEMO.md:71)	code:styles/cel-anime-80s/demo/hands.js#3,styles/cel-anime-80s/demo/scenes1.js#4,styles/cel-anime-80s/demo/scenes2.js#4(+3) ; doc:styles/cel-anime-80s/DEMO.md#71,lib/style-skills/cel-anime-80s/SKILL.md#157,lib/style-skills/cel-anime-80s/SKILL.md#176,lib/style-skills/cel-anime-80s/_distill.json#23	Y
cel-anime-80s	scenes1.js	196	活		code:styles/cel-anime-80s/demo/main.js#7,styles/cel-anime-80s/demo/scenes4.js#7 ; contract:lib/dub-visual.json#681	Y
cel-anime-80s	scenes2.js	240	活		code:styles/cel-anime-80s/demo/main.js#8 ; contract:lib/dub-visual.json#596	Y
cel-anime-80s	scenes3.js	319	活		code:styles/cel-anime-80s/demo/main.js#9	Y
cel-anime-80s	scenes4.js	235	活		code:styles/cel-anime-80s/demo/main.js#10	Y
cel-anime-80s	shots.js	100	活	doc(styles/cel-anime-80s/DEMO.md:75)	code:styles/cel-anime-80s/demo/main.js#6,styles/cel-anime-80s/demo/scenes1.js#7,styles/cel-anime-80s/demo/scenes2.js#7(+2) ; doc:styles/cel-anime-80s/DEMO.md#75,lib/style-dna/cel-anime-80s.json#106,lib/style-dna/cel-anime-80s.md#201,lib/style-skills/cel-anime-80s/SKILL.md#155(+1)	Y
cel-anime-80s	story.js	72	活	doc(styles/cel-anime-80s/DEMO.md:75)	code:styles/cel-anime-80s/demo/hud.js#3,styles/cel-anime-80s/demo/main.js#4,styles/cel-anime-80s/demo/music/score.py#7(+6) ; contract:lib/dub-visual.json#622,lib/dub-visual.json#678 ; doc:styles/cel-anime-80s/DEMO.md#75,styles/cel-anime-80s/DEMO.md#80,lib/style-dna/cel-anime-80s.json#104,lib/style-dna/cel-anime-80s.json#106(+19)	Y
cel-anime-80s	test.js	33	活		code:styles/cel-anime-80s/demo/main.js#18	Y
cel-anime-80s	tools/mux.sh	149	活	doc(styles/cel-anime-80s/DEMO.md:86)	glob:styles/*/demo/mux.sh(exact) ; orch:lemo-make.mjs:ORCH[tools/mux.sh] ; doc:styles/cel-anime-80s/DEMO.md#86,lib/style-dna/cel-anime-80s.md#239,lib/style-skills/cel-anime-80s/SKILL.md#140	N
cel-anime-80s	tools/sheet.py	14	已声明入口	doc(styles/cel-anime-80s/DEMO.md:81)	doc:styles/cel-anime-80s/DEMO.md#81,lib/style-dna/cel-anime-80s.md#234	N
cel-anime-80s	tools/srt.py	18	活	doc(styles/cel-anime-80s/DEMO.md:86)	orch:lemo-make.mjs:ORCH[tools/srt.py] ; doc:styles/cel-anime-80s/DEMO.md#86,lib/style-dna/cel-anime-80s.md#239,lib/style-skills/cel-anime-80s/SKILL.md#143,lib/style-skills/cel-anime-80s/SKILL.md#166(+4)	N
cel-anime-80s	tools/still.mjs	29	活	doc(styles/cel-anime-80s/DEMO.md:81)	orch:lemo-make.mjs:ORCH[tools/still.mjs] ; doc:styles/cel-anime-80s/DEMO.md#81,lib/style-dna/cel-anime-80s.md#234	Y
crayon-book	build.sh	14	活	doc(styles/crayon-book/DEMO.md:86)	glob:styles/*/demo/build.sh(exact) ; doc:styles/crayon-book/DEMO.md#86,styles/crayon-book/DEMO.md#94,lib/style-skills/crayon-book/SKILL.md#14,lib/style-skills/crayon-book/SKILL.md#139(+1)	N
crayon-book	chars.js	403	活	doc(styles/crayon-book/DEMO.md:83)	code:styles/crayon-book/demo/end.js#6,styles/crayon-book/demo/film.js#4,styles/crayon-book/demo/sheet.js#4(+1) ; doc:styles/crayon-book/DEMO.md#83,lib/style-skills/crayon-book/SKILL.md#163,lib/style-skills/crayon-book/SKILL.md#184,lib/style-skills/crayon-book/_distill.json#26	Y
crayon-book	crayon.js	238	活	doc(styles/crayon-book/DEMO.md:81)	code:styles/crayon-book/demo/chars.js#2,styles/crayon-book/demo/chars.js#328,styles/crayon-book/demo/end.js#4(+6) ; contract:lib/dub-visual.json#699 ; doc:styles/crayon-book/DEMO.md#81,styles/crayon-book/STYLE.md#95,lib/style-dna/crayon-book.json#128,lib/style-dna/crayon-book.json#129(+8)	Y
crayon-book	end.js	208	活	doc(styles/crayon-book/DEMO.md:85)	code:styles/crayon-book/demo/film.js#8 ; doc:styles/crayon-book/DEMO.md#85,styles/crayon-book/STYLE.md#95,lib/style-dna/crayon-book.json#97,lib/style-dna/crayon-book.json#121(+3) ; comment-only:styles/crayon-book/demo/film.js#1	Y
crayon-book	film.js	261	活	doc(styles/crayon-book/DEMO.md:85)	code:styles/crayon-book/demo/main.js#19 ; contract:lib/dub-visual.json#737,lib/dub-visual.json#776 ; glob:film*.js(exact) ; doc:styles/crayon-book/DEMO.md#85,styles/crayon-book/DEMO.md#91,lib/style-dna/crayon-book.json#33,lib/style-dna/crayon-book.json#95(+49)	Y
crayon-book	gl.js	225	活	doc(styles/crayon-book/DEMO.md:80)	code:styles/crayon-book/demo/main.js#2 ; doc:styles/crayon-book/DEMO.md#80,styles/crayon-book/STYLE.md#95,lib/style-dna/crayon-book.json#125,lib/style-dna/crayon-book.json#126(+4) ; comment-only:styles/crayon-book/demo/crayon.js#1	Y
crayon-book	main.js	24	活	doc(lib/style-dna/crayon-book.json:97)	code:styles/crayon-book/demo/index.html#6 ; doc:lib/style-dna/crayon-book.json#97,lib/style-dna/crayon-book.md#180,lib/style-skills/crayon-book/SKILL.md#161 ; comment-only:styles/crayon-book/demo/crayon.js#6	Y
crayon-book	mix.py	237	活	doc(styles/crayon-book/DEMO.md:86)	code:styles/crayon-book/demo/build.sh#10 ; orch:lemo-make.mjs:ORCH[mix.py] ; doc:styles/crayon-book/DEMO.md#86,styles/crayon-book/DEMO.md#92,lib/style-dna/crayon-book.json#35,lib/style-dna/crayon-book.json#98(+9) ; comment-only:styles/crayon-book/demo/film.js#43	N
crayon-book	music/score.py	248	活	doc(styles/crayon-book/DEMO.md:86)	code:styles/crayon-book/demo/build.sh#9,styles/crayon-book/demo/mix.py#206 ; orch:lemo-make.mjs:ORCH[music/score.py] ; doc:styles/crayon-book/DEMO.md#86,styles/crayon-book/DEMO.md#92,lib/style-dna/crayon-book.json#133,lib/style-dna/crayon-book.md#207(+9)	N
crayon-book	pal.js	20	活	doc(lib/style-dna/crayon-book.json:95)	code:styles/crayon-book/demo/chars.js#4,styles/crayon-book/demo/end.js#7,styles/crayon-book/demo/film.js#6(+3) ; contract:lib/dub-visual.json#698 ; doc:lib/style-dna/crayon-book.json#95,lib/style-dna/crayon-book.json#131,lib/style-dna/crayon-book.md#167,lib/style-dna/crayon-book.md#248(+7)	Y
crayon-book	rig.js	45	活	doc(styles/crayon-book/DEMO.md:82)	code:styles/crayon-book/demo/chars.js#3,styles/crayon-book/demo/end.js#5,styles/crayon-book/demo/film.js#3(+2) ; doc:styles/crayon-book/DEMO.md#82,styles/crayon-book/STYLE.md#95,lib/style-dna/crayon-book.json#96,lib/style-dna/crayon-book.md#175(+3)	Y
crayon-book	sheet.js	126	活	doc(styles/crayon-book/DEMO.md:86)	code:styles/crayon-book/demo/test.js#4 ; doc:styles/crayon-book/DEMO.md#86,styles/crayon-book/STYLE.md#95,lib/style-dna/crayon-book.json#96,lib/style-dna/crayon-book.md#175(+2)	Y
crayon-book	subs.mjs	10	活	doc(lib/style-skills/crayon-book/SKILL.md:175)	code:styles/crayon-book/demo/build.sh#11 ; orch:lemo-make.mjs:ORCH[subs.mjs] ; doc:lib/style-skills/crayon-book/SKILL.md#175,lib/style-skills/crayon-book/SKILL.md#210,lib/style-skills/crayon-book/SKILL.md#239,lib/style-skills/crayon-book/_distill.json#15(+1)	Y
crayon-book	test.js	50	活		code:styles/crayon-book/demo/main.js#16	Y
crayon-book	tools/mux.sh	148	活	doc(styles/crayon-book/DEMO.md:94)	code:styles/crayon-book/demo/build.sh#13 ; glob:styles/*/demo/mux.sh(exact) ; orch:lemo-make.mjs:ORCH[tools/mux.sh] ; doc:styles/crayon-book/DEMO.md#94,lib/style-dna/crayon-book.md#209,lib/style-skills/crayon-book/SKILL.md#146,lib/style-skills/crayon-book/SKILL.md#173(+2)	N
crayon-book	world.js	175	活	doc(styles/crayon-book/DEMO.md:84)	code:styles/crayon-book/demo/film.js#5 ; doc:styles/crayon-book/DEMO.md#84,lib/style-dna/crayon-book.json#132,lib/style-dna/crayon-book.md#75,lib/style-dna/crayon-book.md#249(+3)	Y
dark-keynote	build.sh	19	活	doc(styles/dark-keynote/DEMO.md:104)	glob:styles/*/demo/build.sh(exact) ; doc:styles/dark-keynote/DEMO.md#104,lib/style-dna/dark-keynote.md#196,lib/style-skills/dark-keynote/SKILL.md#14,lib/style-skills/dark-keynote/SKILL.md#133(+5)	N
dark-keynote	engine.js	485	活	doc(styles/dark-keynote/DEMO.md:95)	code:styles/dark-keynote/demo/film.js#2,styles/dark-keynote/demo/film.js#3,styles/dark-keynote/demo/frames.js#2(+1) ; contract:lib/dub-visual.json#810,lib/dub-visual.json#890,lib/dub-visual.json#909 ; doc:styles/dark-keynote/DEMO.md#95,styles/dark-keynote/DEMO.md#116,styles/dark-keynote/DEMO.md#141,styles/dark-keynote/STYLE.md#103(+20) ; comment-only:lib/dub-core.mjs#429	Y
dark-keynote	film.js	578	活	doc(styles/dark-keynote/DEMO.md:97)	code:styles/dark-keynote/demo/frames.js#13,styles/dark-keynote/demo/main.js#1 ; contract:lib/dub-visual.json#875 ; glob:film*.js(exact) ; doc:styles/dark-keynote/DEMO.md#97,lib/style-dna/dark-keynote.json#95,lib/style-dna/dark-keynote.json#96,lib/style-dna/dark-keynote.json#122(+29)	Y
dark-keynote	frames.js	32	活	doc(styles/dark-keynote/DEMO.md:98)	code:styles/dark-keynote/demo/main.js#2 ; doc:styles/dark-keynote/DEMO.md#98,styles/dark-keynote/DEMO.md#153	Y
dark-keynote	main.js	20	活	doc(styles/dark-keynote/DEMO.md:98)	code:styles/dark-keynote/demo/index.html#6 ; contract:lib/dub-visual.json#850 ; doc:styles/dark-keynote/DEMO.md#98	Y
dark-keynote	mix.py	203	活	doc(styles/dark-keynote/DEMO.md:99)	code:styles/dark-keynote/demo/build.sh#12 ; orch:lemo-make.mjs:ORCH[mix.py] ; doc:styles/dark-keynote/DEMO.md#99,lib/style-dna/dark-keynote.json#139,lib/style-dna/dark-keynote.json#140,lib/style-dna/dark-keynote.md#137(+4)	N
dark-keynote	music/check.py	68	自述入口	self-header(usage)		N
dark-keynote	music/score.py	324	活	doc(styles/dark-keynote/DEMO.md:99)	code:styles/dark-keynote/demo/build.sh#9,styles/dark-keynote/demo/music/check.py#2 ; orch:lemo-make.mjs:ORCH[music/score.py] ; doc:styles/dark-keynote/DEMO.md#99,lib/style-dna/dark-keynote.json#141,lib/style-dna/dark-keynote.json#142,lib/style-dna/dark-keynote.md#136(+5)	N
dark-keynote	timeline.js	64	活	doc(styles/dark-keynote/DEMO.md:25)	code:styles/dark-keynote/demo/film.js#4,styles/dark-keynote/demo/tools/dump_timeline.mjs#3,styles/dark-keynote/demo/world.js#4 ; doc:styles/dark-keynote/DEMO.md#25,styles/dark-keynote/DEMO.md#56,styles/dark-keynote/DEMO.md#95,styles/dark-keynote/DEMO.md#102(+20)	Y
dark-keynote	tools/cuecheck.py	25	活	doc(styles/dark-keynote/DEMO.md:56)	code:styles/dark-keynote/demo/build.sh#11 ; orch:lemo-make.mjs:ORCH[tools/cuecheck.py] ; doc:styles/dark-keynote/DEMO.md#56,styles/dark-keynote/DEMO.md#100,lib/style-dna/dark-keynote.json#96,lib/style-dna/dark-keynote.md#186(+2)	N
dark-keynote	tools/dump_timeline.mjs	9	活	doc(styles/dark-keynote/DEMO.md:100)	code:styles/dark-keynote/demo/build.sh#6 ; orch:lemo-make.mjs:ORCH[tools/dump_timeline.mjs] ; doc:styles/dark-keynote/DEMO.md#100,styles/dark-keynote/DEMO.md#102,lib/style-dna/dark-keynote.json#95,lib/style-dna/dark-keynote.md#181(+3)	Y
dark-keynote	tools/export.mjs	12	活	doc(styles/dark-keynote/DEMO.md:100)	code:styles/dark-keynote/demo/build.sh#10 ; orch:lemo-make.mjs:ORCH[tools/export.mjs] ; doc:styles/dark-keynote/DEMO.md#100,lib/style-skills/dark-keynote/SKILL.md#143	Y
dark-keynote	tools/final_asr.py	24	活	self-header(docstring)	code:styles/dark-keynote/demo/build.sh#16 ; orch:lemo-make.mjs:ORCH[tools/final_asr.py]	N
dark-keynote	world.js	169	活	doc(styles/dark-keynote/DEMO.md:96)	code:styles/dark-keynote/demo/film.js#5 ; doc:styles/dark-keynote/DEMO.md#96,lib/style-dna/dark-keynote.json#138,lib/style-dna/dark-keynote.md#245,lib/style-skills/dark-keynote/SKILL.md#157	Y
dataviz	build.sh	19	活	doc(styles/dataviz/DEMO.md:80)	glob:styles/*/demo/build.sh(exact) ; doc:styles/dataviz/DEMO.md#80,lib/style-dna/dataviz.md#223,lib/style-skills/dataviz/SKILL.md#14,lib/style-skills/dataviz/SKILL.md#133(+5)	N
dataviz	engine.js	404	活	doc(styles/dataviz/DEMO.md:72)	code:styles/dataviz/demo/film.js#2,styles/dataviz/demo/film.js#3,styles/dataviz/demo/main.js#16(+1) ; contract:lib/dub-visual.json#929,lib/dub-visual.json#1008,lib/dub-visual.json#1029 ; doc:styles/dataviz/DEMO.md#72,styles/dataviz/DEMO.md#79,styles/dataviz/DEMO.md#87,styles/dataviz/DEMO.md#111(+34) ; comment-only:styles/dataviz/demo/film.js#1	Y
dataviz	film.js	481	活	doc(styles/dataviz/DEMO.md:73)	code:styles/dataviz/demo/main.js#1 ; contract:lib/dub-visual.json#968,lib/dub-visual.json#993,lib/dub-visual.json#1022(+1) ; glob:film*.js(exact) ; doc:styles/dataviz/DEMO.md#73,styles/dataviz/DEMO.md#79,lib/style-dna/dataviz.json#98,lib/style-dna/dataviz.json#99(+19) ; comment-only:styles/dataviz/demo/engine.js#2,styles/dataviz/demo/tools/subs.py#1	Y
dataviz	main.js	39	活		code:styles/dataviz/demo/index.html#6 ; contract:lib/dub-visual.json#963	Y
dataviz	mix.py	160	活	doc(styles/dataviz/DEMO.md:74)	code:styles/dataviz/demo/build.sh#13 ; orch:lemo-make.mjs:ORCH[mix.py] ; doc:styles/dataviz/DEMO.md#74,lib/style-dna/dataviz.json#82,lib/style-dna/dataviz.json#99,lib/style-dna/dataviz.json#147(+14)	N
dataviz	music/score.py	214	活	doc(styles/dataviz/DEMO.md:43)	code:styles/dataviz/demo/build.sh#11 ; orch:lemo-make.mjs:ORCH[music/score.py] ; doc:styles/dataviz/DEMO.md#43,styles/dataviz/DEMO.md#74,styles/dataviz/STYLE.md#109,lib/style-dna/dataviz.json#145(+8)	N
dataviz	timeline.js	43	活	doc(styles/dataviz/DEMO.md:71)	code:styles/dataviz/demo/film.js#5 ; doc:styles/dataviz/DEMO.md#71,styles/dataviz/DEMO.md#78,lib/style-dna/dataviz.json#32,lib/style-dna/dataviz.json#96(+22)	Y
dataviz	tools/cuecheck.py	24	活	doc(styles/dataviz/DEMO.md:75)	code:styles/dataviz/demo/build.sh#12 ; orch:lemo-make.mjs:ORCH[tools/cuecheck.py] ; doc:styles/dataviz/DEMO.md#75,lib/style-dna/dataviz.json#99,lib/style-dna/dataviz.md#213,lib/style-skills/dataviz/SKILL.md#145(+1)	N
dataviz	tools/extract_data.py	31	活	doc(styles/dataviz/DEMO.md:70)	code:styles/dataviz/demo/build.sh#6 ; doc:styles/dataviz/DEMO.md#70,lib/style-dna/dataviz.json#96,lib/style-skills/dataviz/SKILL.md#110,lib/style-skills/dataviz/SKILL.md#145(+1)	N
dataviz	tools/final_asr.py	17	活	doc(styles/dataviz/DEMO.md:75)	orch:lemo-make.mjs:ORCH[tools/final_asr.py] ; doc:styles/dataviz/DEMO.md#75	N
dataviz	tools/subs.py	15	活	doc(styles/dataviz/DEMO.md:59)	code:styles/dataviz/demo/build.sh#14 ; orch:lemo-make.mjs:ORCH[tools/subs.py] ; doc:styles/dataviz/DEMO.md#59,styles/dataviz/DEMO.md#75,lib/style-skills/dataviz/SKILL.md#88,lib/style-skills/dataviz/SKILL.md#143	N
dataviz	tools/words.py	21	活	doc(styles/dataviz/DEMO.md:75)	code:styles/dataviz/demo/build.sh#9 ; orch:lemo-make.mjs:ORCH[tools/words.py] ; doc:styles/dataviz/DEMO.md#75,lib/style-skills/dataviz/SKILL.md#143	N
engraving	build.sh	26	活	doc(styles/engraving/DEMO.md:85)	glob:styles/*/demo/build.sh(exact) ; doc:styles/engraving/DEMO.md#85,styles/engraving/DEMO.md#121,styles/engraving/DEMO.md#136,lib/style-dna/engraving-authoring-contract.md#43(+17) ; comment-only:styles/engraving/demo/film_coffee.js#110,styles/engraving/demo/film_coffee.js#111,styles/engraving/demo/film_coffee.js#113	N
engraving	engine/burin.js	494	活	doc(styles/engraving/DEMO.md:87)	code:styles/engraving/demo/engine/copper.js#5,styles/engraving/demo/engine/index.js#6,styles/engraving/demo/engine/index.js#10(+10) ; contract:lib/dub-visual.json#1043 ; glob:styles/*/demo/**/*.js(exact) ; doc:styles/engraving/DEMO.md#87,styles/engraving/STYLE.md#97,lib/style-dna/engraving-authoring-contract.md#18,lib/style-dna/engraving-authoring-contract.md#26(+26) ; comment-only:styles/engraving/demo/engine/index.js#2,styles/engraving/demo/film.js#113	Y
engraving	engine/copper.js	138	活	doc(styles/engraving/DEMO.md:87)	code:styles/engraving/demo/engine/index.js#9,styles/engraving/demo/film.js#7,styles/engraving/demo/film_coffee.js#12 ; contract:lib/dub-visual.json#1044 ; glob:styles/*/demo/**/*.js(exact) ; doc:styles/engraving/DEMO.md#87,styles/engraving/STYLE.md#97,lib/style-dna/engraving-authoring-contract.md#18,lib/style-dna/engraving-authoring-contract.md#36(+7) ; comment-only:styles/engraving/demo/engine/index.js#5	Y
engraving	engine/index.js	26	活	doc(styles/engraving/DEMO.md:87)	code:styles/engraving/demo/example/index.html#7 ; glob:styles/*/demo/**/*.js(exact) ; doc:styles/engraving/DEMO.md#87,styles/engraving/DEMO.md#141,styles/engraving/STYLE.md#97,lib/style-dna/engraving-authoring-contract.md#18(+2)	Y
engraving	engine/plate.js	241	活	doc(styles/engraving/DEMO.md:87)	code:styles/engraving/demo/engine/index.js#7,styles/engraving/demo/film.js#5,styles/engraving/demo/film_coffee.js#9(+1) ; contract:lib/dub-visual.json#1042 ; glob:styles/*/demo/**/*.js(exact) ; doc:styles/engraving/DEMO.md#87,styles/engraving/STYLE.md#97,lib/style-dna/engraving-authoring-contract.md#18,lib/style-dna/engraving-authoring-contract.md#36(+28) ; comment-only:styles/engraving/demo/engine/index.js#3	Y
engraving	engine/wash.js	96	活	doc(styles/engraving/DEMO.md:87)	code:styles/engraving/demo/engine/index.js#8,styles/engraving/demo/film.js#6,styles/engraving/demo/film_coffee.js#11 ; glob:styles/*/demo/**/*.js(exact) ; doc:styles/engraving/DEMO.md#87,styles/engraving/STYLE.md#97,lib/style-dna/engraving-authoring-contract.md#18,lib/style-dna/engraving-authoring-contract.md#36(+1) ; comment-only:styles/engraving/demo/engine/index.js#4	Y
engraving	film.js	397	活	doc(styles/engraving/DEMO.md:89)	code:styles/engraving/demo/tools/readcheck/index.html#4 ; contract:lib/dub-visual.json#1045,lib/dub-visual.json#1125,lib/dub-visual.json#1139(+1) ; glob:film*.js(exact) ; doc:styles/engraving/DEMO.md#89,styles/engraving/DEMO.md#107,styles/engraving/DEMO.md#183,lib/style-dna/engraving-authoring-contract.md#17(+199) ; comment-only:scripts/check-film-aspect.mjs#11,scripts/style-distill.mjs#327,styles/engraving/demo/film_coffee.js#3(+4)	Y
engraving	film_coffee.js	790	活	doc(lib/style-skills/engraving/SKILL.md:15)	contract:lib/dub-visual.json#1084,lib/dub-visual.json#1134 ; glob:film*.js(exact) ; doc:lib/style-skills/engraving/SKILL.md#15,lib/style-skills/engraving/SKILL.md#28,lib/style-skills/engraving/SKILL.md#96,lib/style-skills/engraving/SKILL.md#115(+5)	Y
engraving	main.js	27	活	doc(lib/style-dna/engraving-authoring-contract.md:15)	code:styles/engraving/demo/index.html#7 ; contract:lib/dub-visual.json#1079 ; doc:lib/style-dna/engraving-authoring-contract.md#15,lib/style-dna/engraving-authoring-contract.md#16,lib/style-dna/engraving-authoring-contract.md#376,lib/style-dna/engraving-authoring-contract.md#377(+15) ; comment-only:scripts/check-film-aspect.mjs#31,styles/engraving/demo/film.js#15,styles/engraving/demo/film.js#48(+3)	Y
engraving	mix.py	162	活	doc(styles/engraving/DEMO.md:89)	code:styles/engraving/demo/build.sh#15,styles/engraving/demo/tools/build_alt.sh#13 ; orch:lemo-make.mjs:ORCH[mix.py] ; doc:styles/engraving/DEMO.md#89,lib/style-dna/engraving-authoring-contract.md#3,lib/style-dna/engraving-authoring-contract.md#20,lib/style-dna/engraving-authoring-contract.md#39(+19)	N
engraving	music/score.py	419	活	doc(styles/engraving/DEMO.md:53)	code:styles/engraving/demo/build.sh#12,styles/engraving/demo/tools/build_alt.sh#12 ; orch:lemo-make.mjs:ORCH[music/score.py] ; doc:styles/engraving/DEMO.md#53,styles/engraving/DEMO.md#89,lib/style-dna/engraving-authoring-contract.md#3,lib/style-dna/engraving-authoring-contract.md#20(+20)	N
engraving	subjects/bee.js	286	活	doc(styles/engraving/DEMO.md:76)	code:styles/engraving/demo/film.js#8 ; glob:styles/*/demo/**/*.js(exact) ; doc:styles/engraving/DEMO.md#76,styles/engraving/DEMO.md#88,styles/engraving/DEMO.md#94,lib/style-dna/engraving-authoring-contract.md#62(+38) ; comment-only:styles/engraving/demo/subjects/scallop.js#2	Y
engraving	subjects/chart.js	334	活	doc(lib/style-skills/engraving/SKILL.md:115)	code:styles/engraving/demo/film_coffee.js#137 ; glob:styles/*/demo/**/*.js(exact) ; doc:lib/style-skills/engraving/SKILL.md#115,lib/style-skills/engraving/SKILL.md#177,lib/style-skills/engraving/_distill.json#62 ; comment-only:styles/engraving/demo/film_coffee.js#130	Y
engraving	subjects/coffee.js	420	活	doc(lib/style-skills/engraving/SKILL.md:115)	code:styles/engraving/demo/film_coffee.js#135 ; glob:styles/*/demo/**/*.js(exact) ; doc:lib/style-skills/engraving/SKILL.md#115,lib/style-skills/engraving/SKILL.md#163,lib/style-skills/engraving/SKILL.md#177,lib/style-skills/engraving/_distill.json#61 ; comment-only:styles/engraving/demo/engine/burin.js#128,styles/engraving/demo/film_coffee.js#130,styles/engraving/demo/film_coffee.js#142(+1)	Y
engraving	subjects/details.js	173	活	doc(styles/engraving/DEMO.md:76)	code:styles/engraving/demo/film.js#9 ; glob:styles/*/demo/**/*.js(exact) ; doc:styles/engraving/DEMO.md#76,styles/engraving/DEMO.md#88,lib/style-dna/engraving-authoring-contract.md#330,lib/style-dna/engraving-authoring-contract.md#331(+15)	Y
engraving	subjects/details_coffee.js	299	活	doc(lib/style-skills/engraving/SKILL.md:115)	code:styles/engraving/demo/film_coffee.js#136 ; glob:styles/*/demo/**/*.js(exact) ; doc:lib/style-skills/engraving/SKILL.md#115,lib/style-skills/engraving/SKILL.md#177,lib/style-skills/engraving/SKILL.md#189,lib/style-skills/engraving/_distill.json#20 ; comment-only:styles/engraving/demo/film_coffee.js#130	Y
engraving	subjects/scallop.js	56	活	doc(styles/engraving/DEMO.md:76)	code:styles/engraving/demo/film.js#10 ; glob:styles/*/demo/**/*.js(exact) ; doc:styles/engraving/DEMO.md#76,styles/engraving/DEMO.md#88,styles/engraving/DEMO.md#110,lib/style-dna/engraving-authoring-contract.md#61(+20)	Y
engraving	tools/build_alt.sh	19	已声明入口	doc(styles/engraving/DEMO.md:121)	doc:styles/engraving/DEMO.md#121,lib/style-dna/engraving-authoring-contract.md#44,lib/style-dna/engraving-authoring-contract.md#902,lib/style-skills/engraving/SKILL.md#153	N
engraving	tools/cuecheck.py	30	活	doc(styles/engraving/DEMO.md:89)	code:styles/engraving/demo/build.sh#16,styles/engraving/demo/tools/build_alt.sh#14 ; orch:lemo-make.mjs:ORCH[tools/cuecheck.py] ; doc:styles/engraving/DEMO.md#89,lib/style-dna/engraving-authoring-contract.md#21,lib/style-dna/engraving-authoring-contract.md#48,lib/style-dna/engraving-authoring-contract.md#492(+9)	N
engraving	tools/events.mjs	11	活	doc(lib/style-dna/engraving-authoring-contract.md:21)	code:styles/engraving/demo/build.sh#14,styles/engraving/demo/tools/build_alt.sh#11 ; orch:lemo-make.mjs:ORCH[tools/events.mjs] ; doc:lib/style-dna/engraving-authoring-contract.md#21,lib/style-dna/engraving-authoring-contract.md#378,lib/style-dna/engraving-authoring-contract.md#617,lib/style-dna/engraving.json#95(+6) ; comment-only:styles/engraving/demo/mix.py#4,styles/engraving/demo/music/score.py#18	Y
engraving	tools/subs.py	22	活	doc(lib/style-dna/engraving-authoring-contract.md:21)	code:styles/engraving/demo/build.sh#18,styles/engraving/demo/tools/build_alt.sh#15 ; orch:lemo-make.mjs:ORCH[tools/subs.py] ; doc:lib/style-dna/engraving-authoring-contract.md#21,lib/style-dna/engraving-authoring-contract.md#380,lib/style-dna/engraving-authoring-contract.md#578,lib/style-dna/engraving-authoring-contract.md#718(+5)	N
game-show	assemble.py	8	已声明入口	doc(styles/game-show/DEMO.md:104)	doc:styles/game-show/DEMO.md#104,styles/game-show/DEMO.md#117,styles/game-show/DEMO.md#119,styles/game-show/DEMO.md#131(+14)	N
game-show	build.py	9	已声明入口	doc(styles/game-show/DEMO.md:106)	doc:styles/game-show/DEMO.md#106,styles/game-show/DEMO.md#119,styles/game-show/DEMO.md#131,styles/game-show/DEMO.md#196(+5) ; comment-only:styles/game-show/demo/film.js#2	N
game-show	film.js	14	活	doc(lib/style-skills/game-show/SKILL.md:43)	code:styles/game-show/demo/index.html#1592 ; glob:film*.js(exact) ; doc:lib/style-skills/game-show/SKILL.md#43,lib/style-skills/game-show/SKILL.md#168,lib/style-skills/game-show/_distill.json#124	N
game-show	finish.sh	49	活	doc(styles/game-show/DEMO.md:46)	code:scripts/check-render-venc.mjs#301,scripts/patch-render-venc.mjs#262,scripts/patch-style-mux.mjs#86(+1) ; doc:styles/game-show/DEMO.md#46,styles/game-show/DEMO.md#110,styles/game-show/DEMO.md#124,styles/game-show/DEMO.md#196(+4) ; comment-only:scripts/check-mux-selection.mjs#17,styles/game-show/demo/render.mjs#4,styles/game-show/demo/render.mjs#57	N
game-show	main.js	1390	活	doc(styles/game-show/DEMO.md:52)	code:styles/game-show/demo/assemble.py#7,styles/game-show/demo/build.py#7 ; contract:lib/dub-visual.json#1159,lib/dub-visual.json#1183,lib/dub-visual.json#1188(+3) ; doc:styles/game-show/DEMO.md#52,styles/game-show/DEMO.md#104,styles/game-show/DEMO.md#106,styles/game-show/DEMO.md#112(+5) ; comment-only:styles/game-show/demo/assemble.py#1,styles/game-show/demo/build.py#1,styles/game-show/demo/film.js#3	Y
game-show	main_b.js	1203	活	doc(styles/game-show/DEMO.md:65)	code:styles/game-show/demo/assemble.py#7 ; doc:styles/game-show/DEMO.md#65,styles/game-show/DEMO.md#79,styles/game-show/DEMO.md#90,styles/game-show/DEMO.md#103(+36) ; comment-only:styles/game-show/demo/assemble.py#1,styles/game-show/demo/film.js#3	Y
game-show	main_v1.js	1072	活	doc(styles/game-show/DEMO.md:52)	code:styles/game-show/demo/assemble.py#4 ; doc:styles/game-show/DEMO.md#52,styles/game-show/DEMO.md#90,styles/game-show/DEMO.md#94,styles/game-show/DEMO.md#102(+31) ; comment-only:styles/game-show/demo/assemble.py#1,styles/game-show/demo/film.js#3	Y
game-show	make_srt.py	28	活	doc(styles/game-show/DEMO.md:75)	orch:lemo-make.mjs:ORCH[make_srt.py] ; doc:styles/game-show/DEMO.md#75,styles/game-show/DEMO.md#96,styles/game-show/DEMO.md#110,styles/game-show/DEMO.md#125(+2)	N
game-show	make_voices.sh	16	活	doc(styles/game-show/DEMO.md:45)	code:styles/game-show/demo/make_voices_kokoro.py#5,styles/game-show/demo/make_voices_kokoro.py#7,styles/game-show/demo/make_voices_kokoro.py#12(+1) ; doc:styles/game-show/DEMO.md#45,styles/game-show/DEMO.md#109,styles/game-show/DEMO.md#118,lib/style-dna/game-show.md#194(+3)	N
game-show	make_voices_kokoro.py	131	活	doc(lib/style-skills/game-show/SKILL.md:100)	code:styles/game-show/demo/mix.py#23 ; doc:lib/style-skills/game-show/SKILL.md#100,lib/style-skills/game-show/SKILL.md#141,lib/style-skills/game-show/SKILL.md#145,lib/style-skills/game-show/SKILL.md#181(+4)	N
game-show	mix.py	61	活	doc(lib/style-skills/game-show/SKILL.md:141)	orch:lemo-make.mjs:ORCH[mix.py] ; doc:lib/style-skills/game-show/SKILL.md#141,lib/style-skills/game-show/SKILL.md#144,lib/style-skills/game-show/SKILL.md#166,lib/style-skills/game-show/SKILL.md#184(+4)	N
game-show	music.py	335	活	doc(styles/game-show/DEMO.md:42)	code:styles/game-show/demo/make_voices_kokoro.py#6,styles/game-show/demo/make_voices_kokoro.py#8,styles/game-show/demo/mix.py#5(+6) ; orch:lemo-make.mjs:ORCH[music.py] ; doc:styles/game-show/DEMO.md#42,styles/game-show/DEMO.md#44,styles/game-show/DEMO.md#108,styles/game-show/DEMO.md#118(+43) ; comment-only:scripts/check-ref-lines.mjs#1036,styles/game-show/demo/render.mjs#2,styles/game-show/demo/synth_lib.py#1	N
game-show	remix2026.js	266	已声明入口	doc(styles/game-show/DEMO.md:112)	doc:styles/game-show/DEMO.md#112,lib/style-skills/game-show/SKILL.md#43 ; comment-only:styles/game-show/demo/film.js#3	Y
game-show	render.mjs	78	活	doc(styles/game-show/DEMO.md:44)	code:scripts/check-render-venc.mjs#302,scripts/patch-render-venc.mjs#215 ; doc:styles/game-show/DEMO.md#44,styles/game-show/DEMO.md#107,styles/game-show/DEMO.md#120,styles/game-show/DEMO.md#121(+7) ; comment-only:styles/game-show/demo/finish.sh#2	Y
game-show	synth_lib.py	197	活	doc(styles/game-show/DEMO.md:42)	code:styles/game-show/demo/music.py#5,styles/game-show/demo/music.py#6 ; doc:styles/game-show/DEMO.md#42,styles/game-show/DEMO.md#108,styles/game-show/DEMO.md#135,styles/game-show/STYLE.md#102(+4)	N
glass-product	build.sh	21	活	doc(styles/glass-product/DEMO.md:77)	glob:styles/*/demo/build.sh(exact) ; doc:styles/glass-product/DEMO.md#77,styles/glass-product/DEMO.md#86,lib/style-dna/glass-product.md#211,lib/style-skills/glass-product/SKILL.md#15(+8)	N
glass-product	check_mix.py	21	活	doc(styles/glass-product/DEMO.md:77)	code:styles/glass-product/demo/build.sh#20 ; orch:lemo-make.mjs:ORCH[check_mix.py] ; doc:styles/glass-product/DEMO.md#77,styles/glass-product/DEMO.md#85,lib/style-dna/glass-product.md#210	N
glass-product	film.js	16	活	doc(lib/style-skills/glass-product/SKILL.md:37)	code:styles/glass-product/demo/main.js#8 ; glob:film*.js(exact) ; doc:lib/style-skills/glass-product/SKILL.md#37,lib/style-skills/glass-product/SKILL.md#46,lib/style-skills/glass-product/SKILL.md#138,lib/style-skills/glass-product/SKILL.md#164(+2)	N
glass-product	main.js	320	活	doc(styles/glass-product/DEMO.md:74)	code:styles/glass-product/demo/index.html#7 ; contract:lib/dub-visual.json#1382,lib/dub-visual.json#1456,lib/dub-visual.json#1475(+1) ; doc:styles/glass-product/DEMO.md#74,styles/glass-product/STYLE.md#96,lib/style-dna/glass-product.json#96,lib/style-dna/glass-product.json#139(+17)	Y
glass-product	mix.py	127	活	doc(styles/glass-product/DEMO.md:76)	code:styles/glass-product/demo/build.sh#13 ; orch:lemo-make.mjs:ORCH[mix.py] ; doc:styles/glass-product/DEMO.md#76,styles/glass-product/DEMO.md#83,styles/glass-product/STYLE.md#96,lib/style-dna/glass-product.json#97(+13) ; comment-only:styles/glass-product/demo/story.js#40	N
glass-product	music/score.py	333	活	doc(styles/glass-product/DEMO.md:41)	code:styles/glass-product/demo/build.sh#10 ; orch:lemo-make.mjs:ORCH[music/score.py] ; doc:styles/glass-product/DEMO.md#41,styles/glass-product/DEMO.md#75,styles/glass-product/DEMO.md#83,styles/glass-product/STYLE.md#96(+14)	N
glass-product	product.js	187	活	doc(styles/glass-product/DEMO.md:71)	code:styles/glass-product/demo/main.js#6 ; contract:lib/dub-visual.json#1381 ; doc:styles/glass-product/DEMO.md#71,styles/glass-product/STYLE.md#96,lib/style-dna/glass-product.json#95,lib/style-dna/glass-product.json#133(+18)	Y
glass-product	story.js	58	活	doc(styles/glass-product/DEMO.md:41)	code:styles/glass-product/demo/main.js#5,styles/glass-product/demo/subs.py#1,styles/glass-product/demo/subs.py#5 ; contract:lib/dub-visual.json#1420 ; doc:styles/glass-product/DEMO.md#41,styles/glass-product/DEMO.md#73,styles/glass-product/DEMO.md#80,styles/glass-product/STYLE.md#96(+28)	Y
glass-product	studio.js	116	活	doc(styles/glass-product/DEMO.md:72)	code:styles/glass-product/demo/main.js#7 ; doc:styles/glass-product/DEMO.md#72,styles/glass-product/STYLE.md#96,lib/style-dna/glass-product.json#95,lib/style-dna/glass-product.json#128(+16)	Y
glass-product	subs.py	10	活	doc(styles/glass-product/DEMO.md:77)	code:styles/glass-product/demo/build.sh#18 ; orch:lemo-make.mjs:ORCH[subs.py] ; doc:styles/glass-product/DEMO.md#77,lib/style-skills/glass-product/SKILL.md#142,lib/style-skills/glass-product/SKILL.md#165	N
halftone-dossier	fetch_fonts.mjs	12	已声明入口	doc(styles/halftone-dossier/DEMO.md:118)	doc:styles/halftone-dossier/DEMO.md#118,styles/halftone-dossier/DEMO.md#127,styles/halftone-dossier/DEMO.md#134,lib/style-dna/halftone-dossier.json#91(+3)	Y
halftone-dossier	film.js	13	活	doc(lib/style-skills/halftone-dossier/SKILL.md:43)	code:styles/halftone-dossier/demo/index.html#1096 ; glob:film*.js(exact) ; doc:lib/style-skills/halftone-dossier/SKILL.md#43,lib/style-skills/halftone-dossier/SKILL.md#172,lib/style-skills/halftone-dossier/_distill.json#82	N
halftone-dossier	mix.py	54	活	doc(lib/style-skills/halftone-dossier/SKILL.md:147)	orch:lemo-make.mjs:ORCH[mix.py] ; doc:lib/style-skills/halftone-dossier/SKILL.md#147,lib/style-skills/halftone-dossier/SKILL.md#150,lib/style-skills/halftone-dossier/SKILL.md#173,lib/style-skills/halftone-dossier/SKILL.md#188(+1)	N
halftone-dossier	music.py	323	活	doc(styles/halftone-dossier/DEMO.md:5)	code:styles/halftone-dossier/demo/mix.py#5,styles/halftone-dossier/demo/mix.py#7,styles/halftone-dossier/demo/mix.py#16(+3) ; orch:lemo-make.mjs:ORCH[music.py] ; doc:styles/halftone-dossier/DEMO.md#5,styles/halftone-dossier/DEMO.md#60,styles/halftone-dossier/DEMO.md#61,styles/halftone-dossier/DEMO.md#126(+38)	N
halftone-dossier	render.mjs	85	活	doc(styles/halftone-dossier/DEMO.md:125)	code:scripts/check-render-venc.mjs#303,scripts/patch-render-venc.mjs#219 ; doc:styles/halftone-dossier/DEMO.md#125,styles/halftone-dossier/DEMO.md#137,styles/halftone-dossier/DEMO.md#138,styles/halftone-dossier/DEMO.md#139(+19)	Y
hd-2d	chars.js	195	活	doc(styles/hd-2d/DEMO.md:91)	code:styles/hd-2d/demo/cliff.js#6,styles/hd-2d/demo/forest.js#6,styles/hd-2d/demo/harbor.js#6(+1) ; contract:lib/dub-visual.json#1724 ; doc:styles/hd-2d/DEMO.md#91,styles/hd-2d/DEMO.md#184,styles/hd-2d/DEMO.md#196,styles/hd-2d/STYLE.md#96(+13)	Y
hd-2d	cliff.js	293	活	doc(styles/hd-2d/DEMO.md:92)	code:styles/hd-2d/demo/main.js#7 ; contract:lib/dub-visual.json#1726 ; doc:styles/hd-2d/DEMO.md#92,styles/hd-2d/DEMO.md#153,lib/style-dna/hd-2d.json#101,lib/style-dna/hd-2d.json#177(+21)	Y
hd-2d	film.js	13	活	doc(lib/style-skills/hd-2d/SKILL.md:38)	glob:film*.js(exact) ; doc:lib/style-skills/hd-2d/SKILL.md#38,lib/style-skills/hd-2d/SKILL.md#58,lib/style-skills/hd-2d/SKILL.md#191,lib/style-skills/hd-2d/SKILL.md#289(+3)	N
hd-2d	forest.js	155	活	doc(styles/hd-2d/DEMO.md:92)	code:styles/hd-2d/demo/index.html#12,styles/hd-2d/demo/main.js#6 ; contract:lib/dub-visual.json#1727 ; doc:styles/hd-2d/DEMO.md#92,lib/style-dna/hd-2d.json#171,lib/style-dna/hd-2d.json#172,lib/style-dna/hd-2d.json#173(+14)	Y
hd-2d	forest_art.js	111	活	doc(styles/hd-2d/DEMO.md:54)	code:styles/hd-2d/demo/forest.js#8 ; doc:styles/hd-2d/DEMO.md#54,styles/hd-2d/DEMO.md#92,lib/style-skills/hd-2d/SKILL.md#204,lib/style-skills/hd-2d/_distill.json#23	Y
hd-2d	fx.js	157	活	doc(styles/hd-2d/DEMO.md:90)	code:styles/hd-2d/demo/cliff.js#5,styles/hd-2d/demo/forest.js#5,styles/hd-2d/demo/harbor.js#5(+1) ; doc:styles/hd-2d/DEMO.md#90,styles/hd-2d/DEMO.md#178,styles/hd-2d/DEMO.md#195,styles/hd-2d/STYLE.md#96(+15)	Y
hd-2d	harbor.js	251	活	doc(styles/hd-2d/DEMO.md:92)	code:styles/hd-2d/demo/main.js#5 ; contract:lib/dub-visual.json#1832 ; doc:styles/hd-2d/DEMO.md#92,lib/style-dna/hd-2d.json#164,lib/style-dna/hd-2d.json#165,lib/style-dna/hd-2d.json#166(+20)	Y
hd-2d	kit.js	132	活	doc(styles/hd-2d/DEMO.md:50)	code:styles/hd-2d/demo/cliff.js#4,styles/hd-2d/demo/forest.js#4,styles/hd-2d/demo/harbor.js#4 ; doc:styles/hd-2d/DEMO.md#50,styles/hd-2d/DEMO.md#89,styles/hd-2d/DEMO.md#174,styles/hd-2d/DEMO.md#194(+12)	Y
hd-2d	main.js	58	活	doc(styles/hd-2d/DEMO.md:86)	code:styles/hd-2d/demo/index.html#10,styles/hd-2d/demo/index.html#37 ; contract:lib/dub-visual.json#1825,lib/dub-visual.json#1827 ; doc:styles/hd-2d/DEMO.md#86,styles/hd-2d/DEMO.md#162,styles/hd-2d/DEMO.md#191,styles/hd-2d/DEMO.md#228(+20) ; comment-only:styles/hd-2d/demo/film.js#2,styles/hd-2d/demo/film.js#3,styles/hd-2d/demo/film.js#6	Y
hd-2d	mix.py	128	活	doc(styles/hd-2d/DEMO.md:43)	orch:lemo-make.mjs:ORCH[mix.py] ; doc:styles/hd-2d/DEMO.md#43,styles/hd-2d/DEMO.md#97,styles/hd-2d/DEMO.md#117,styles/hd-2d/DEMO.md#144(+32)	N
hd-2d	music/edit.py	454	活	doc(styles/hd-2d/DEMO.md:42)	orch:lemo-make.mjs:ORCH[music/edit.py] ; doc:styles/hd-2d/DEMO.md#42,styles/hd-2d/DEMO.md#96,styles/hd-2d/DEMO.md#114,styles/hd-2d/DEMO.md#144(+14)	N
hd-2d	post_ts.js	108	活	doc(styles/hd-2d/DEMO.md:5)	code:styles/hd-2d/demo/main.js#3 ; doc:styles/hd-2d/DEMO.md#5,styles/hd-2d/DEMO.md#58,styles/hd-2d/DEMO.md#94,styles/hd-2d/DEMO.md#133(+19)	Y
hd-2d	px.js	165	活	doc(styles/hd-2d/DEMO.md:50)	code:styles/hd-2d/demo/chars.js#3,styles/hd-2d/demo/cliff.js#3,styles/hd-2d/demo/forest.js#3(+4) ; contract:lib/dub-visual.json#1725 ; doc:styles/hd-2d/DEMO.md#50,styles/hd-2d/DEMO.md#88,styles/hd-2d/DEMO.md#168,styles/hd-2d/DEMO.md#193(+21)	Y
hd-2d	story.js	34	活	doc(styles/hd-2d/DEMO.md:67)	code:styles/hd-2d/demo/cliff.js#7,styles/hd-2d/demo/harbor.js#7,styles/hd-2d/demo/main.js#4(+2) ; contract:lib/dub-visual.json#1762 ; doc:styles/hd-2d/DEMO.md#67,styles/hd-2d/DEMO.md#79,styles/hd-2d/DEMO.md#87,styles/hd-2d/DEMO.md#144(+35) ; comment-only:styles/hd-2d/demo/tools/srt.py#1	Y
hd-2d	tools/render_range.mjs	41	活	doc(styles/hd-2d/DEMO.md:98)	code:scripts/check-render-venc.mjs#304,scripts/patch-render-venc.mjs#210 ; doc:styles/hd-2d/DEMO.md#98,styles/hd-2d/DEMO.md#137,styles/hd-2d/DEMO.md#158	Y
hd-2d	tools/srt.py	14	活	doc(styles/hd-2d/DEMO.md:79)	orch:lemo-make.mjs:ORCH[tools/srt.py] ; doc:styles/hd-2d/DEMO.md#79,styles/hd-2d/DEMO.md#98,styles/hd-2d/DEMO.md#120,lib/style-dna/hd-2d.md#236(+6)	N
hd-2d	ui.js	126	活	doc(styles/hd-2d/DEMO.md:77)	code:styles/hd-2d/demo/main.js#8 ; contract:lib/dub-visual.json#1802,lib/dub-visual.json#1828 ; doc:styles/hd-2d/DEMO.md#77,styles/hd-2d/DEMO.md#78,styles/hd-2d/DEMO.md#93,styles/hd-2d/DEMO.md#186(+20)	Y
hologram-hud	build.sh	39	活	doc(styles/hologram-hud/DEMO.md:77)	glob:styles/*/demo/build.sh(exact) ; doc:styles/hologram-hud/DEMO.md#77,styles/hologram-hud/DEMO.md#113,lib/style-dna/hologram-hud.json#142,lib/style-dna/hologram-hud.md#250(+10)	N
hologram-hud	engine/holo.js	328	活	doc(styles/hologram-hud/DEMO.md:66)	code:styles/hologram-hud/demo/film.js#2,styles/hologram-hud/demo/film.js#104,styles/hologram-hud/demo/frames.js#2(+1) ; contract:lib/dub-visual.json#1938 ; glob:styles/*/demo/**/*.js(exact) ; doc:styles/hologram-hud/DEMO.md#66,styles/hologram-hud/DEMO.md#133,styles/hologram-hud/DEMO.md#147,styles/hologram-hud/STYLE.md#103(+5) ; comment-only:styles/hologram-hud/demo/models/mkmodel.mjs#2	Y
hologram-hud	engine/hud.js	407	活	doc(styles/hologram-hud/DEMO.md:52)	code:styles/hologram-hud/demo/film.js#3,styles/hologram-hud/demo/frames.js#3 ; contract:lib/dub-visual.json#1845,lib/dub-visual.json#1860,lib/dub-visual.json#1919 ; glob:styles/*/demo/**/*.js(exact) ; doc:styles/hologram-hud/DEMO.md#52,styles/hologram-hud/DEMO.md#67,styles/hologram-hud/DEMO.md#143,styles/hologram-hud/DEMO.md#148(+4)	Y
hologram-hud	film.js	448	活	doc(styles/hologram-hud/DEMO.md:70)	code:styles/hologram-hud/demo/index.html#12,styles/hologram-hud/demo/main.js#3 ; contract:lib/dub-visual.json#1846,lib/dub-visual.json#1941 ; glob:film*.js(exact) ; doc:styles/hologram-hud/DEMO.md#70,lib/style-dna/hologram-hud.json#101,lib/style-dna/hologram-hud.json#123,lib/style-dna/hologram-hud.json#124(+30)	Y
hologram-hud	frames.js	23	活	doc(styles/hologram-hud/DEMO.md:70)	code:styles/hologram-hud/demo/main.js#18 ; contract:lib/dub-visual.json#1848 ; doc:styles/hologram-hud/DEMO.md#70,styles/hologram-hud/DEMO.md#145,lib/style-skills/hologram-hud/SKILL.md#67,lib/style-skills/hologram-hud/SKILL.md#73(+3)	Y
hologram-hud	main.js	21	活	doc(lib/style-dna/hologram-hud.json:101)	code:styles/hologram-hud/demo/index.html#36 ; contract:lib/dub-visual.json#1882 ; doc:lib/style-dna/hologram-hud.json#101,lib/style-dna/hologram-hud.md#210,lib/style-skills/hologram-hud/SKILL.md#162	Y
hologram-hud	mix.py	241	活	doc(styles/hologram-hud/DEMO.md:71)	code:styles/hologram-hud/demo/build.sh#23 ; orch:lemo-make.mjs:ORCH[mix.py] ; doc:styles/hologram-hud/DEMO.md#71,lib/style-dna/hologram-hud.json#102,lib/style-dna/hologram-hud.json#136,lib/style-dna/hologram-hud.json#137(+12)	N
hologram-hud	models/gen_kite.mjs	80	活	doc(styles/hologram-hud/DEMO.md:69)	code:styles/hologram-hud/demo/build.sh#16 ; orch:lemo-make.mjs:ORCH[models/gen_kite.mjs] ; doc:styles/hologram-hud/DEMO.md#69,lib/style-skills/hologram-hud/SKILL.md#181,lib/style-skills/hologram-hud/_distill.json#24	Y
hologram-hud	models/gen_volt.mjs	113	活	doc(styles/hologram-hud/DEMO.md:69)	code:styles/hologram-hud/demo/build.sh#15 ; orch:lemo-make.mjs:ORCH[models/gen_volt.mjs] ; doc:styles/hologram-hud/DEMO.md#69,lib/style-skills/hologram-hud/SKILL.md#181,lib/style-skills/hologram-hud/_distill.json#24	Y
hologram-hud	models/mkmodel.mjs	219	活	doc(styles/hologram-hud/DEMO.md:68)	code:styles/hologram-hud/demo/models/gen_kite.mjs#3,styles/hologram-hud/demo/models/gen_volt.mjs#4 ; doc:styles/hologram-hud/DEMO.md#68,styles/hologram-hud/DEMO.md#131,styles/hologram-hud/STYLE.md#103,lib/style-dna/hologram-hud.json#100(+5)	Y
hologram-hud	music/check.py	24	自述入口	self-header(docstring)		N
hologram-hud	music/score.py	367	活	doc(styles/hologram-hud/DEMO.md:71)	code:styles/hologram-hud/demo/build.sh#21 ; orch:lemo-make.mjs:ORCH[music/score.py] ; doc:styles/hologram-hud/DEMO.md#71,lib/style-dna/hologram-hud.json#102,lib/style-dna/hologram-hud.json#139,lib/style-dna/hologram-hud.json#140(+12)	N
hologram-hud	tools/cuecheck.py	24	活	doc(styles/hologram-hud/DEMO.md:38)	code:styles/hologram-hud/demo/build.sh#22 ; orch:lemo-make.mjs:ORCH[tools/cuecheck.py] ; doc:styles/hologram-hud/DEMO.md#38,styles/hologram-hud/DEMO.md#72,lib/style-dna/hologram-hud.md#257,lib/style-dna/hologram-hud.md#263(+2)	N
hologram-hud	tools/export.mjs	19	活	doc(styles/hologram-hud/DEMO.md:72)	code:styles/hologram-hud/demo/build.sh#20 ; orch:lemo-make.mjs:ORCH[tools/export.mjs] ; doc:styles/hologram-hud/DEMO.md#72,styles/hologram-hud/DEMO.md#75,lib/style-dna/hologram-hud.json#101,lib/style-dna/hologram-hud.json#144(+12) ; comment-only:scripts/check-esm-import-paths.mjs#6	Y
hologram-hud	tools/final_asr.py	24	活	doc(styles/hologram-hud/DEMO.md:72)	code:styles/hologram-hud/demo/build.sh#28 ; orch:lemo-make.mjs:ORCH[tools/final_asr.py] ; doc:styles/hologram-hud/DEMO.md#72	N
hologram-hud	tools/make_lines.mjs	10	活	doc(styles/hologram-hud/DEMO.md:72)	code:styles/hologram-hud/demo/build.sh#17 ; doc:styles/hologram-hud/DEMO.md#72,lib/style-dna/hologram-hud.json#143,lib/style-dna/hologram-hud.md#253,lib/style-dna/hologram-hud.md#308	Y
impasto	build.sh	10	活	doc(styles/impasto/DEMO.md:92)	glob:styles/*/demo/build.sh(exact) ; doc:styles/impasto/DEMO.md#92,styles/impasto/DEMO.md#99,lib/style-dna/impasto.json#120,lib/style-dna/impasto.json#160(+8)	N
impasto	engine/impasto.js	346	活	doc(styles/impasto/DEMO.md:87)	code:styles/impasto/demo/engine/plate.js#7,styles/impasto/demo/film.js#2,styles/impasto/demo/scenes/cellist.js#5(+5) ; glob:styles/*/demo/**/*.js(exact) ; doc:styles/impasto/DEMO.md#87,styles/impasto/DEMO.md#111,styles/impasto/STYLE.md#94,styles/impasto/STYLE.md#100(+25)	Y
impasto	engine/plate.js	165	活	doc(styles/impasto/DEMO.md:87)	code:styles/impasto/demo/scenes/cards.js#2,styles/impasto/demo/scenes/cellist.js#4,styles/impasto/demo/scenes/ecu.js#2(+4) ; glob:styles/*/demo/**/*.js(exact) ; doc:styles/impasto/DEMO.md#87,styles/impasto/DEMO.md#111,styles/impasto/STYLE.md#94,lib/style-dna/impasto.json#140(+14)	Y
impasto	film.js	359	活	doc(styles/impasto/DEMO.md:81)	code:styles/impasto/demo/main.js#2 ; contract:lib/dub-visual.json#1958,lib/dub-visual.json#1991 ; glob:film*.js(exact) ; doc:styles/impasto/DEMO.md#81,styles/impasto/DEMO.md#90,styles/impasto/DEMO.md#97,lib/style-dna/impasto.json#94(+24) ; comment-only:styles/impasto/demo/mix.py#93	Y
impasto	main.js	8	活	doc(lib/style-dna/impasto.json:96)	code:styles/impasto/demo/index.html#3 ; doc:lib/style-dna/impasto.json#96,lib/style-dna/impasto.json#162,lib/style-dna/impasto.json#163,lib/style-dna/impasto.md#188(+5)	Y
impasto	mix.py	144	活	doc(styles/impasto/DEMO.md:91)	code:styles/impasto/demo/build.sh#7 ; orch:lemo-make.mjs:ORCH[mix.py] ; doc:styles/impasto/DEMO.md#91,styles/impasto/DEMO.md#98,lib/style-dna/impasto.json#34,lib/style-dna/impasto.json#51(+23)	N
impasto	music/score.py	94	活	doc(styles/impasto/DEMO.md:91)	code:styles/impasto/demo/build.sh#6 ; orch:lemo-make.mjs:ORCH[music/score.py] ; doc:styles/impasto/DEMO.md#91,styles/impasto/DEMO.md#98,lib/style-dna/impasto.json#34,lib/style-dna/impasto.json#155(+17)	N
impasto	scenes/cards.js	19	活	doc(lib/style-skills/impasto/SKILL.md:159)	code:styles/impasto/demo/film.js#10 ; contract:lib/dub-visual.json#1986,lib/dub-visual.json#2039 ; doc:lib/style-skills/impasto/SKILL.md#159	Y
impasto	scenes/cellist.js	165	活	doc(lib/style-skills/impasto/SKILL.md:159)	code:styles/impasto/demo/film.js#6,styles/impasto/demo/test.js#10 ; doc:lib/style-skills/impasto/SKILL.md#159	Y
impasto	scenes/common.js	18	活	doc(lib/style-dna/impasto.json:150)	code:styles/impasto/demo/film.js#12,styles/impasto/demo/scenes/cards.js#3,styles/impasto/demo/scenes/cellist.js#6(+6) ; doc:lib/style-dna/impasto.json#150,lib/style-dna/impasto.md#280,lib/style-skills/impasto/SKILL.md#159	Y
impasto	scenes/ecu.js	46	活	doc(lib/style-skills/impasto/SKILL.md:159)	code:styles/impasto/demo/film.js#9 ; contract:lib/dub-visual.json#1959 ; doc:lib/style-skills/impasto/SKILL.md#159	Y
impasto	scenes/figures.js	154	活	doc(lib/style-skills/impasto/SKILL.md:159)	code:styles/impasto/demo/film.js#11,styles/impasto/demo/scenes/girl.js#6 ; contract:lib/dub-visual.json#1960 ; doc:lib/style-skills/impasto/SKILL.md#159	Y
impasto	scenes/girl.js	110	活	doc(lib/style-skills/impasto/SKILL.md:159)	code:styles/impasto/demo/film.js#7,styles/impasto/demo/test.js#30 ; doc:lib/style-skills/impasto/SKILL.md#159	Y
impasto	scenes/medium.js	37	活	doc(lib/style-skills/impasto/SKILL.md:159)	code:styles/impasto/demo/film.js#5,styles/impasto/demo/test.js#10 ; doc:lib/style-skills/impasto/SKILL.md#159	Y
impasto	scenes/top.js	21	活	doc(lib/style-skills/impasto/SKILL.md:159)	code:styles/impasto/demo/film.js#8 ; doc:lib/style-skills/impasto/SKILL.md#159	Y
impasto	scenes/wide.js	134	活	doc(lib/style-skills/impasto/SKILL.md:159)	code:styles/impasto/demo/film.js#4 ; doc:lib/style-skills/impasto/SKILL.md#159	Y
impasto	test.js	55	活		code:styles/impasto/demo/main.js#2	Y
impasto	timeline.js	76	活	doc(styles/impasto/DEMO.md:36)	code:styles/impasto/demo/film.js#3,styles/impasto/demo/tools/dump_timeline.mjs#3 ; doc:styles/impasto/DEMO.md#36,styles/impasto/DEMO.md#88,styles/impasto/DEMO.md#95,lib/style-dna/impasto.json#32(+30)	Y
impasto	tools/dump_timeline.mjs	6	活	doc(styles/impasto/DEMO.md:92)	code:styles/impasto/demo/build.sh#5 ; orch:lemo-make.mjs:ORCH[tools/dump_timeline.mjs] ; doc:styles/impasto/DEMO.md#92,styles/impasto/DEMO.md#95,lib/style-dna/impasto.json#159,lib/style-dna/impasto.md#214(+6)	Y
ink-wash	build.sh	18	活	doc(styles/ink-wash/DEMO.md:73)	glob:styles/*/demo/build.sh(exact) ; doc:styles/ink-wash/DEMO.md#73,styles/ink-wash/DEMO.md#79,lib/style-dna/ink-wash.md#220,lib/style-skills/ink-wash/SKILL.md#14(+5)	N
ink-wash	climax.js	140	活	doc(styles/ink-wash/DEMO.md:71)	code:styles/ink-wash/demo/shots.js#5 ; doc:styles/ink-wash/DEMO.md#71,lib/style-skills/ink-wash/SKILL.md#43,lib/style-skills/ink-wash/SKILL.md#133,lib/style-skills/ink-wash/SKILL.md#150(+2)	Y
ink-wash	comp.js	173	活	doc(styles/ink-wash/DEMO.md:66)	code:styles/ink-wash/demo/climax.js#9,styles/ink-wash/demo/cross.js#7,styles/ink-wash/demo/main.js#1(+2) ; doc:styles/ink-wash/DEMO.md#66,styles/ink-wash/STYLE.md#106,lib/style-dna/ink-wash.json#103,lib/style-dna/ink-wash.json#130(+17)	Y
ink-wash	cross.js	118	活	doc(styles/ink-wash/DEMO.md:70)	code:styles/ink-wash/demo/shots.js#3 ; doc:styles/ink-wash/DEMO.md#70,lib/style-skills/ink-wash/SKILL.md#43,lib/style-skills/ink-wash/SKILL.md#133,lib/style-skills/ink-wash/SKILL.md#150(+2)	Y
ink-wash	cues.mjs	4	活	doc(lib/style-skills/ink-wash/SKILL.md:137)	code:styles/ink-wash/demo/build.sh#14 ; doc:lib/style-skills/ink-wash/SKILL.md#137	Y
ink-wash	face.js	97	活	doc(styles/ink-wash/DEMO.md:67)	code:styles/ink-wash/demo/climax.js#4,styles/ink-wash/demo/sheet.js#4,styles/ink-wash/demo/test.js#53 ; doc:styles/ink-wash/DEMO.md#67	Y
ink-wash	film.js	14	活	doc(lib/style-skills/ink-wash/SKILL.md:36)	code:styles/ink-wash/demo/main.js#26 ; glob:film*.js(exact) ; doc:lib/style-skills/ink-wash/SKILL.md#36,lib/style-skills/ink-wash/SKILL.md#133,lib/style-skills/ink-wash/SKILL.md#167,lib/style-skills/ink-wash/SKILL.md#183(+2)	N
ink-wash	frames.js	69	活		code:styles/ink-wash/demo/test.js#2	Y
ink-wash	glyph.js	73	活	doc(styles/ink-wash/DEMO.md:69)	code:styles/ink-wash/demo/climax.js#7,styles/ink-wash/demo/frames.js#5,styles/ink-wash/demo/test.js#1 ; doc:styles/ink-wash/DEMO.md#69,styles/ink-wash/STYLE.md#106,lib/style-dna/ink-wash.json#102,lib/style-dna/ink-wash.json#146(+6)	Y
ink-wash	hero.js	322	活	doc(styles/ink-wash/DEMO.md:49)	code:styles/ink-wash/demo/climax.js#3,styles/ink-wash/demo/cross.js#3,styles/ink-wash/demo/frames.js#3(+7) ; doc:styles/ink-wash/DEMO.md#49,styles/ink-wash/DEMO.md#67,styles/ink-wash/STYLE.md#106,lib/style-dna/ink-wash.json#102(+11)	Y
ink-wash	ink.js	209	活	doc(styles/ink-wash/DEMO.md:45)	code:styles/ink-wash/demo/climax.js#2,styles/ink-wash/demo/cross.js#2,styles/ink-wash/demo/face.js#3(+9) ; contract:lib/dub-visual.json#2058 ; doc:styles/ink-wash/DEMO.md#45,styles/ink-wash/DEMO.md#66,styles/ink-wash/STYLE.md#106,lib/style-dna/ink-wash.json#102(+21)	Y
ink-wash	land.js	150	活	doc(styles/ink-wash/DEMO.md:46)	code:styles/ink-wash/demo/climax.js#6,styles/ink-wash/demo/cross.js#4,styles/ink-wash/demo/frames.js#10(+2) ; doc:styles/ink-wash/DEMO.md#46,styles/ink-wash/DEMO.md#68,styles/ink-wash/STYLE.md#106,lib/style-dna/ink-wash.json#102(+8)	Y
ink-wash	main.js	51	活	doc(lib/style-dna/ink-wash.json:103)	code:styles/ink-wash/demo/index.html#6 ; doc:lib/style-dna/ink-wash.json#103,lib/style-skills/ink-wash/SKILL.md#43,lib/style-skills/ink-wash/SKILL.md#133,lib/style-skills/ink-wash/SKILL.md#167(+1)	Y
ink-wash	mix.py	141	活	doc(styles/ink-wash/DEMO.md:73)	code:styles/ink-wash/demo/build.sh#10 ; orch:lemo-make.mjs:ORCH[mix.py] ; doc:styles/ink-wash/DEMO.md#73,styles/ink-wash/DEMO.md#78,lib/style-dna/ink-wash.json#38,lib/style-dna/ink-wash.json#86(+11) ; comment-only:styles/ink-wash/demo/shots.js#44	N
ink-wash	music/score.py	199	活	doc(styles/ink-wash/DEMO.md:34)	code:styles/ink-wash/demo/build.sh#9 ; orch:lemo-make.mjs:ORCH[music/score.py] ; doc:styles/ink-wash/DEMO.md#34,styles/ink-wash/DEMO.md#73,styles/ink-wash/STYLE.md#106,lib/style-dna/ink-wash.json#141(+5) ; comment-only:styles/ink-wash/demo/story.js#1	N
ink-wash	passage.js	157	活	doc(styles/ink-wash/DEMO.md:71)	code:styles/ink-wash/demo/shots.js#6 ; contract:lib/dub-visual.json#2056 ; doc:styles/ink-wash/DEMO.md#71,lib/style-skills/ink-wash/SKILL.md#43,lib/style-skills/ink-wash/SKILL.md#58,lib/style-skills/ink-wash/SKILL.md#133(+3)	Y
ink-wash	seal.js	32	活	doc(styles/ink-wash/DEMO.md:69)	code:styles/ink-wash/demo/passage.js#5,styles/ink-wash/demo/sheet.js#5,styles/ink-wash/demo/shots.js#8(+1) ; doc:styles/ink-wash/DEMO.md#69,styles/ink-wash/STYLE.md#106,lib/style-dna/ink-wash.json#134,lib/style-dna/ink-wash.md#263(+2)	Y
ink-wash	sheet.js	84	活		code:styles/ink-wash/demo/test.js#3 ; contract:lib/dub-visual.json#2057	Y
ink-wash	shots.js	72	活	doc(styles/ink-wash/DEMO.md:72)	code:styles/ink-wash/demo/film.js#13 ; doc:styles/ink-wash/DEMO.md#72,lib/style-dna/ink-wash.json#101,lib/style-dna/ink-wash.json#103,lib/style-dna/ink-wash.json#104(+13) ; comment-only:styles/ink-wash/demo/film.js#1	Y
ink-wash	story.js	32	活	doc(styles/ink-wash/DEMO.md:72)	code:styles/ink-wash/demo/climax.js#8,styles/ink-wash/demo/cross.js#6,styles/ink-wash/demo/cues.mjs#2(+4) ; contract:lib/dub-visual.json#2097 ; doc:styles/ink-wash/DEMO.md#72,styles/ink-wash/DEMO.md#76,lib/style-dna/ink-wash.json#17,lib/style-dna/ink-wash.json#36(+13) ; comment-only:styles/ink-wash/demo/cues.mjs#1	Y
ink-wash	subs.js	21	活	doc(styles/ink-wash/DEMO.md:73)	code:styles/ink-wash/demo/frames.js#7,styles/ink-wash/demo/main.js#3 ; contract:lib/dub-visual.json#2137 ; doc:styles/ink-wash/DEMO.md#73,styles/ink-wash/STYLE.md#106,lib/style-dna/ink-wash.json#135,lib/style-dna/ink-wash.md#264	Y
ink-wash	test.js	59	活		code:styles/ink-wash/demo/main.js#22	Y
ink-wash	wave.js	69	活	doc(styles/ink-wash/DEMO.md:68)	code:styles/ink-wash/demo/climax.js#5,styles/ink-wash/demo/cross.js#5,styles/ink-wash/demo/frames.js#4 ; doc:styles/ink-wash/DEMO.md#68,styles/ink-wash/STYLE.md#106,lib/style-dna/ink-wash.json#102,lib/style-dna/ink-wash.json#145(+5)	Y
ink-wash	world.js	161	活	doc(styles/ink-wash/DEMO.md:70)	code:styles/ink-wash/demo/passage.js#6,styles/ink-wash/demo/shots.js#4 ; contract:lib/dub-visual.json#2151 ; doc:styles/ink-wash/DEMO.md#70,lib/style-skills/ink-wash/SKILL.md#43,lib/style-skills/ink-wash/SKILL.md#133,lib/style-skills/ink-wash/SKILL.md#150(+2) ; comment-only:styles/ink-wash/demo/film.js#3	Y
iso-infographic	build.sh	20	活	doc(styles/iso-infographic/DEMO.md:135)	glob:styles/*/demo/build.sh(exact) ; doc:styles/iso-infographic/DEMO.md#135,lib/style-dna/iso-infographic.md#177,lib/style-skills/iso-infographic/SKILL.md#14,lib/style-skills/iso-infographic/SKILL.md#134(+3)	N
iso-infographic	engine.js	409	活	doc(styles/iso-infographic/DEMO.md:126)	code:styles/iso-infographic/demo/film.js#3,styles/iso-infographic/demo/hero.js#3,styles/iso-infographic/demo/main.js#1(+3) ; contract:lib/dub-visual.json#2171 ; doc:styles/iso-infographic/DEMO.md#126,styles/iso-infographic/DEMO.md#140,styles/iso-infographic/DEMO.md#165,styles/iso-infographic/STYLE.md#103(+30) ; comment-only:styles/iso-infographic/demo/film.js#2,styles/iso-infographic/demo/world.js#1	Y
iso-infographic	film.js	619	活	doc(styles/iso-infographic/DEMO.md:129)	code:styles/iso-infographic/demo/main.js#9 ; contract:lib/dub-visual.json#2235,lib/dub-visual.json#2254,lib/dub-visual.json#2257 ; glob:film*.js(exact) ; doc:styles/iso-infographic/DEMO.md#129,lib/style-dna/iso-infographic.json#98,lib/style-dna/iso-infographic.json#99,lib/style-dna/iso-infographic.json#134(+16)	Y
iso-infographic	hero.js	111	活	doc(styles/iso-infographic/DEMO.md:128)	code:styles/iso-infographic/demo/film.js#5,styles/iso-infographic/demo/tests.js#2 ; doc:styles/iso-infographic/DEMO.md#128,lib/style-skills/iso-infographic/SKILL.md#43,lib/style-skills/iso-infographic/SKILL.md#110,lib/style-skills/iso-infographic/SKILL.md#159(+2) ; comment-only:styles/iso-infographic/demo/engine.js#20,styles/iso-infographic/demo/film.js#2	Y
iso-infographic	main.js	17	活	doc(lib/style-skills/iso-infographic/SKILL.md:43)	code:styles/iso-infographic/demo/index.html#8 ; doc:lib/style-skills/iso-infographic/SKILL.md#43	Y
iso-infographic	mix.py	228	活	doc(styles/iso-infographic/DEMO.md:130)	code:styles/iso-infographic/demo/build.sh#11 ; orch:lemo-make.mjs:ORCH[mix.py] ; doc:styles/iso-infographic/DEMO.md#130,lib/style-dna/iso-infographic.json#99,lib/style-dna/iso-infographic.md#170,lib/style-skills/iso-infographic/SKILL.md#143(+3) ; comment-only:styles/iso-infographic/demo/film.js#599	N
iso-infographic	music/score.py	176	活	doc(styles/iso-infographic/DEMO.md:130)	code:styles/iso-infographic/demo/build.sh#8,styles/iso-infographic/demo/mix.py#1 ; orch:lemo-make.mjs:ORCH[music/score.py] ; doc:styles/iso-infographic/DEMO.md#130,lib/style-skills/iso-infographic/SKILL.md#143,lib/style-skills/iso-infographic/SKILL.md#159	N
iso-infographic	tests.js	26	活	doc(styles/iso-infographic/DEMO.md:131)	code:styles/iso-infographic/demo/main.js#13 ; doc:styles/iso-infographic/DEMO.md#131	Y
iso-infographic	timeline.js	35	活	doc(styles/iso-infographic/DEMO.md:71)	code:styles/iso-infographic/demo/film.js#6,styles/iso-infographic/demo/music/score.py#4,styles/iso-infographic/demo/music/score.py#13(+2) ; contract:lib/dub-visual.json#2197 ; doc:styles/iso-infographic/DEMO.md#71,styles/iso-infographic/DEMO.md#125,styles/iso-infographic/DEMO.md#133,lib/style-dna/iso-infographic.json#35(+7)	Y
iso-infographic	tools/cuecheck.py	22	活	doc(styles/iso-infographic/DEMO.md:71)	code:styles/iso-infographic/demo/build.sh#10,styles/iso-infographic/demo/music/score.py#3 ; orch:lemo-make.mjs:ORCH[tools/cuecheck.py] ; doc:styles/iso-infographic/DEMO.md#71,styles/iso-infographic/DEMO.md#131,lib/style-dna/iso-infographic.json#99,lib/style-dna/iso-infographic.md#170(+3)	N
iso-infographic	tools/final_asr.py	16	活	doc(styles/iso-infographic/DEMO.md:131)	code:styles/iso-infographic/demo/build.sh#15 ; orch:lemo-make.mjs:ORCH[tools/final_asr.py] ; doc:styles/iso-infographic/DEMO.md#131,lib/style-skills/iso-infographic/SKILL.md#147,lib/style-skills/iso-infographic/SKILL.md#183,lib/style-skills/iso-infographic/_distill.json#29	N
iso-infographic	tools/review.sh	9	已声明入口	doc(styles/iso-infographic/DEMO.md:131)	doc:styles/iso-infographic/DEMO.md#131,styles/iso-infographic/DEMO.md#136	N
iso-infographic	tools/subs.py	10	活	doc(styles/iso-infographic/DEMO.md:131)	code:styles/iso-infographic/demo/build.sh#12 ; orch:lemo-make.mjs:ORCH[tools/subs.py] ; doc:styles/iso-infographic/DEMO.md#131,lib/style-skills/iso-infographic/SKILL.md#144,lib/style-skills/iso-infographic/SKILL.md#190	N
iso-infographic	world.js	454	活	doc(styles/iso-infographic/DEMO.md:127)	code:styles/iso-infographic/demo/film.js#4 ; doc:styles/iso-infographic/DEMO.md#127,lib/style-skills/iso-infographic/SKILL.md#43,lib/style-skills/iso-infographic/SKILL.md#110,lib/style-skills/iso-infographic/SKILL.md#159(+2) ; comment-only:styles/iso-infographic/demo/engine.js#20,styles/iso-infographic/demo/film.js#2	Y
living-screencast	build.sh	19	活	doc(styles/living-screencast/DEMO.md:97)	glob:styles/*/demo/build.sh(exact) ; doc:styles/living-screencast/DEMO.md#97,styles/living-screencast/DEMO.md#99,lib/style-dna/living-screencast.md#176,lib/style-skills/living-screencast/SKILL.md#14(+6)	N
living-screencast	clawd.js	71	活	doc(styles/living-screencast/DEMO.md:82)	code:styles/living-screencast/demo/film.js#4,styles/living-screencast/demo/main.js#3,styles/living-screencast/demo/ui.js#2 ; contract:lib/dub-visual.json#2275 ; doc:styles/living-screencast/DEMO.md#82,styles/living-screencast/DEMO.md#94,styles/living-screencast/STYLE.md#110,lib/style-dna/living-screencast.json#99(+14)	Y
living-screencast	film.js	464	活	doc(styles/living-screencast/DEMO.md:88)	code:styles/living-screencast/demo/main.js#4 ; contract:lib/dub-visual.json#2309,lib/dub-visual.json#2363 ; glob:film*.js(exact) ; doc:styles/living-screencast/DEMO.md#88,styles/living-screencast/DEMO.md#92,styles/living-screencast/STYLE.md#110,lib/style-dna/living-screencast.json#15(+34)	Y
living-screencast	main.js	159	活	doc(styles/living-screencast/DEMO.md:95)	code:styles/living-screencast/demo/index.html#28,styles/living-screencast/demo/index.html#29,styles/living-screencast/demo/index.html#163(+1) ; contract:lib/dub-visual.json#2314,lib/dub-visual.json#2382 ; doc:styles/living-screencast/DEMO.md#95,styles/living-screencast/STYLE.md#110,lib/style-dna/living-screencast.json#8,lib/style-dna/living-screencast.json#11(+20) ; comment-only:styles/living-screencast/demo/film.js#8	Y
living-screencast	sound.py	217	活	doc(styles/living-screencast/DEMO.md:68)	code:styles/living-screencast/demo/build.sh#12 ; orch:lemo-make.mjs:ORCH[sound.py] ; doc:styles/living-screencast/DEMO.md#68,styles/living-screencast/DEMO.md#96,styles/living-screencast/STYLE.md#110,lib/style-dna/living-screencast.json#101(+14)	N
living-screencast	tools/asr_check.py	20	活	doc(styles/living-screencast/DEMO.md:99)	code:styles/living-screencast/demo/build.sh#9 ; doc:styles/living-screencast/DEMO.md#99,lib/style-skills/living-screencast/SKILL.md#140	N
living-screencast	tools/mixcheck.py	15	已声明入口	doc(styles/living-screencast/DEMO.md:99)	doc:styles/living-screencast/DEMO.md#99,lib/style-skills/living-screencast/SKILL.md#143	N
living-screencast	tools/subs.mjs	9	活	doc(styles/living-screencast/DEMO.md:99)	code:styles/living-screencast/demo/build.sh#15 ; orch:lemo-make.mjs:ORCH[tools/subs.mjs] ; doc:styles/living-screencast/DEMO.md#99,lib/style-skills/living-screencast/SKILL.md#141,lib/style-skills/living-screencast/SKILL.md#187	Y
living-screencast	tools/vo_try.py	20	自述入口	self-header(docstring)		N
living-screencast	ui.js	152	活	doc(styles/living-screencast/DEMO.md:93)	code:styles/living-screencast/demo/film.js#3,styles/living-screencast/demo/main.js#2 ; contract:lib/dub-visual.json#2274 ; doc:styles/living-screencast/DEMO.md#93,styles/living-screencast/STYLE.md#110,lib/style-dna/living-screencast.json#140,lib/style-dna/living-screencast.json#141(+8)	Y
lowpoly-island	build.sh	15	活	doc(styles/lowpoly-island/DEMO.md:74)	glob:styles/*/demo/build.sh(exact) ; doc:styles/lowpoly-island/DEMO.md#74,styles/lowpoly-island/DEMO.md#81,lib/style-dna/lowpoly-island.md#221,lib/style-dna/lowpoly-island.md#225(+5)	N
lowpoly-island	film.js	13	活	doc(lib/style-skills/lowpoly-island/SKILL.md:36)	code:styles/lowpoly-island/demo/main.js#8 ; glob:film*.js(exact) ; doc:lib/style-skills/lowpoly-island/SKILL.md#36,lib/style-skills/lowpoly-island/SKILL.md#43,lib/style-skills/lowpoly-island/SKILL.md#134,lib/style-skills/lowpoly-island/SKILL.md#161(+2)	N
lowpoly-island	main.js	220	活	doc(styles/lowpoly-island/DEMO.md:71)	code:styles/lowpoly-island/demo/index.html#7 ; contract:lib/dub-visual.json#2404,lib/dub-visual.json#2479,lib/dub-visual.json#2496 ; doc:styles/lowpoly-island/DEMO.md#71,styles/lowpoly-island/STYLE.md#98,lib/style-dna/lowpoly-island.json#11,lib/style-dna/lowpoly-island.json#12(+47) ; comment-only:styles/lowpoly-island/demo/film.js#2	Y
lowpoly-island	mix.py	146	活	doc(styles/lowpoly-island/DEMO.md:42)	code:styles/lowpoly-island/demo/build.sh#11 ; orch:lemo-make.mjs:ORCH[mix.py] ; doc:styles/lowpoly-island/DEMO.md#42,styles/lowpoly-island/DEMO.md#73,styles/lowpoly-island/DEMO.md#79,styles/lowpoly-island/STYLE.md#98(+3) ; comment-only:styles/lowpoly-island/demo/main.js#195	N
lowpoly-island	music/check.py	161	活	doc(styles/lowpoly-island/DEMO.md:72)	code:styles/lowpoly-island/demo/build.sh#10,styles/lowpoly-island/demo/music/score.py#12 ; doc:styles/lowpoly-island/DEMO.md#72,styles/lowpoly-island/DEMO.md#79,styles/lowpoly-island/STYLE.md#98,lib/style-dna/lowpoly-island.json#96(+4)	N
lowpoly-island	music/score.py	664	活	doc(styles/lowpoly-island/DEMO.md:37)	code:styles/lowpoly-island/demo/build.sh#9 ; orch:lemo-make.mjs:ORCH[music/score.py] ; doc:styles/lowpoly-island/DEMO.md#37,styles/lowpoly-island/DEMO.md#72,styles/lowpoly-island/DEMO.md#79,styles/lowpoly-island/STYLE.md#98(+6)	N
lowpoly-island	post.js	118	活	doc(styles/lowpoly-island/DEMO.md:70)	code:styles/lowpoly-island/demo/main.js#5 ; doc:styles/lowpoly-island/DEMO.md#70,styles/lowpoly-island/STYLE.md#98,lib/style-dna/lowpoly-island.json#11,lib/style-dna/lowpoly-island.json#12(+24)	Y
lowpoly-island	sea.js	84	活	doc(styles/lowpoly-island/DEMO.md:69)	code:styles/lowpoly-island/demo/main.js#6,styles/lowpoly-island/demo/world.js#5 ; contract:lib/dub-visual.json#2403 ; doc:styles/lowpoly-island/DEMO.md#69,styles/lowpoly-island/STYLE.md#98,lib/style-dna/lowpoly-island.json#9,lib/style-dna/lowpoly-island.json#10(+14)	Y
lowpoly-island	story.js	85	活	doc(styles/lowpoly-island/DEMO.md:67)	code:styles/lowpoly-island/demo/main.js#4,styles/lowpoly-island/demo/world.js#4 ; contract:lib/dub-visual.json#2442,lib/dub-visual.json#2493,lib/dub-visual.json#2495 ; doc:styles/lowpoly-island/DEMO.md#67,styles/lowpoly-island/STYLE.md#98,lib/style-dna/lowpoly-island.json#34,lib/style-dna/lowpoly-island.json#35(+24)	Y
lowpoly-island	subs.py	15	活	doc(styles/lowpoly-island/DEMO.md:73)	code:styles/lowpoly-island/demo/build.sh#12 ; orch:lemo-make.mjs:ORCH[subs.py] ; doc:styles/lowpoly-island/DEMO.md#73,lib/style-dna/lowpoly-island.md#220,lib/style-skills/lowpoly-island/SKILL.md#138	N
lowpoly-island	world.js	497	活	doc(styles/lowpoly-island/DEMO.md:68)	code:styles/lowpoly-island/demo/main.js#7 ; contract:lib/dub-visual.json#2402 ; doc:styles/lowpoly-island/DEMO.md#68,styles/lowpoly-island/STYLE.md#98,lib/style-dna/lowpoly-island.json#6,lib/style-dna/lowpoly-island.json#7(+61)	Y
microgame	build.sh	22	活	doc(styles/microgame/DEMO.md:106)	glob:styles/*/demo/build.sh(exact) ; doc:styles/microgame/DEMO.md#106,lib/style-dna/microgame.md#220,lib/style-skills/microgame/SKILL.md#14,lib/style-skills/microgame/SKILL.md#135(+3)	N
microgame	chars.js	298	活	doc(styles/microgame/DEMO.md:98)	code:styles/microgame/demo/film.js#3,styles/microgame/demo/frames.js#3,styles/microgame/demo/g_boss.js#11(+2) ; contract:lib/dub-visual.json#2513 ; doc:styles/microgame/DEMO.md#98,styles/microgame/STYLE.md#106,lib/style-dna/microgame.md#212,lib/style-skills/microgame/SKILL.md#160(+1)	Y
microgame	film.js	279	活	doc(styles/microgame/DEMO.md:97)	code:styles/microgame/demo/index.html#8,styles/microgame/demo/main.js#8,styles/microgame/demo/tools/subs.py#1 ; contract:lib/dub-visual.json#2592,lib/dub-visual.json#2626,lib/dub-visual.json#2628 ; glob:film*.js(exact) ; doc:styles/microgame/DEMO.md#97,styles/microgame/STYLE.md#106,lib/style-dna/microgame.json#93,lib/style-dna/microgame.json#96(+36) ; comment-only:styles/microgame/demo/main.js#10	Y
microgame	frames.js	143	活	doc(styles/microgame/DEMO.md:101)	contract:lib/dub-visual.json#2514 ; doc:styles/microgame/DEMO.md#101,lib/style-dna/microgame.md#215,lib/style-skills/microgame/SKILL.md#225	Y
microgame	g_ascii.js	173	活	doc(styles/microgame/DEMO.md:100)	code:styles/microgame/demo/film.js#10,styles/microgame/demo/frames.js#9,styles/microgame/demo/g_boss.js#7 ; glob:g_*.js(exact) ; doc:styles/microgame/DEMO.md#100,lib/style-dna/microgame.json#94,lib/style-dna/microgame.md#184,lib/style-dna/microgame.md#214	Y
microgame	g_blue.js	140	活	doc(styles/microgame/DEMO.md:100)	code:styles/microgame/demo/film.js#13,styles/microgame/demo/frames.js#12,styles/microgame/demo/g_boss.js#9 ; glob:g_*.js(exact) ; doc:styles/microgame/DEMO.md#100,lib/style-dna/microgame.json#94,lib/style-dna/microgame.md#184,lib/style-dna/microgame.md#214	Y
microgame	g_boss.js	314	活	doc(styles/microgame/DEMO.md:100)	code:styles/microgame/demo/film.js#15,styles/microgame/demo/frames.js#14 ; glob:g_*.js(exact) ; doc:styles/microgame/DEMO.md#100,lib/style-dna/microgame.json#94,lib/style-dna/microgame.md#184,lib/style-dna/microgame.md#214	Y
microgame	g_crayon.js	178	活	doc(styles/microgame/DEMO.md:100)	code:styles/microgame/demo/film.js#8,styles/microgame/demo/frames.js#7,styles/microgame/demo/g_boss.js#5 ; glob:g_*.js(exact) ; doc:styles/microgame/DEMO.md#100,lib/style-dna/microgame.json#94,lib/style-dna/microgame.md#184,lib/style-dna/microgame.md#214	Y
microgame	g_ink.js	216	活	doc(styles/microgame/DEMO.md:100)	code:styles/microgame/demo/film.js#9,styles/microgame/demo/frames.js#8,styles/microgame/demo/g_boss.js#6 ; glob:g_*.js(exact) ; doc:styles/microgame/DEMO.md#100,lib/style-dna/microgame.json#94,lib/style-dna/microgame.md#184,lib/style-dna/microgame.md#214	Y
microgame	g_pixel.js	155	活	doc(styles/microgame/DEMO.md:100)	code:styles/microgame/demo/film.js#12,styles/microgame/demo/frames.js#11,styles/microgame/demo/g_boss.js#8 ; glob:g_*.js(exact) ; doc:styles/microgame/DEMO.md#100,lib/style-dna/microgame.json#94,lib/style-dna/microgame.md#184,lib/style-dna/microgame.md#214	Y
microgame	g_riso.js	127	活	doc(styles/microgame/DEMO.md:100)	code:styles/microgame/demo/film.js#11,styles/microgame/demo/frames.js#10,styles/microgame/demo/g_boss.js#4 ; glob:g_*.js(exact) ; doc:styles/microgame/DEMO.md#100,lib/style-dna/microgame.json#94,lib/style-dna/microgame.md#184,lib/style-dna/microgame.md#214	Y
microgame	g_swiss.js	108	活	doc(styles/microgame/DEMO.md:100)	code:styles/microgame/demo/film.js#14,styles/microgame/demo/frames.js#13,styles/microgame/demo/g_boss.js#10 ; glob:g_*.js(exact) ; doc:styles/microgame/DEMO.md#100,lib/style-dna/microgame.json#94,lib/style-dna/microgame.md#184,lib/style-dna/microgame.md#214	Y
microgame	glpass.js	171	活	doc(styles/microgame/DEMO.md:99)	code:styles/microgame/demo/film.js#6,styles/microgame/demo/frames.js#6,styles/microgame/demo/g_ascii.js#2(+5) ; doc:styles/microgame/DEMO.md#99,styles/microgame/STYLE.md#106,lib/style-dna/microgame.md#213,lib/style-skills/microgame/SKILL.md#184(+2)	Y
microgame	hud.js	152	活	doc(styles/microgame/DEMO.md:98)	code:styles/microgame/demo/film.js#5,styles/microgame/demo/frames.js#5,styles/microgame/demo/g_boss.js#12(+1) ; contract:lib/dub-visual.json#2607 ; doc:styles/microgame/DEMO.md#98,styles/microgame/STYLE.md#106,lib/style-dna/microgame.md#212,lib/style-skills/microgame/SKILL.md#160(+1)	Y
microgame	main.js	50	活	doc(lib/style-dna/microgame.json:95)	code:styles/microgame/demo/index.html#8,styles/microgame/demo/index.html#40 ; contract:lib/dub-visual.json#2552 ; doc:lib/style-dna/microgame.json#95,lib/style-dna/microgame.json#160,lib/style-dna/microgame.json#161,lib/style-dna/microgame.json#162(+5)	Y
microgame	mix.py	249	活	doc(styles/microgame/DEMO.md:101)	code:styles/microgame/demo/build.sh#13 ; orch:lemo-make.mjs:ORCH[mix.py] ; doc:styles/microgame/DEMO.md#101,lib/style-dna/microgame.md#203,lib/style-dna/microgame.md#215,lib/style-skills/microgame/SKILL.md#144(+1)	N
microgame	music/score.py	460	活	doc(styles/microgame/DEMO.md:101)	code:styles/microgame/demo/build.sh#10,styles/microgame/demo/mix.py#2 ; orch:lemo-make.mjs:ORCH[music/score.py] ; doc:styles/microgame/DEMO.md#101,lib/style-dna/microgame.md#215,lib/style-skills/microgame/SKILL.md#144,lib/style-skills/microgame/SKILL.md#160(+1)	N
microgame	stage.js	139	活	doc(styles/microgame/DEMO.md:98)	code:styles/microgame/demo/film.js#4,styles/microgame/demo/frames.js#4 ; doc:styles/microgame/DEMO.md#98,styles/microgame/STYLE.md#106,lib/style-dna/microgame.json#6,lib/style-dna/microgame.json#149(+24)	Y
microgame	timeline.js	42	活	doc(styles/microgame/DEMO.md:54)	code:styles/microgame/demo/film.js#7,styles/microgame/demo/tools/dump_timeline.mjs#2 ; doc:styles/microgame/DEMO.md#54,styles/microgame/DEMO.md#97,styles/microgame/DEMO.md#104,styles/microgame/STYLE.md#106(+25)	Y
microgame	tools/cuecheck.py	24	活	doc(styles/microgame/DEMO.md:54)	code:styles/microgame/demo/build.sh#12 ; orch:lemo-make.mjs:ORCH[tools/cuecheck.py] ; doc:styles/microgame/DEMO.md#54,styles/microgame/DEMO.md#102,lib/style-dna/microgame.md#216,lib/style-dna/microgame.md#224(+2)	N
microgame	tools/dump_timeline.mjs	7	活	doc(styles/microgame/DEMO.md:102)	code:styles/microgame/demo/build.sh#6 ; orch:lemo-make.mjs:ORCH[tools/dump_timeline.mjs] ; doc:styles/microgame/DEMO.md#102,lib/style-dna/microgame.md#216,lib/style-skills/microgame/SKILL.md#147	Y
microgame	tools/final_asr.py	21	活	doc(styles/microgame/DEMO.md:102)	code:styles/microgame/demo/build.sh#17 ; orch:lemo-make.mjs:ORCH[tools/final_asr.py] ; doc:styles/microgame/DEMO.md#102,lib/style-dna/microgame.md#216	N
microgame	tools/mux.sh	148	活	doc(styles/microgame/DEMO.md:102)	code:styles/microgame/demo/build.sh#16 ; glob:styles/*/demo/mux.sh(exact) ; orch:lemo-make.mjs:ORCH[tools/mux.sh] ; doc:styles/microgame/DEMO.md#102,lib/style-dna/microgame.md#216,lib/style-skills/microgame/SKILL.md#104,lib/style-skills/microgame/SKILL.md#142(+7)	N
microgame	tools/review.sh	8	已声明入口	doc(styles/microgame/DEMO.md:102)	doc:styles/microgame/DEMO.md#102,styles/microgame/DEMO.md#107,styles/microgame/DEMO.md#121,lib/style-dna/microgame.md#216	N
microgame	tools/subs.py	13	活	doc(styles/microgame/DEMO.md:102)	code:styles/microgame/demo/build.sh#14 ; orch:lemo-make.mjs:ORCH[tools/subs.py] ; doc:styles/microgame/DEMO.md#102,lib/style-dna/microgame.md#216,lib/style-skills/microgame/SKILL.md#145	N
microgame	tools/trim_cmd.py	22	活	doc(styles/microgame/DEMO.md:59)	code:styles/microgame/demo/build.sh#8 ; orch:lemo-make.mjs:ORCH[tools/trim_cmd.py] ; doc:styles/microgame/DEMO.md#59,styles/microgame/DEMO.md#102,lib/style-dna/microgame.md#216,lib/style-skills/microgame/SKILL.md#144(+2)	N
microgame	toon.js	77	活	doc(styles/microgame/DEMO.md:98)	code:styles/microgame/demo/chars.js#2,styles/microgame/demo/film.js#2,styles/microgame/demo/frames.js#2(+4) ; doc:styles/microgame/DEMO.md#98,styles/microgame/STYLE.md#106,lib/style-dna/microgame.json#6,lib/style-dna/microgame.json#11(+13)	Y
midcentury-toon	build.sh	22	活	doc(styles/midcentury-toon/DEMO.md:96)	glob:styles/*/demo/build.sh(exact) ; doc:styles/midcentury-toon/DEMO.md#96,styles/midcentury-toon/DEMO.md#106,styles/midcentury-toon/DEMO.md#133,styles/midcentury-toon/DEMO.md#149(+11)	N
midcentury-toon	engine/chars.js	256	活	doc(styles/midcentury-toon/DEMO.md:153)	code:styles/midcentury-toon/demo/film.js#6,styles/midcentury-toon/demo/sheet.js#3 ; glob:styles/*/demo/**/*.js(exact) ; doc:styles/midcentury-toon/DEMO.md#153,styles/midcentury-toon/STYLE.md#98,lib/style-dna/midcentury-toon.json#100,lib/style-dna/midcentury-toon.md#201(+1)	Y
midcentury-toon	engine/icons.js	73	活	doc(styles/midcentury-toon/DEMO.md:153)	code:styles/midcentury-toon/demo/film.js#7 ; glob:styles/*/demo/**/*.js(exact) ; doc:styles/midcentury-toon/DEMO.md#153,styles/midcentury-toon/STYLE.md#98,lib/style-dna/midcentury-toon.json#100,lib/style-dna/midcentury-toon.md#202(+1)	Y
midcentury-toon	engine/toon.js	321	活	doc(styles/midcentury-toon/DEMO.md:153)	code:styles/midcentury-toon/demo/engine/chars.js#4,styles/midcentury-toon/demo/engine/icons.js#4,styles/midcentury-toon/demo/film.js#5(+2) ; contract:lib/dub-visual.json#2646 ; glob:styles/*/demo/**/*.js(exact) ; doc:styles/midcentury-toon/DEMO.md#153,styles/midcentury-toon/DEMO.md#175,styles/midcentury-toon/STYLE.md#98,lib/style-dna/midcentury-toon.json#100(+3)	Y
midcentury-toon	film.js	923	活	doc(styles/midcentury-toon/DEMO.md:171)	code:styles/midcentury-toon/demo/main.js#12,styles/midcentury-toon/demo/tools/cues.mjs#4 ; contract:lib/dub-visual.json#2715,lib/dub-visual.json#2734 ; glob:film*.js(exact) ; doc:styles/midcentury-toon/DEMO.md#171,styles/midcentury-toon/STYLE.md#98,lib/style-dna/midcentury-toon.json#101,lib/style-dna/midcentury-toon.json#122(+33)	Y
midcentury-toon	main.js	21	活	doc(lib/style-dna/midcentury-toon.json:101)	code:styles/midcentury-toon/demo/index.html#6 ; contract:lib/dub-visual.json#2677 ; doc:lib/style-dna/midcentury-toon.json#101,lib/style-dna/midcentury-toon.md#210,lib/style-skills/midcentury-toon/SKILL.md#156,lib/style-skills/midcentury-toon/SKILL.md#167	Y
midcentury-toon	mix.py	156	活	doc(styles/midcentury-toon/DEMO.md:94)	code:styles/midcentury-toon/demo/build.sh#15 ; orch:lemo-make.mjs:ORCH[mix.py] ; doc:styles/midcentury-toon/DEMO.md#94,styles/midcentury-toon/DEMO.md#104,lib/style-dna/midcentury-toon.json#102,lib/style-dna/midcentury-toon.json#133(+11)	N
midcentury-toon	music/score.py	413	活	doc(styles/midcentury-toon/DEMO.md:93)	code:styles/midcentury-toon/demo/build.sh#12,styles/midcentury-toon/demo/mix.py#3,styles/midcentury-toon/demo/tools/cuecheck.py#2 ; orch:lemo-make.mjs:ORCH[music/score.py] ; doc:styles/midcentury-toon/DEMO.md#93,styles/midcentury-toon/DEMO.md#103,lib/style-dna/midcentury-toon.json#136,lib/style-dna/midcentury-toon.json#137(+4)	N
midcentury-toon	sheet.js	61	活		code:styles/midcentury-toon/demo/main.js#17	Y
midcentury-toon	tools/cuecheck.py	19	活	doc(styles/midcentury-toon/DEMO.md:55)	code:styles/midcentury-toon/demo/build.sh#14 ; orch:lemo-make.mjs:ORCH[tools/cuecheck.py] ; doc:styles/midcentury-toon/DEMO.md#55,styles/midcentury-toon/DEMO.md#94,styles/midcentury-toon/DEMO.md#104,lib/style-dna/midcentury-toon.md#254(+4)	N
midcentury-toon	tools/cues.mjs	9	活	doc(styles/midcentury-toon/DEMO.md:95)	code:styles/midcentury-toon/demo/build.sh#16 ; doc:styles/midcentury-toon/DEMO.md#95,styles/midcentury-toon/DEMO.md#105,lib/style-dna/midcentury-toon.json#101,lib/style-dna/midcentury-toon.json#140(+5)	Y
midcentury-toon	tools/lines.py	9	活	doc(styles/midcentury-toon/DEMO.md:90)	code:styles/midcentury-toon/demo/build.sh#9 ; doc:styles/midcentury-toon/DEMO.md#90,styles/midcentury-toon/DEMO.md#100,lib/style-dna/midcentury-toon.json#139,lib/style-dna/midcentury-toon.md#249(+2)	N
one-line	build.sh	18	活	doc(styles/one-line/DEMO.md:116)	glob:styles/*/demo/build.sh(exact) ; doc:styles/one-line/DEMO.md#116,styles/one-line/DEMO.md#124,lib/style-dna/one-line.md#215,lib/style-dna/one-line.md#219(+5)	N
one-line	cam.js	51	活	doc(styles/one-line/DEMO.md:112)	code:styles/one-line/demo/film.js#10 ; doc:styles/one-line/DEMO.md#112,styles/one-line/STYLE.md#100,lib/style-dna/one-line.json#44,lib/style-dna/one-line.json#99(+17) ; comment-only:styles/one-line/demo/film.js#27,styles/one-line/demo/frame.js#6	Y
one-line	cues_export.py	10	活	doc(lib/style-skills/one-line/SKILL.md:133)	code:styles/one-line/demo/build.sh#13 ; orch:lemo-make.mjs:ORCH[cues_export.py] ; doc:lib/style-skills/one-line/SKILL.md#133	N
one-line	face.js	132	活	doc(styles/one-line/DEMO.md:109)	code:styles/one-line/demo/film.js#5 ; doc:styles/one-line/DEMO.md#109,styles/one-line/DEMO.md#119,styles/one-line/DEMO.md#121,styles/one-line/STYLE.md#100(+41)	Y
one-line	film.js	124	活	doc(lib/style-skills/one-line/SKILL.md:36)	code:styles/one-line/demo/main.js#3 ; contract:lib/dub-visual.json#2846 ; glob:film*.js(exact) ; doc:lib/style-skills/one-line/SKILL.md#36,lib/style-skills/one-line/SKILL.md#39,lib/style-skills/one-line/SKILL.md#43,lib/style-skills/one-line/SKILL.md#129(+4) ; comment-only:styles/one-line/demo/main.js#2	N
one-line	frame.js	10	活	doc(lib/style-skills/one-line/SKILL.md:36)	code:styles/one-line/demo/cam.js#4,styles/one-line/demo/film.js#13,styles/one-line/demo/subs.js#4 ; doc:lib/style-skills/one-line/SKILL.md#36,lib/style-skills/one-line/SKILL.md#43,lib/style-skills/one-line/SKILL.md#129,lib/style-skills/one-line/SKILL.md#155 ; comment-only:styles/one-line/demo/film.js#26	N
one-line	geom.js	130	活	doc(styles/one-line/DEMO.md:110)	code:styles/one-line/demo/cam.js#3,styles/one-line/demo/film.js#4 ; doc:styles/one-line/DEMO.md#110,styles/one-line/STYLE.md#100,lib/style-dna/one-line.json#99,lib/style-dna/one-line.md#187(+3)	Y
one-line	hands.js	52	活	doc(styles/one-line/DEMO.md:113)	code:styles/one-line/demo/film.js#12 ; contract:lib/dub-visual.json#2754 ; doc:styles/one-line/DEMO.md#113,styles/one-line/STYLE.md#100,lib/style-dna/one-line.md#212	Y
one-line	ink.js	187	活	doc(styles/one-line/DEMO.md:111)	code:styles/one-line/demo/film.js#6 ; contract:lib/dub-visual.json#2755 ; doc:styles/one-line/DEMO.md#111,styles/one-line/STYLE.md#100,lib/style-dna/one-line.json#7,lib/style-dna/one-line.json#8(+38)	Y
one-line	main.js	19	活	doc(styles/one-line/DEMO.md:115)	code:styles/one-line/demo/index.html#9 ; doc:styles/one-line/DEMO.md#115,lib/style-dna/one-line.json#14,lib/style-dna/one-line.json#99,lib/style-dna/one-line.json#100(+16) ; comment-only:styles/one-line/demo/film.js#3	Y
one-line	mix.py	106	活	doc(styles/one-line/DEMO.md:116)	code:styles/one-line/demo/build.sh#10 ; orch:lemo-make.mjs:ORCH[mix.py] ; doc:styles/one-line/DEMO.md#116,styles/one-line/DEMO.md#122,lib/style-dna/one-line.md#215,lib/style-dna/one-line.md#223(+3)	N
one-line	music/score.py	80	活	doc(styles/one-line/DEMO.md:116)	code:styles/one-line/demo/build.sh#9 ; orch:lemo-make.mjs:ORCH[music/score.py] ; doc:styles/one-line/DEMO.md#116,styles/one-line/DEMO.md#122,lib/style-dna/one-line.md#215,lib/style-dna/one-line.md#223(+3)	N
one-line	paper.js	94	活	doc(styles/one-line/DEMO.md:112)	code:styles/one-line/demo/film.js#7 ; doc:styles/one-line/DEMO.md#112,styles/one-line/STYLE.md#100,lib/style-dna/one-line.md#211,lib/style-skills/one-line/SKILL.md#147	Y
one-line	shots.js	33	活	doc(styles/one-line/DEMO.md:113)	code:styles/one-line/demo/film.js#11 ; doc:styles/one-line/DEMO.md#113,lib/style-dna/one-line.json#167,lib/style-dna/one-line.md#212,lib/style-dna/one-line.md#298(+3)	Y
one-line	story.js	14	活	doc(styles/one-line/DEMO.md:114)	code:styles/one-line/demo/cues_export.py#4,styles/one-line/demo/film.js#8 ; contract:lib/dub-visual.json#2787,lib/dub-visual.json#2792 ; doc:styles/one-line/DEMO.md#114,styles/one-line/DEMO.md#120,lib/style-dna/one-line.json#97,lib/style-dna/one-line.json#99(+11) ; comment-only:styles/one-line/demo/cues_export.py#1	Y
one-line	subs.js	52	活	doc(styles/one-line/DEMO.md:88)	code:styles/one-line/demo/film.js#9 ; contract:lib/dub-visual.json#2830,lib/dub-visual.json#2847 ; doc:styles/one-line/DEMO.md#88,styles/one-line/DEMO.md#115,styles/one-line/STYLE.md#100,lib/style-dna/one-line.md#214(+6)	Y
one-line	tools/probe.mjs	23	已声明入口	doc(styles/one-line/DEMO.md:121)	doc:styles/one-line/DEMO.md#121,lib/style-dna/one-line.md#222	Y
paper-lantern	asr.py	10	已声明入口	doc(styles/paper-lantern/DEMO.md:52)	doc:styles/paper-lantern/DEMO.md#52,styles/paper-lantern/DEMO.md#117,styles/paper-lantern/DEMO.md#133,lib/style-dna/paper-lantern.md#202(+2)	N
paper-lantern	build.sh	38	活	doc(lib/style-skills/paper-lantern/SKILL.md:17)	glob:styles/*/demo/build.sh(exact) ; doc:lib/style-skills/paper-lantern/SKILL.md#17,lib/style-skills/paper-lantern/SKILL.md#18,lib/style-skills/paper-lantern/SKILL.md#19,lib/style-skills/paper-lantern/SKILL.md#150(+9)	N
paper-lantern	film.js	12	活	doc(lib/style-skills/paper-lantern/SKILL.md:39)	glob:film*.js(exact) ; doc:lib/style-skills/paper-lantern/SKILL.md#39,lib/style-skills/paper-lantern/SKILL.md#157,lib/style-skills/paper-lantern/SKILL.md#191,lib/style-skills/paper-lantern/_distill.json#34(+1)	N
paper-lantern	mix.py	130	活	doc(styles/paper-lantern/DEMO.md:59)	code:styles/paper-lantern/demo/build.sh#28,styles/paper-lantern/demo/tts/gen.py#15 ; orch:lemo-make.mjs:ORCH[mix.py] ; doc:styles/paper-lantern/DEMO.md#59,styles/paper-lantern/DEMO.md#123,styles/paper-lantern/DEMO.md#144,lib/style-dna/paper-lantern.json#98(+21) ; comment-only:styles/paper-lantern/demo/build.sh#11	N
paper-lantern	render/browser.mjs	16	活	doc(styles/paper-lantern/DEMO.md:109)	code:styles/paper-lantern/demo/render/page.mjs#5 ; doc:styles/paper-lantern/DEMO.md#109,lib/style-skills/paper-lantern/SKILL.md#212,lib/style-skills/paper-lantern/_distill.json#40	Y
paper-lantern	render/cues.mjs	9	活	doc(styles/paper-lantern/DEMO.md:122)	code:styles/paper-lantern/demo/build.sh#25,styles/paper-lantern/demo/mix.py#2,styles/paper-lantern/demo/tts/gen.py#14(+1) ; orch:lemo-make.mjs:ORCH[render/cues.mjs] ; doc:styles/paper-lantern/DEMO.md#122,styles/paper-lantern/DEMO.md#138,lib/style-dna/paper-lantern.json#98,lib/style-dna/paper-lantern.md#188(+5)	Y
paper-lantern	render/page.mjs	22	活		code:styles/paper-lantern/demo/render/cues.mjs#3,styles/paper-lantern/demo/render/still.mjs#3,styles/paper-lantern/demo/render/video.mjs#3	Y
paper-lantern	render/serve.mjs	13	活		code:styles/paper-lantern/demo/render/page.mjs#4	Y
paper-lantern	render/still.mjs	15	已声明入口	doc(styles/paper-lantern/DEMO.md:122)	doc:styles/paper-lantern/DEMO.md#122,styles/paper-lantern/DEMO.md#139,styles/paper-lantern/DEMO.md#140,lib/style-dna/paper-lantern.md#207	Y
paper-lantern	render/video.mjs	39	活	doc(styles/paper-lantern/DEMO.md:122)	code:scripts/check-render-venc.mjs#305,scripts/patch-render-venc.mjs#211,styles/paper-lantern/demo/build.sh#31 ; doc:styles/paper-lantern/DEMO.md#122,styles/paper-lantern/DEMO.md#147,lib/style-dna/paper-lantern.md#207,lib/style-dna/paper-lantern.md#218(+2) ; comment-only:styles/paper-lantern/demo/build.sh#5	Y
paper-lantern	sheet.sh	8	已声明入口	doc(lib/style-skills/paper-lantern/SKILL.md:17)	doc:lib/style-skills/paper-lantern/SKILL.md#17,lib/style-skills/paper-lantern/SKILL.md#199,lib/style-skills/paper-lantern/_distill.json#26	N
paper-lantern	src/art.js	330	活	doc(styles/paper-lantern/DEMO.md:121)	code:styles/paper-lantern/demo/src/people.js#3,styles/paper-lantern/demo/src/props.js#4,styles/paper-lantern/demo/src/shots/s01_night.js#3(+16) ; contract:lib/dub-visual.json#2866 ; doc:styles/paper-lantern/DEMO.md#121,styles/paper-lantern/DEMO.md#177,styles/paper-lantern/DEMO.md#186,styles/paper-lantern/STYLE.md#102(+5)	Y
paper-lantern	src/lib.js	45	活	doc(styles/paper-lantern/DEMO.md:121)	code:styles/paper-lantern/demo/src/art.js#2,styles/paper-lantern/demo/src/main.js#6,styles/paper-lantern/demo/src/paper.js#3(+21) ; doc:styles/paper-lantern/DEMO.md#121,styles/paper-lantern/DEMO.md#180,styles/paper-lantern/DEMO.md#188,styles/paper-lantern/STYLE.md#102(+2)	Y
paper-lantern	src/main.js	82	活	doc(styles/paper-lantern/DEMO.md:118)	code:styles/paper-lantern/demo/index.html#51,styles/paper-lantern/demo/tts_local.py#17 ; contract:lib/dub-visual.json#2895,lib/dub-visual.json#2964 ; doc:styles/paper-lantern/DEMO.md#118,styles/paper-lantern/DEMO.md#157,styles/paper-lantern/DEMO.md#159,styles/paper-lantern/DEMO.md#216(+53) ; comment-only:styles/paper-lantern/demo/build.sh#14,styles/paper-lantern/demo/film.js#2,styles/paper-lantern/demo/film.js#3	Y
paper-lantern	src/paper.js	206	活	doc(styles/paper-lantern/DEMO.md:83)	code:styles/paper-lantern/demo/src/props.js#3,styles/paper-lantern/demo/src/room.js#5,styles/paper-lantern/demo/src/shots/s01_night.js#2(+18) ; contract:lib/dub-visual.json#2865 ; doc:styles/paper-lantern/DEMO.md#83,styles/paper-lantern/DEMO.md#104,styles/paper-lantern/DEMO.md#121,styles/paper-lantern/DEMO.md#165(+38)	Y
paper-lantern	src/people.js	107	活	doc(styles/paper-lantern/DEMO.md:42)	code:styles/paper-lantern/demo/src/shots/s02_kitchen.js#6,styles/paper-lantern/demo/src/shots/s03_press.js#5,styles/paper-lantern/demo/src/shots/s04_scroll.js#5(+9) ; doc:styles/paper-lantern/DEMO.md#42,styles/paper-lantern/DEMO.md#121,styles/paper-lantern/DEMO.md#178,styles/paper-lantern/STYLE.md#102(+6)	Y
paper-lantern	src/post.js	115	活	doc(styles/paper-lantern/DEMO.md:107)	code:styles/paper-lantern/demo/src/main.js#3 ; doc:styles/paper-lantern/DEMO.md#107,styles/paper-lantern/DEMO.md#121,styles/paper-lantern/DEMO.md#174,styles/paper-lantern/STYLE.md#102(+4)	Y
paper-lantern	src/props.js	116	活	doc(styles/paper-lantern/DEMO.md:102)	code:styles/paper-lantern/demo/src/shots/s02_kitchen.js#5,styles/paper-lantern/demo/src/shots/s05_table.js#5,styles/paper-lantern/demo/src/shots/s06_pack.js#5(+6) ; doc:styles/paper-lantern/DEMO.md#102,styles/paper-lantern/DEMO.md#121,styles/paper-lantern/DEMO.md#179,styles/paper-lantern/STYLE.md#92(+8)	Y
paper-lantern	src/room.js	68	活	doc(styles/paper-lantern/DEMO.md:63)	code:styles/paper-lantern/demo/src/shots/s01_night.js#5,styles/paper-lantern/demo/src/shots/s18_finale.js#6 ; contract:lib/dub-visual.json#2864 ; doc:styles/paper-lantern/DEMO.md#63,styles/paper-lantern/DEMO.md#89,styles/paper-lantern/DEMO.md#121,styles/paper-lantern/DEMO.md#176(+5)	Y
paper-lantern	src/shots/index.js	46	活	doc(styles/paper-lantern/DEMO.md:119)	code:styles/paper-lantern/demo/src/main.js#7 ; doc:styles/paper-lantern/DEMO.md#119,styles/paper-lantern/DEMO.md#159,lib/style-dna/paper-lantern.json#34,lib/style-dna/paper-lantern.json#35(+18)	Y
paper-lantern	src/shots/s01_night.js	110	活		code:styles/paper-lantern/demo/src/shots/index.js#2 ; contract:lib/dub-visual.json#2867	Y
paper-lantern	src/shots/s02_kitchen.js	97	活		code:styles/paper-lantern/demo/src/shots/index.js#4,styles/paper-lantern/demo/src/shots/s15_gran_open.js#6 ; contract:lib/dub-visual.json#2868	Y
paper-lantern	src/shots/s03_press.js	130	活		code:styles/paper-lantern/demo/src/room.js#6,styles/paper-lantern/demo/src/shots/index.js#5,styles/paper-lantern/demo/src/shots/s06_pack.js#7(+2)	Y
paper-lantern	src/shots/s04_scroll.js	93	活		code:styles/paper-lantern/demo/src/shots/index.js#6	Y
paper-lantern	src/shots/s05_table.js	75	活		code:styles/paper-lantern/demo/src/shots/index.js#7	Y
paper-lantern	src/shots/s06_pack.js	75	活		code:styles/paper-lantern/demo/src/shots/index.js#8	Y
paper-lantern	src/shots/s07_journey.js	86	活		code:styles/paper-lantern/demo/src/shots/index.js#9	Y
paper-lantern	src/shots/s08_window.js	53	活		code:styles/paper-lantern/demo/src/shots/index.js#10	Y
paper-lantern	src/shots/s09_change.js	82	活		code:styles/paper-lantern/demo/src/shots/index.js#11	Y
paper-lantern	src/shots/s10_pass.js	65	活		code:styles/paper-lantern/demo/src/shots/index.js#12	Y
paper-lantern	src/shots/s11_city.js	65	活		code:styles/paper-lantern/demo/src/shots/index.js#13,styles/paper-lantern/demo/src/shots/s12_apartment.js#7,styles/paper-lantern/demo/src/shots/s14_bite.js#8(+1)	Y
paper-lantern	src/shots/s12_apartment.js	61	活		code:styles/paper-lantern/demo/src/shots/index.js#14	Y
paper-lantern	src/shots/s13_note.js	71	活	doc(styles/paper-lantern/DEMO.md:44)	code:styles/paper-lantern/demo/src/shots/index.js#15 ; doc:styles/paper-lantern/DEMO.md#44	Y
paper-lantern	src/shots/s14_bite.js	73	活		code:styles/paper-lantern/demo/src/shots/index.js#16	Y
paper-lantern	src/shots/s15_gran_open.js	41	活		code:styles/paper-lantern/demo/src/shots/index.js#17	Y
paper-lantern	src/shots/s16_mutual.js	82	活	doc(styles/paper-lantern/DEMO.md:105)	code:styles/paper-lantern/demo/src/shots/index.js#18,styles/paper-lantern/demo/src/shots/s18_finale.js#5 ; doc:styles/paper-lantern/DEMO.md#105,lib/style-skills/paper-lantern/SKILL.md#86,lib/style-skills/paper-lantern/SKILL.md#89,lib/style-skills/paper-lantern/SKILL.md#195(+3)	Y
paper-lantern	src/shots/s17_sushi.js	79	活	doc(styles/paper-lantern/DEMO.md:46)	code:styles/paper-lantern/demo/src/shots/index.js#19,styles/paper-lantern/demo/src/shots/s16_mutual.js#7 ; contract:lib/dub-visual.json#2962 ; doc:styles/paper-lantern/DEMO.md#46,lib/style-skills/paper-lantern/SKILL.md#86,lib/style-skills/paper-lantern/SKILL.md#195,lib/style-skills/paper-lantern/SKILL.md#236(+4)	Y
paper-lantern	src/shots/s18_finale.js	33	活	doc(styles/paper-lantern/DEMO.md:97)	code:styles/paper-lantern/demo/src/shots/index.js#20 ; doc:styles/paper-lantern/DEMO.md#97	Y
paper-lantern	src/shots/sheet.js	23	活		code:styles/paper-lantern/demo/src/shots/index.js#3	Y
paper-lantern	src/stage.js	45	活	doc(styles/paper-lantern/DEMO.md:121)	code:styles/paper-lantern/demo/src/main.js#5,styles/paper-lantern/demo/src/shots/s01_night.js#4,styles/paper-lantern/demo/src/shots/s02_kitchen.js#7(+17) ; doc:styles/paper-lantern/DEMO.md#121,styles/paper-lantern/DEMO.md#171,styles/paper-lantern/DEMO.md#187,styles/paper-lantern/STYLE.md#102(+7)	Y
paper-lantern	tile.sh	7	已声明入口	doc(lib/style-skills/paper-lantern/SKILL.md:17)	doc:lib/style-skills/paper-lantern/SKILL.md#17,lib/style-skills/paper-lantern/SKILL.md#199,lib/style-skills/paper-lantern/_distill.json#26	N
paper-lantern	tts.py	17	活	doc(styles/paper-lantern/DEMO.md:50)	code:styles/paper-lantern/demo/tts/gen.py#5,styles/paper-lantern/demo/tts_local.py#1,styles/paper-lantern/demo/tts_local.py#4(+2) ; doc:styles/paper-lantern/DEMO.md#50,styles/paper-lantern/DEMO.md#55,styles/paper-lantern/DEMO.md#117,styles/paper-lantern/DEMO.md#132(+5) ; comment-only:styles/paper-lantern/demo/tts_local.py#37,styles/paper-lantern/demo/tts_local.py#78	N
paper-lantern	tts/gen.py	40	活	self-header(docstring)	code:styles/paper-lantern/demo/build.sh#22 ; orch:lemo-make.mjs:ORCH[tts/gen.py] ; comment-only:styles/paper-lantern/demo/build.sh#21,styles/paper-lantern/demo/tts_local.py#80	N
paper-lantern	tts_local.py	147	活	doc(lib/style-skills/paper-lantern/SKILL.md:117)	code:styles/paper-lantern/demo/tts/gen.py#1,styles/paper-lantern/demo/tts/gen.py#7,styles/paper-lantern/demo/tts/gen.py#10(+3) ; doc:lib/style-skills/paper-lantern/SKILL.md#117,lib/style-skills/paper-lantern/SKILL.md#161,lib/style-skills/paper-lantern/SKILL.md#176,lib/style-skills/paper-lantern/SKILL.md#249(+3) ; comment-only:styles/paper-lantern/demo/build.sh#14	N
paper-lantern	words.py	19	已声明入口	doc(styles/paper-lantern/DEMO.md:53)	doc:styles/paper-lantern/DEMO.md#53,styles/paper-lantern/DEMO.md#117,styles/paper-lantern/DEMO.md#134,lib/style-dna/paper-lantern.md#202(+2)	N
paper-popup	actors.js	112	活	doc(styles/paper-popup/DEMO.md:124)	code:styles/paper-popup/demo/main.js#11 ; doc:styles/paper-popup/DEMO.md#124,styles/paper-popup/DEMO.md#173,styles/paper-popup/DEMO.md#185,styles/paper-popup/STYLE.md#105(+3)	Y
paper-popup	art.js	460	活	doc(styles/paper-popup/DEMO.md:70)	code:styles/paper-popup/demo/actors.js#3,styles/paper-popup/demo/fetch_fonts.mjs#4,styles/paper-popup/demo/main.js#7(+2) ; contract:lib/dub-visual.json#2983 ; doc:styles/paper-popup/DEMO.md#70,styles/paper-popup/DEMO.md#108,styles/paper-popup/DEMO.md#121,styles/paper-popup/DEMO.md#169(+11)	Y
paper-popup	asr.py	8	已声明入口	doc(styles/paper-popup/DEMO.md:55)	doc:styles/paper-popup/DEMO.md#55,styles/paper-popup/DEMO.md#129,styles/paper-popup/DEMO.md#145,lib/style-skills/paper-popup/SKILL.md#151	N
paper-popup	book.js	134	活	doc(styles/paper-popup/DEMO.md:119)	code:styles/paper-popup/demo/actors.js#5,styles/paper-popup/demo/cutmesh.js#3,styles/paper-popup/demo/main.js#9(+1) ; doc:styles/paper-popup/DEMO.md#119,styles/paper-popup/DEMO.md#171,styles/paper-popup/DEMO.md#183,styles/paper-popup/STYLE.md#105(+19)	Y
paper-popup	cutmesh.js	65	活	doc(styles/paper-popup/DEMO.md:82)	code:styles/paper-popup/demo/actors.js#6,styles/paper-popup/demo/main.js#12,styles/paper-popup/demo/sets.js#7 ; doc:styles/paper-popup/DEMO.md#82,styles/paper-popup/DEMO.md#123,styles/paper-popup/DEMO.md#170,styles/paper-popup/DEMO.md#184(+18)	Y
paper-popup	fetch_fonts.mjs	23	已声明入口	doc(styles/paper-popup/DEMO.md:84)	doc:styles/paper-popup/DEMO.md#84,styles/paper-popup/DEMO.md#108,styles/paper-popup/DEMO.md#138,lib/style-skills/paper-popup/SKILL.md#182(+2)	Y
paper-popup	film.js	13	活	doc(lib/style-skills/paper-popup/SKILL.md:37)	glob:film*.js(exact) ; doc:lib/style-skills/paper-popup/SKILL.md#37,lib/style-skills/paper-popup/SKILL.md#44,lib/style-skills/paper-popup/_distill.json#20,lib/style-skills/paper-popup/_distill.json#36	N
paper-popup	gltest.mjs	18	已声明入口	doc(styles/paper-popup/DEMO.md:159)	doc:styles/paper-popup/DEMO.md#159,lib/style-skills/paper-popup/SKILL.md#154	Y
paper-popup	hud.js	139	活	doc(styles/paper-popup/DEMO.md:87)	code:styles/paper-popup/demo/fetch_fonts.mjs#4,styles/paper-popup/demo/main.js#15 ; contract:lib/dub-visual.json#2984,lib/dub-visual.json#3048 ; doc:styles/paper-popup/DEMO.md#87,styles/paper-popup/DEMO.md#126,styles/paper-popup/DEMO.md#175,styles/paper-popup/STYLE.md#105(+12) ; comment-only:styles/paper-popup/demo/fetch_fonts.mjs#1,styles/paper-popup/demo/main.js#33,styles/paper-popup/demo/make_srt.mjs#2	Y
paper-popup	lib.js	45	活	doc(styles/paper-popup/DEMO.md:167)	code:styles/paper-popup/demo/actors.js#7,styles/paper-popup/demo/art.js#2,styles/paper-popup/demo/book.js#4(+5) ; doc:styles/paper-popup/DEMO.md#167,styles/paper-popup/DEMO.md#189,styles/paper-popup/STYLE.md#105,lib/style-dna/paper-popup.json#130(+11)	Y
paper-popup	main.js	554	活	doc(styles/paper-popup/DEMO.md:29)	code:styles/paper-popup/demo/fetch_fonts.mjs#4,styles/paper-popup/demo/index.html#9,styles/paper-popup/demo/index.html#35 ; contract:lib/dub-visual.json#3062,lib/dub-visual.json#3064 ; doc:styles/paper-popup/DEMO.md#29,styles/paper-popup/DEMO.md#115,styles/paper-popup/DEMO.md#116,styles/paper-popup/DEMO.md#179(+27) ; comment-only:styles/paper-popup/demo/film.js#2,styles/paper-popup/demo/film.js#3,styles/paper-popup/demo/film.js#6	Y
paper-popup	make_srt.mjs	20	已声明入口	doc(styles/paper-popup/DEMO.md:92)	doc:styles/paper-popup/DEMO.md#92,styles/paper-popup/DEMO.md#130,styles/paper-popup/DEMO.md#157,lib/style-dna/paper-popup.md#238(+3)	Y
paper-popup	mix.py	224	活	doc(styles/paper-popup/DEMO.md:58)	orch:lemo-make.mjs:ORCH[mix.py] ; doc:styles/paper-popup/DEMO.md#58,styles/paper-popup/DEMO.md#129,styles/paper-popup/DEMO.md#152,styles/paper-popup/DEMO.md#177(+19) ; comment-only:styles/paper-popup/demo/main.js#426,styles/paper-popup/demo/music/edit.py#4	N
paper-popup	music/edit.py	22	活	doc(styles/paper-popup/DEMO.md:57)	orch:lemo-make.mjs:ORCH[music/edit.py] ; doc:styles/paper-popup/DEMO.md#57,styles/paper-popup/DEMO.md#129,styles/paper-popup/DEMO.md#149,lib/style-skills/paper-popup/SKILL.md#103(+3)	N
paper-popup	music/jump.py	28	已声明入口	doc(styles/paper-popup/DEMO.md:57)	doc:styles/paper-popup/DEMO.md#57,styles/paper-popup/DEMO.md#149,lib/style-skills/paper-popup/SKILL.md#103,lib/style-skills/paper-popup/SKILL.md#183(+1)	N
paper-popup	music/jump2.py	24	已声明入口	doc(styles/paper-popup/DEMO.md:57)	doc:styles/paper-popup/DEMO.md#57,styles/paper-popup/DEMO.md#149,lib/style-skills/paper-popup/SKILL.md#103,lib/style-skills/paper-popup/SKILL.md#183(+1)	N
paper-popup	music/survey.py	16	已声明入口	doc(styles/paper-popup/DEMO.md:159)	doc:styles/paper-popup/DEMO.md#159	N
paper-popup	mux.sh	143	活	doc(styles/paper-popup/DEMO.md:60)	code:scripts/check-render-venc.mjs#306,scripts/patch-render-venc.mjs#238,scripts/patch-style-mux.mjs#82 ; glob:styles/*/demo/mux.sh(exact) ; orch:lemo-make.mjs:ORCH[mux.sh] ; doc:styles/paper-popup/DEMO.md#60,styles/paper-popup/DEMO.md#130,styles/paper-popup/DEMO.md#156,lib/style-dna/paper-popup.md#239(+27) ; comment-only:scripts/check-mux-selection.mjs#17,scripts/check-shell-structure.mjs#17	N
paper-popup	paper.js	89	活	doc(styles/paper-popup/DEMO.md:68)	code:styles/paper-popup/demo/actors.js#4,styles/paper-popup/demo/art.js#3,styles/paper-popup/demo/book.js#3(+3) ; contract:lib/dub-visual.json#2982 ; doc:styles/paper-popup/DEMO.md#68,styles/paper-popup/DEMO.md#122,styles/paper-popup/DEMO.md#168,styles/paper-popup/DEMO.md#188(+22)	Y
paper-popup	post.js	84	活	doc(styles/paper-popup/DEMO.md:42)	code:styles/paper-popup/demo/main.js#13 ; doc:styles/paper-popup/DEMO.md#42,styles/paper-popup/DEMO.md#125,styles/paper-popup/DEMO.md#174,styles/paper-popup/DEMO.md#186(+4)	Y
paper-popup	probe.mjs	10	已声明入口	doc(styles/paper-popup/DEMO.md:159)	doc:styles/paper-popup/DEMO.md#159,lib/style-skills/paper-popup/SKILL.md#154	Y
paper-popup	render.mjs	78	活	doc(styles/paper-popup/DEMO.md:58)	code:scripts/check-render-venc.mjs#307,scripts/patch-render-venc.mjs#212 ; doc:styles/paper-popup/DEMO.md#58,styles/paper-popup/DEMO.md#106,styles/paper-popup/DEMO.md#127,styles/paper-popup/DEMO.md#147(+11)	Y
paper-popup	serve.mjs	13	活	doc(styles/paper-popup/DEMO.md:106)	code:styles/paper-popup/demo/gltest.mjs#1,styles/paper-popup/demo/probe.mjs#1,styles/paper-popup/demo/render.mjs#11(+1) ; doc:styles/paper-popup/DEMO.md#106,styles/paper-popup/DEMO.md#127,lib/style-skills/paper-popup/SKILL.md#198	Y
paper-popup	sets.js	219	活	doc(styles/paper-popup/DEMO.md:120)	code:styles/paper-popup/demo/main.js#10 ; doc:styles/paper-popup/DEMO.md#120,styles/paper-popup/DEMO.md#172,styles/paper-popup/DEMO.md#229,styles/paper-popup/STYLE.md#105(+9)	Y
paper-popup	shot.mjs	12	已声明入口	doc(styles/paper-popup/DEMO.md:159)	doc:styles/paper-popup/DEMO.md#159,lib/style-dna/paper-popup.md#240,lib/style-skills/paper-popup/SKILL.md#154	Y
paper-popup	story.js	50	活	doc(styles/paper-popup/DEMO.md:55)	code:styles/paper-popup/demo/fetch_fonts.mjs#4,styles/paper-popup/demo/hud.js#2,styles/paper-popup/demo/main.js#14(+4) ; contract:lib/dub-visual.json#3010,lib/dub-visual.json#3015 ; doc:styles/paper-popup/DEMO.md#55,styles/paper-popup/DEMO.md#92,styles/paper-popup/DEMO.md#118,styles/paper-popup/DEMO.md#146(+30) ; comment-only:styles/paper-popup/demo/fetch_fonts.mjs#1,styles/paper-popup/demo/make_srt.mjs#2,styles/paper-popup/demo/make_srt.mjs#8	Y
paper-popup	tile.py	15	已声明入口	doc(styles/paper-popup/DEMO.md:159)	doc:styles/paper-popup/DEMO.md#159	N
paper-popup	tts/gen.py	15	活	doc(styles/paper-popup/DEMO.md:128)	orch:lemo-make.mjs:ORCH[tts/gen.py] ; doc:styles/paper-popup/DEMO.md#128,styles/paper-popup/DEMO.md#142,lib/style-skills/paper-popup/SKILL.md#151,lib/style-skills/paper-popup/SKILL.md#194	N
paper-popup	tts/gen1.py	15	已声明入口	doc(styles/paper-popup/DEMO.md:128)	doc:styles/paper-popup/DEMO.md#128,styles/paper-popup/DEMO.md#143,lib/style-skills/paper-popup/SKILL.md#151	N
paper-popup	words.py	7	已声明入口	doc(styles/paper-popup/DEMO.md:55)	doc:styles/paper-popup/DEMO.md#55,styles/paper-popup/DEMO.md#129,styles/paper-popup/DEMO.md#145,lib/style-skills/paper-popup/SKILL.md#151	N
papercut-red	build.sh	18	活	doc(styles/papercut-red/DEMO.md:113)	glob:styles/*/demo/build.sh(exact) ; doc:styles/papercut-red/DEMO.md#113,lib/style-dna/papercut-red.md#231,lib/style-skills/papercut-red/SKILL.md#14,lib/style-skills/papercut-red/SKILL.md#132(+3)	N
papercut-red	check_final.py	19	活	doc(styles/papercut-red/DEMO.md:112)	code:styles/papercut-red/demo/build.sh#14 ; doc:styles/papercut-red/DEMO.md#112,lib/style-dna/papercut-red.md#234,lib/style-skills/papercut-red/SKILL.md#139,lib/style-skills/papercut-red/SKILL.md#193	N
papercut-red	climax.js	83	活	doc(styles/papercut-red/DEMO.md:104)	code:styles/papercut-red/demo/test.js#8 ; doc:styles/papercut-red/DEMO.md#104	Y
papercut-red	film.js	42	活	doc(lib/style-skills/papercut-red/SKILL.md:36)	code:styles/papercut-red/demo/fold.js#8,styles/papercut-red/demo/hud.js#5,styles/papercut-red/demo/light.js#4(+2) ; glob:film*.js(exact) ; doc:lib/style-skills/papercut-red/SKILL.md#36,lib/style-skills/papercut-red/SKILL.md#43,lib/style-skills/papercut-red/SKILL.md#45,lib/style-skills/papercut-red/SKILL.md#46(+4)	N
papercut-red	fold.js	198	活	doc(styles/papercut-red/DEMO.md:102)	code:styles/papercut-red/demo/main.js#9 ; contract:lib/dub-visual.json#3083,lib/dub-visual.json#3085 ; doc:styles/papercut-red/DEMO.md#102,styles/papercut-red/STYLE.md#96,lib/style-dna/papercut-red.json#102,lib/style-dna/papercut-red.json#137(+9) ; comment-only:styles/papercut-red/demo/film.js#31	Y
papercut-red	girl.js	286	活	doc(styles/papercut-red/DEMO.md:98)	code:styles/papercut-red/demo/climax.js#4,styles/papercut-red/demo/fold.js#5,styles/papercut-red/demo/main.js#4(+2) ; doc:styles/papercut-red/DEMO.md#98,lib/style-skills/papercut-red/_distill.json#24	Y
papercut-red	hud.js	50	活	doc(styles/papercut-red/DEMO.md:102)	code:styles/papercut-red/demo/main.js#10 ; contract:lib/dub-visual.json#3160 ; doc:styles/papercut-red/DEMO.md#102,styles/papercut-red/STYLE.md#96,lib/style-dna/papercut-red.json#123,lib/style-dna/papercut-red.json#124(+9)	Y
papercut-red	light.js	95	活	doc(styles/papercut-red/DEMO.md:100)	code:styles/papercut-red/demo/climax.js#8,styles/papercut-red/demo/main.js#8,styles/papercut-red/demo/world.js#6(+1) ; doc:styles/papercut-red/DEMO.md#100,styles/papercut-red/STYLE.md#96,lib/style-dna/papercut-red.json#102,lib/style-dna/papercut-red.json#135(+10)	Y
papercut-red	main.js	561	活	doc(styles/papercut-red/DEMO.md:103)	code:styles/papercut-red/demo/index.html#6 ; contract:lib/dub-visual.json#3179,lib/dub-visual.json#3181,lib/dub-visual.json#3182 ; doc:styles/papercut-red/DEMO.md#103,lib/style-dna/papercut-red.json#102,lib/style-dna/papercut-red.json#103,lib/style-dna/papercut-red.json#143(+9) ; comment-only:styles/papercut-red/demo/film.js#2,styles/papercut-red/demo/film.js#4,styles/papercut-red/demo/film.js#40	Y
papercut-red	mix.py	170	活	doc(styles/papercut-red/DEMO.md:105)	code:styles/papercut-red/demo/build.sh#10 ; orch:lemo-make.mjs:ORCH[mix.py] ; doc:styles/papercut-red/DEMO.md#105,styles/papercut-red/DEMO.md#110,lib/style-dna/papercut-red.json#103,lib/style-dna/papercut-red.json#139(+15)	N
papercut-red	motifs.js	102	活	doc(styles/papercut-red/DEMO.md:97)	code:styles/papercut-red/demo/girl.js#4,styles/papercut-red/demo/hud.js#3,styles/papercut-red/demo/main.js#11(+4) ; doc:styles/papercut-red/DEMO.md#97,styles/papercut-red/DEMO.md#115,styles/papercut-red/STYLE.md#18,styles/papercut-red/STYLE.md#96(+12)	Y
papercut-red	music/score.py	295	活	doc(styles/papercut-red/DEMO.md:41)	code:styles/papercut-red/demo/build.sh#9 ; orch:lemo-make.mjs:ORCH[music/score.py] ; doc:styles/papercut-red/DEMO.md#41,styles/papercut-red/DEMO.md#105,styles/papercut-red/DEMO.md#110,lib/style-dna/papercut-red.md#233(+7)	N
papercut-red	nian.js	215	活	doc(styles/papercut-red/DEMO.md:98)	code:styles/papercut-red/demo/climax.js#5,styles/papercut-red/demo/main.js#5,styles/papercut-red/demo/sheet.js#6(+1) ; doc:styles/papercut-red/DEMO.md#98,lib/style-skills/papercut-red/_distill.json#24	Y
papercut-red	paper.js	214	活	doc(styles/papercut-red/DEMO.md:96)	code:styles/papercut-red/demo/climax.js#2,styles/papercut-red/demo/fold.js#2,styles/papercut-red/demo/girl.js#3(+12) ; contract:lib/dub-visual.json#3082 ; doc:styles/papercut-red/DEMO.md#96,styles/papercut-red/STYLE.md#96,lib/style-dna/papercut-red.json#101,lib/style-dna/papercut-red.json#125(+14) ; comment-only:styles/papercut-red/demo/film.js#14	Y
papercut-red	rig.js	34	活	doc(styles/papercut-red/DEMO.md:97)	code:styles/papercut-red/demo/climax.js#3,styles/papercut-red/demo/fold.js#3,styles/papercut-red/demo/girl.js#5(+8) ; doc:styles/papercut-red/DEMO.md#97,styles/papercut-red/STYLE.md#96,lib/style-dna/papercut-red.json#101,lib/style-dna/papercut-red.md#189(+2)	Y
papercut-red	sheet.js	140	活	doc(styles/papercut-red/DEMO.md:104)	code:styles/papercut-red/demo/test.js#9 ; doc:styles/papercut-red/DEMO.md#104	Y
papercut-red	story.js	29	活	doc(styles/papercut-red/DEMO.md:103)	code:styles/papercut-red/demo/check_final.py#8,styles/papercut-red/demo/fold.js#7,styles/papercut-red/demo/main.js#12(+2) ; contract:lib/dub-visual.json#3121 ; doc:styles/papercut-red/DEMO.md#103,lib/style-dna/papercut-red.json#36,lib/style-dna/papercut-red.json#100,lib/style-dna/papercut-red.json#102(+16)	Y
papercut-red	subs.py	14	活	doc(styles/papercut-red/DEMO.md:105)	code:styles/papercut-red/demo/build.sh#11 ; orch:lemo-make.mjs:ORCH[subs.py] ; doc:styles/papercut-red/DEMO.md#105,styles/papercut-red/DEMO.md#110,lib/style-dna/papercut-red.json#36,lib/style-dna/papercut-red.json#144(+7)	N
papercut-red	test.js	40	活	doc(styles/papercut-red/DEMO.md:104)	code:styles/papercut-red/demo/main.js#27 ; doc:styles/papercut-red/DEMO.md#104	Y
papercut-red	tuanhua.js	121	活	doc(styles/papercut-red/DEMO.md:99)	code:styles/papercut-red/demo/climax.js#6,styles/papercut-red/demo/fold.js#4,styles/papercut-red/demo/main.js#6(+3) ; doc:styles/papercut-red/DEMO.md#99,styles/papercut-red/STYLE.md#96,lib/style-dna/papercut-red.json#101,lib/style-dna/papercut-red.json#132(+12)	Y
papercut-red	village.js	125	活	doc(styles/papercut-red/DEMO.md:99)	code:styles/papercut-red/demo/climax.js#7,styles/papercut-red/demo/world.js#5 ; doc:styles/papercut-red/DEMO.md#99,lib/style-skills/papercut-red/SKILL.md#156	Y
papercut-red	world.js	133	活	doc(styles/papercut-red/DEMO.md:101)	code:styles/papercut-red/demo/main.js#7 ; doc:styles/papercut-red/DEMO.md#101,lib/style-skills/papercut-red/SKILL.md#166	Y
pictogram-motion	edl.js	130	活	doc(styles/pictogram-motion/DEMO.md:59)	code:styles/pictogram-motion/demo/cover.html#13,styles/pictogram-motion/demo/cover34.html#13,styles/pictogram-motion/demo/index.html#48(+3) ; contract:lib/dub-visual.json#3225,lib/dub-visual.json#3285,lib/dub-visual.json#3286 ; doc:styles/pictogram-motion/DEMO.md#59,styles/pictogram-motion/DEMO.md#100,styles/pictogram-motion/DEMO.md#120,styles/pictogram-motion/DEMO.md#121(+43) ; comment-only:styles/pictogram-motion/demo/music/export_timeline.cjs#1	Y
pictogram-motion	engine.js	316	活	doc(styles/pictogram-motion/DEMO.md:5)	code:styles/pictogram-motion/demo/cover.html#14,styles/pictogram-motion/demo/cover34.html#14,styles/pictogram-motion/demo/index.html#49(+1) ; contract:lib/dub-visual.json#3199,lib/dub-visual.json#3264 ; doc:styles/pictogram-motion/DEMO.md#5,styles/pictogram-motion/DEMO.md#67,styles/pictogram-motion/DEMO.md#120,styles/pictogram-motion/DEMO.md#122(+80) ; comment-only:styles/pictogram-motion/demo/film.js#2	Y
pictogram-motion	film.js	12	活	doc(lib/style-skills/pictogram-motion/SKILL.md:37)	glob:film*.js(exact) ; doc:lib/style-skills/pictogram-motion/SKILL.md#37,lib/style-skills/pictogram-motion/SKILL.md#145,lib/style-skills/pictogram-motion/SKILL.md#170,lib/style-skills/pictogram-motion/_distill.json#29(+1)	N
pictogram-motion	lab.mjs	20	已声明入口	doc(styles/pictogram-motion/DEMO.md:127)	doc:styles/pictogram-motion/DEMO.md#127,styles/pictogram-motion/DEMO.md#148,styles/pictogram-motion/DEMO.md#165,styles/pictogram-motion/DEMO.md#166(+4)	Y
pictogram-motion	mix.py	133	活	doc(lib/style-skills/pictogram-motion/SKILL.md:175)	orch:lemo-make.mjs:ORCH[mix.py] ; doc:lib/style-skills/pictogram-motion/SKILL.md#175,lib/style-skills/pictogram-motion/SKILL.md#198,lib/style-skills/pictogram-motion/_distill.json#35,lib/style-skills/pictogram-motion/_distill.json#109	N
pictogram-motion	music/export_timeline.cjs	18	活	doc(styles/pictogram-motion/DEMO.md:130)	code:styles/pictogram-motion/demo/mix.py#16,styles/pictogram-motion/demo/mix.py#56,styles/pictogram-motion/demo/mix.py#104 ; doc:styles/pictogram-motion/DEMO.md#130,styles/pictogram-motion/DEMO.md#141,styles/pictogram-motion/DEMO.md#251,lib/style-skills/pictogram-motion/SKILL.md#148(+5)	N
pictogram-motion	music/music.py	1629	活	doc(styles/pictogram-motion/DEMO.md:58)	code:styles/pictogram-motion/demo/mix.py#6,styles/pictogram-motion/demo/mix.py#13,styles/pictogram-motion/demo/mix.py#17(+4) ; orch:lemo-make.mjs:ORCH[music/music.py] ; doc:styles/pictogram-motion/DEMO.md#58,styles/pictogram-motion/DEMO.md#59,styles/pictogram-motion/DEMO.md#130,styles/pictogram-motion/DEMO.md#144(+33) ; comment-only:scripts/check-dual-copy-sync.mjs#203,styles/pictogram-motion/demo/mix.py#58,styles/pictogram-motion/demo/mix.py#105(+2)	N
pictogram-motion	mux.sh	23	活	doc(styles/pictogram-motion/DEMO.md:128)	code:scripts/check-render-venc.mjs#308,scripts/patch-render-venc.mjs#184,scripts/patch-render-venc.mjs#246(+8) ; glob:styles/*/demo/mux.sh(exact) ; orch:lemo-make.mjs:ORCH[mux.sh] ; doc:styles/pictogram-motion/DEMO.md#128,styles/pictogram-motion/DEMO.md#154,styles/pictogram-motion/DEMO.md#158,styles/pictogram-motion/DEMO.md#169(+28) ; comment-only:scripts/check-film-delivery.mjs#359,scripts/check-mux-selection.mjs#17,scripts/check-ref-lines.mjs#188(+1)	N
pictogram-motion	poses/aqua.js	247	活		code:styles/pictogram-motion/demo/cover.html#17,styles/pictogram-motion/demo/cover34.html#17,styles/pictogram-motion/demo/index.html#52(+1)	Y
pictogram-motion	poses/asia.js	462	活		code:styles/pictogram-motion/demo/cover.html#22,styles/pictogram-motion/demo/cover34.html#22,styles/pictogram-motion/demo/index.html#57(+1)	Y
pictogram-motion	poses/ath.js	495	活		code:styles/pictogram-motion/demo/cover.html#16,styles/pictogram-motion/demo/cover34.html#16,styles/pictogram-motion/demo/index.html#51(+1)	Y
pictogram-motion	poses/ball.js	522	活		code:styles/pictogram-motion/demo/cover.html#18,styles/pictogram-motion/demo/cover34.html#18,styles/pictogram-motion/demo/index.html#53(+1)	Y
pictogram-motion	poses/base.js	50	活	doc(styles/pictogram-motion/DEMO.md:123)	code:styles/pictogram-motion/demo/cover.html#15,styles/pictogram-motion/demo/cover34.html#15,styles/pictogram-motion/demo/index.html#50(+1) ; doc:styles/pictogram-motion/DEMO.md#123,styles/pictogram-motion/DEMO.md#207,styles/pictogram-motion/STYLE.md#105	Y
pictogram-motion	poses/combat.js	331	活		code:styles/pictogram-motion/demo/cover.html#19,styles/pictogram-motion/demo/cover34.html#19,styles/pictogram-motion/demo/index.html#54(+1)	Y
pictogram-motion	poses/nature.js	595	活	doc(styles/pictogram-motion/DEMO.md:234)	code:styles/pictogram-motion/demo/cover.html#21,styles/pictogram-motion/demo/cover34.html#21,styles/pictogram-motion/demo/index.html#56(+1) ; doc:styles/pictogram-motion/DEMO.md#234 ; comment-only:styles/pictogram-motion/demo/poses/asia.js#8	Y
pictogram-motion	poses/power.js	293	活		code:styles/pictogram-motion/demo/cover.html#20,styles/pictogram-motion/demo/cover34.html#20,styles/pictogram-motion/demo/index.html#55(+1)	Y
pictogram-motion	render.mjs	77	活	doc(styles/pictogram-motion/DEMO.md:125)	code:scripts/check-render-venc.mjs#309,scripts/patch-render-venc.mjs#213 ; doc:styles/pictogram-motion/DEMO.md#125,styles/pictogram-motion/DEMO.md#153,styles/pictogram-motion/DEMO.md#157,styles/pictogram-motion/DEMO.md#161(+9)	Y
pictogram-motion	scenes.js	720	活	doc(styles/pictogram-motion/DEMO.md:5)	code:styles/pictogram-motion/demo/cover.html#23,styles/pictogram-motion/demo/cover34.html#23,styles/pictogram-motion/demo/index.html#58 ; contract:lib/dub-visual.json#3230,lib/dub-visual.json#3283 ; doc:styles/pictogram-motion/DEMO.md#5,styles/pictogram-motion/DEMO.md#120,styles/pictogram-motion/DEMO.md#124,styles/pictogram-motion/DEMO.md#169(+93) ; comment-only:styles/pictogram-motion/demo/srt.cjs#10	Y
pictogram-motion	sheet.py	14	活	doc(styles/pictogram-motion/DEMO.md:126)	code:styles/pictogram-motion/demo/shot.mjs#26 ; doc:styles/pictogram-motion/DEMO.md#126	N
pictogram-motion	shot.mjs	29	已声明入口	doc(styles/pictogram-motion/DEMO.md:126)	doc:styles/pictogram-motion/DEMO.md#126,styles/pictogram-motion/DEMO.md#149,styles/pictogram-motion/DEMO.md#150,styles/pictogram-motion/DEMO.md#169(+2)	Y
pictogram-motion	srt.cjs	38	已声明入口	doc(styles/pictogram-motion/DEMO.md:111)	doc:styles/pictogram-motion/DEMO.md#111,styles/pictogram-motion/DEMO.md#129,styles/pictogram-motion/DEMO.md#164,lib/style-skills/pictogram-motion/SKILL.md#149(+1)	Y
pixel-rpg	build.sh	17	活	doc(styles/pixel-rpg/DEMO.md:117)	glob:styles/*/demo/build.sh(exact) ; doc:styles/pixel-rpg/DEMO.md#117,styles/pixel-rpg/DEMO.md#125,lib/style-dna/pixel-rpg.md#230,lib/style-skills/pixel-rpg/SKILL.md#14(+4)	N
pixel-rpg	font.js	118	活	doc(styles/pixel-rpg/DEMO.md:109)	code:styles/pixel-rpg/demo/main.js#7,styles/pixel-rpg/demo/memscenes.js#7,styles/pixel-rpg/demo/sheet.js#6(+1) ; contract:lib/dub-visual.json#3305,lib/dub-visual.json#3368 ; doc:styles/pixel-rpg/DEMO.md#109,styles/pixel-rpg/STYLE.md#103,lib/style-dna/pixel-rpg.json#131,lib/style-dna/pixel-rpg.json#132(+10)	Y
pixel-rpg	main.js	244	活	doc(styles/pixel-rpg/DEMO.md:114)	code:styles/pixel-rpg/demo/index.html#7 ; contract:lib/dub-visual.json#3331,lib/dub-visual.json#3387,lib/dub-visual.json#3389 ; doc:styles/pixel-rpg/DEMO.md#114,styles/pixel-rpg/STYLE.md#103,lib/style-dna/pixel-rpg.json#44,lib/style-dna/pixel-rpg.json#45(+68)	Y
pixel-rpg	memscenes.js	295	活	doc(styles/pixel-rpg/DEMO.md:113)	code:styles/pixel-rpg/demo/main.js#4 ; contract:lib/dub-visual.json#3390 ; doc:styles/pixel-rpg/DEMO.md#113,lib/style-skills/pixel-rpg/SKILL.md#176,lib/style-skills/pixel-rpg/SKILL.md#193,lib/style-skills/pixel-rpg/SKILL.md#231(+2)	Y
pixel-rpg	memsprites.js	85	活	doc(styles/pixel-rpg/DEMO.md:111)	code:styles/pixel-rpg/demo/memscenes.js#4,styles/pixel-rpg/demo/sheet.js#9 ; doc:styles/pixel-rpg/DEMO.md#111	Y
pixel-rpg	mix.py	179	活	doc(styles/pixel-rpg/DEMO.md:116)	code:styles/pixel-rpg/demo/build.sh#10,styles/pixel-rpg/demo/timeline.json#2 ; orch:lemo-make.mjs:ORCH[mix.py] ; doc:styles/pixel-rpg/DEMO.md#116,styles/pixel-rpg/DEMO.md#124,lib/style-dna/pixel-rpg.json#85,lib/style-dna/pixel-rpg.json#86(+31)	N
pixel-rpg	music/score.py	497	活	doc(styles/pixel-rpg/DEMO.md:116)	code:styles/pixel-rpg/demo/build.sh#8,styles/pixel-rpg/demo/timeline.json#2 ; orch:lemo-make.mjs:ORCH[music/score.py] ; doc:styles/pixel-rpg/DEMO.md#116,styles/pixel-rpg/DEMO.md#122,lib/style-dna/pixel-rpg.json#104,lib/style-dna/pixel-rpg.json#186(+21)	N
pixel-rpg	portraits.js	189	活	doc(styles/pixel-rpg/DEMO.md:110)	code:styles/pixel-rpg/demo/main.js#6,styles/pixel-rpg/demo/sheet.js#7 ; doc:styles/pixel-rpg/DEMO.md#110,styles/pixel-rpg/STYLE.md#103,lib/style-skills/pixel-rpg/SKILL.md#176,lib/style-skills/pixel-rpg/SKILL.md#231(+1)	Y
pixel-rpg	props.js	166	活	doc(styles/pixel-rpg/DEMO.md:111)	code:styles/pixel-rpg/demo/memscenes.js#5,styles/pixel-rpg/demo/scenes.js#4,styles/pixel-rpg/demo/sheet.js#8 ; doc:styles/pixel-rpg/DEMO.md#111,styles/pixel-rpg/STYLE.md#103,lib/style-skills/pixel-rpg/SKILL.md#176,lib/style-skills/pixel-rpg/SKILL.md#231(+1)	Y
pixel-rpg	px.js	169	活	doc(styles/pixel-rpg/DEMO.md:108)	code:styles/pixel-rpg/demo/main.js#2,styles/pixel-rpg/demo/memscenes.js#2,styles/pixel-rpg/demo/memsprites.js#2(+7) ; contract:lib/dub-visual.json#3303 ; doc:styles/pixel-rpg/DEMO.md#108,styles/pixel-rpg/STYLE.md#103,lib/style-dna/pixel-rpg.json#6,lib/style-dna/pixel-rpg.json#7(+67)	Y
pixel-rpg	scenes.js	245	活	doc(styles/pixel-rpg/DEMO.md:112)	code:styles/pixel-rpg/demo/main.js#3,styles/pixel-rpg/demo/memscenes.js#6 ; doc:styles/pixel-rpg/DEMO.md#112,styles/pixel-rpg/STYLE.md#103,lib/style-dna/pixel-rpg.json#9,lib/style-dna/pixel-rpg.json#43(+22)	Y
pixel-rpg	sheet.js	154	活	doc(styles/pixel-rpg/DEMO.md:117)	code:styles/pixel-rpg/demo/index.html#7 ; contract:lib/dub-visual.json#3304 ; doc:styles/pixel-rpg/DEMO.md#117	Y
pixel-rpg	sprites.js	418	活	doc(styles/pixel-rpg/DEMO.md:110)	code:styles/pixel-rpg/demo/memscenes.js#3,styles/pixel-rpg/demo/scenes.js#3,styles/pixel-rpg/demo/sheet.js#5 ; doc:styles/pixel-rpg/DEMO.md#110,styles/pixel-rpg/STYLE.md#103,lib/style-dna/pixel-rpg.json#11,lib/style-dna/pixel-rpg.json#103(+13)	Y
pixel-rpg	tools/subs.mjs	11	活	doc(styles/pixel-rpg/DEMO.md:117)	code:styles/pixel-rpg/demo/build.sh#11 ; orch:lemo-make.mjs:ORCH[tools/subs.mjs] ; doc:styles/pixel-rpg/DEMO.md#117,styles/pixel-rpg/DEMO.md#124,lib/style-skills/pixel-rpg/SKILL.md#162,lib/style-skills/pixel-rpg/SKILL.md#185(+4)	Y
pixel-rpg	ui.js	138	活	doc(styles/pixel-rpg/DEMO.md:109)	code:styles/pixel-rpg/demo/main.js#5 ; doc:styles/pixel-rpg/DEMO.md#109,styles/pixel-rpg/STYLE.md#103,lib/style-dna/pixel-rpg.json#12,lib/style-dna/pixel-rpg.json#14(+32)	Y
risograph	build.sh	17	活	doc(styles/risograph/DEMO.md:71)	glob:styles/*/demo/build.sh(exact) ; doc:styles/risograph/DEMO.md#71,lib/style-dna/risograph.md#220,lib/style-skills/risograph/SKILL.md#14,lib/style-skills/risograph/SKILL.md#135(+5)	N
risograph	draw.js	93	活	doc(styles/risograph/DEMO.md:60)	code:styles/risograph/demo/film.js#2,styles/risograph/demo/main.js#2,styles/risograph/demo/rider.js#3(+3) ; doc:styles/risograph/DEMO.md#60,styles/risograph/STYLE.md#111,lib/style-dna/risograph.json#6,lib/style-dna/risograph.json#12(+31)	Y
risograph	film.js	342	活	doc(styles/risograph/DEMO.md:63)	code:styles/risograph/demo/main.js#6,styles/risograph/demo/tools/subs.py#1 ; contract:lib/dub-visual.json#3494,lib/dub-visual.json#3509,lib/dub-visual.json#3528(+1) ; glob:film*.js(exact) ; doc:styles/risograph/DEMO.md#63,lib/style-dna/risograph.json#18,lib/style-dna/risograph.json#35,lib/style-dna/risograph.json#36(+85) ; comment-only:styles/risograph/demo/main.js#12	Y
risograph	main.js	57	活	doc(lib/style-dna/risograph.json:15)	code:styles/risograph/demo/index.html#41 ; contract:lib/dub-visual.json#3470 ; doc:lib/style-dna/risograph.json#15,lib/style-dna/risograph.json#103,lib/style-dna/risograph.json#153,lib/style-dna/risograph.json#154(+9)	Y
risograph	mix.py	162	活	doc(styles/risograph/DEMO.md:66)	code:styles/risograph/demo/build.sh#10 ; orch:lemo-make.mjs:ORCH[mix.py] ; doc:styles/risograph/DEMO.md#66,lib/style-dna/risograph.json#84,lib/style-dna/risograph.json#85,lib/style-dna/risograph.json#104(+18) ; comment-only:styles/risograph/demo/film.js#25	N
risograph	music/bell.py	57	活	doc(styles/risograph/DEMO.md:34)	code:styles/risograph/demo/mix.py#8,styles/risograph/demo/music/score.py#22 ; doc:styles/risograph/DEMO.md#34,styles/risograph/DEMO.md#65,lib/style-skills/risograph/SKILL.md#100,lib/style-skills/risograph/SKILL.md#145	N
risograph	music/score.py	488	活	doc(styles/risograph/DEMO.md:34)	code:styles/risograph/demo/build.sh#8 ; orch:lemo-make.mjs:ORCH[music/score.py] ; doc:styles/risograph/DEMO.md#34,styles/risograph/DEMO.md#65,lib/style-skills/risograph/SKILL.md#100,lib/style-skills/risograph/SKILL.md#145(+1)	N
risograph	rider.js	397	活	doc(styles/risograph/DEMO.md:61)	code:styles/risograph/demo/film.js#4,styles/risograph/demo/main.js#3,styles/risograph/demo/scenes2.js#5(+1) ; doc:styles/risograph/DEMO.md#61,lib/style-skills/risograph/SKILL.md#159,lib/style-skills/risograph/_distill.json#23	Y
risograph	riso.js	155	活	doc(styles/risograph/DEMO.md:59)	code:styles/risograph/demo/index.html#10,styles/risograph/demo/main.js#1 ; contract:lib/dub-visual.json#3407,lib/dub-visual.json#3438 ; doc:styles/risograph/DEMO.md#59,styles/risograph/STYLE.md#111,lib/style-dna/risograph.json#7,lib/style-dna/risograph.json#8(+63)	Y
risograph	scenes.js	197	活	doc(styles/risograph/DEMO.md:62)	code:styles/risograph/demo/film.js#5,styles/risograph/demo/main.js#4,styles/risograph/demo/scenes2.js#4 ; doc:styles/risograph/DEMO.md#62,lib/style-skills/risograph/SKILL.md#111,lib/style-skills/risograph/SKILL.md#159,lib/style-skills/risograph/_distill.json#23	Y
risograph	scenes2.js	193	活	doc(styles/risograph/DEMO.md:62)	code:styles/risograph/demo/film.js#6 ; doc:styles/risograph/DEMO.md#62,lib/style-skills/risograph/SKILL.md#111,lib/style-skills/risograph/SKILL.md#159,lib/style-skills/risograph/_distill.json#23	Y
risograph	sheet.js	100	活	doc(styles/risograph/DEMO.md:64)	code:styles/risograph/demo/main.js#5 ; doc:styles/risograph/DEMO.md#64,styles/risograph/STYLE.md#111,lib/style-dna/risograph.json#157,lib/style-dna/risograph.json#158(+3)	Y
risograph	tools/mux.sh	149	活	doc(styles/risograph/DEMO.md:67)	code:styles/risograph/demo/build.sh#13 ; glob:styles/*/demo/mux.sh(exact) ; orch:lemo-make.mjs:ORCH[tools/mux.sh] ; doc:styles/risograph/DEMO.md#67,styles/risograph/STYLE.md#111,lib/style-dna/risograph.json#85,lib/style-dna/risograph.json#159(+20)	N
risograph	tools/subs.py	13	活	doc(styles/risograph/DEMO.md:67)	code:styles/risograph/demo/build.sh#11 ; orch:lemo-make.mjs:ORCH[tools/subs.py] ; doc:styles/risograph/DEMO.md#67,lib/style-dna/risograph.json#103,lib/style-dna/risograph.json#164,lib/style-dna/risograph.md#196(+5)	N
risograph	tools/video_png.mjs	52	活	doc(styles/risograph/DEMO.md:67)	code:scripts/patch-render-venc.mjs#182,scripts/patch-render-venc.mjs#232,styles/risograph/demo/build.sh#12 ; glob:styles/*/demo/tools/video_png.mjs(exact) ; orch:lemo-make.mjs:ORCH[tools/video_png.mjs] ; doc:styles/risograph/DEMO.md#67,styles/risograph/STYLE.md#111,lib/style-dna/risograph.json#85,lib/style-dna/risograph.json#162(+6) ; comment-only:scripts/check-render-venc.mjs#36,scripts/check-render-venc.mjs#295	Y
rubber-hose	bg.js	139	活	doc(styles/rubber-hose/DEMO.md:73)	code:styles/rubber-hose/demo/main.js#28,styles/rubber-hose/demo/scenes.js#6 ; doc:styles/rubber-hose/DEMO.md#73,styles/rubber-hose/STYLE.md#98,lib/style-dna/rubber-hose.json#10,lib/style-skills/rubber-hose/SKILL.md#109(+1)	Y
rubber-hose	build.sh	20	活	doc(styles/rubber-hose/DEMO.md:79)	glob:styles/*/demo/build.sh(exact) ; doc:styles/rubber-hose/DEMO.md#79,styles/rubber-hose/DEMO.md#89,lib/style-dna/rubber-hose.md#225,lib/style-skills/rubber-hose/SKILL.md#14(+6)	N
rubber-hose	cast.js	156	活	doc(styles/rubber-hose/DEMO.md:72)	code:styles/rubber-hose/demo/scenes.js#5,styles/rubber-hose/demo/sheet.js#4 ; doc:styles/rubber-hose/DEMO.md#72,styles/rubber-hose/STYLE.md#98,lib/style-dna/rubber-hose.json#9,lib/style-dna/rubber-hose.json#97(+21)	Y
rubber-hose	chars.js	366	活	doc(styles/rubber-hose/DEMO.md:72)	code:styles/rubber-hose/demo/bg.js#4,styles/rubber-hose/demo/cast.js#4,styles/rubber-hose/demo/main.js#3(+3) ; contract:lib/dub-visual.json#3548 ; doc:styles/rubber-hose/DEMO.md#72,styles/rubber-hose/STYLE.md#98,lib/style-dna/rubber-hose.json#8,lib/style-dna/rubber-hose.json#97(+24)	Y
rubber-hose	events.js	63	活	doc(styles/rubber-hose/DEMO.md:75)	code:styles/rubber-hose/demo/main.js#56 ; doc:styles/rubber-hose/DEMO.md#75,lib/style-dna/rubber-hose.json#98,lib/style-dna/rubber-hose.json#99,lib/style-dna/rubber-hose.md#202(+2)	Y
rubber-hose	film.js	83	活	doc(styles/rubber-hose/DEMO.md:71)	code:styles/rubber-hose/demo/main.js#27 ; glob:film*.js(exact) ; doc:styles/rubber-hose/DEMO.md#71,styles/rubber-hose/STYLE.md#98,lib/style-dna/rubber-hose.json#6,lib/style-dna/rubber-hose.json#11(+36) ; comment-only:styles/rubber-hose/demo/main.js#7	Y
rubber-hose	main.js	62	活	doc(lib/style-dna/rubber-hose.json:97)	code:styles/rubber-hose/demo/index.html#6 ; contract:lib/dub-visual.json#3656 ; doc:lib/style-dna/rubber-hose.json#97,lib/style-dna/rubber-hose.json#98,lib/style-dna/rubber-hose.json#155,lib/style-dna/rubber-hose.json#156(+17)	Y
rubber-hose	mix.py	193	活	doc(styles/rubber-hose/DEMO.md:78)	code:styles/rubber-hose/demo/build.sh#10 ; orch:lemo-make.mjs:ORCH[mix.py] ; doc:styles/rubber-hose/DEMO.md#78,styles/rubber-hose/DEMO.md#86,styles/rubber-hose/DEMO.md#98,styles/rubber-hose/STYLE.md#98(+30) ; comment-only:styles/rubber-hose/demo/events.js#1	N
rubber-hose	music/score.py	394	活	doc(styles/rubber-hose/DEMO.md:40)	code:styles/rubber-hose/demo/build.sh#9 ; orch:lemo-make.mjs:ORCH[music/score.py] ; doc:styles/rubber-hose/DEMO.md#40,styles/rubber-hose/DEMO.md#77,styles/rubber-hose/DEMO.md#82,styles/rubber-hose/DEMO.md#86(+14) ; comment-only:styles/rubber-hose/demo/story.js#66	N
rubber-hose	scenes.js	608	活	doc(styles/rubber-hose/DEMO.md:75)	code:styles/rubber-hose/demo/main.js#29 ; contract:lib/dub-visual.json#3635,lib/dub-visual.json#3654,lib/dub-visual.json#3657 ; doc:styles/rubber-hose/DEMO.md#75,lib/style-dna/rubber-hose.json#41,lib/style-dna/rubber-hose.json#97,lib/style-dna/rubber-hose.json#98(+5)	Y
rubber-hose	sheet.js	157	活	doc(styles/rubber-hose/DEMO.md:76)	code:styles/rubber-hose/demo/main.js#22,styles/rubber-hose/demo/main.js#23 ; doc:styles/rubber-hose/DEMO.md#76	Y
rubber-hose	story.js	84	活	doc(styles/rubber-hose/DEMO.md:74)	code:styles/rubber-hose/demo/events.js#2,styles/rubber-hose/demo/main.js#30,styles/rubber-hose/demo/music/score.py#6(+1) ; contract:lib/dub-visual.json#3591,lib/dub-visual.json#3596 ; doc:styles/rubber-hose/DEMO.md#74,styles/rubber-hose/DEMO.md#82,lib/style-dna/rubber-hose.json#15,lib/style-dna/rubber-hose.json#32(+56)	Y
rubber-hose	tools/final_asr.py	23	活	doc(styles/rubber-hose/DEMO.md:87)	code:styles/rubber-hose/demo/build.sh#14 ; orch:lemo-make.mjs:ORCH[tools/final_asr.py] ; doc:styles/rubber-hose/DEMO.md#87	N
rubber-hose	tools/still.mjs	28	活	doc(styles/rubber-hose/DEMO.md:83)	code:styles/rubber-hose/demo/build.sh#16,styles/rubber-hose/demo/build.sh#17,styles/rubber-hose/demo/build.sh#18(+1) ; orch:lemo-make.mjs:ORCH[tools/still.mjs] ; doc:styles/rubber-hose/DEMO.md#83,styles/rubber-hose/DEMO.md#85	Y
rubber-hose	tools/subs.mjs	11	活	doc(lib/style-skills/rubber-hose/SKILL.md:144)	code:styles/rubber-hose/demo/build.sh#11 ; orch:lemo-make.mjs:ORCH[tools/subs.mjs] ; doc:lib/style-skills/rubber-hose/SKILL.md#144	Y
rubber-hose	toon.js	159	活	doc(styles/rubber-hose/DEMO.md:71)	code:styles/rubber-hose/demo/bg.js#3,styles/rubber-hose/demo/cast.js#3,styles/rubber-hose/demo/chars.js#3(+3) ; doc:styles/rubber-hose/DEMO.md#71,styles/rubber-hose/STYLE.md#98,lib/style-dna/rubber-hose.json#7,lib/style-dna/rubber-hose.json#97(+37)	Y
rubber-hose	ui.js	49	活	doc(styles/rubber-hose/DEMO.md:76)	code:styles/rubber-hose/demo/main.js#32,styles/rubber-hose/demo/scenes.js#9,styles/rubber-hose/demo/sheet.js#5 ; contract:lib/dub-visual.json#3657 ; doc:styles/rubber-hose/DEMO.md#76,styles/rubber-hose/STYLE.md#98,lib/style-dna/rubber-hose.json#159,lib/style-dna/rubber-hose.json#160(+6)	Y
scifi-toon	asr.py	20	活	doc(styles/scifi-toon/DEMO.md:80)	code:styles/scifi-toon/demo/build.sh#8 ; doc:styles/scifi-toon/DEMO.md#80,styles/scifi-toon/DEMO.md#86,styles/scifi-toon/STYLE.md#107,lib/style-dna/scifi-toon.json#163(+10)	N
scifi-toon	build.sh	15	活	doc(styles/scifi-toon/DEMO.md:82)	glob:styles/*/demo/build.sh(exact) ; doc:styles/scifi-toon/DEMO.md#82,styles/scifi-toon/DEMO.md#89,lib/style-dna/scifi-toon.md#214,lib/style-skills/scifi-toon/SKILL.md#14(+9)	N
scifi-toon	chars.js	290	活	doc(styles/scifi-toon/DEMO.md:75)	code:styles/scifi-toon/demo/film.js#13,styles/scifi-toon/demo/worlds.js#5 ; contract:lib/dub-visual.json#3674 ; doc:styles/scifi-toon/DEMO.md#75,styles/scifi-toon/STYLE.md#107,lib/style-dna/scifi-toon.json#9,lib/style-dna/scifi-toon.json#10(+26) ; comment-only:styles/scifi-toon/demo/film.js#302	Y
scifi-toon	film.js	554	活	doc(lib/style-skills/scifi-toon/SKILL.md:38)	code:styles/scifi-toon/demo/main.js#13 ; contract:lib/dub-visual.json#3786 ; glob:film*.js(exact) ; doc:lib/style-skills/scifi-toon/SKILL.md#38,lib/style-skills/scifi-toon/SKILL.md#41,lib/style-skills/scifi-toon/SKILL.md#45,lib/style-skills/scifi-toon/SKILL.md#74(+15) ; comment-only:styles/scifi-toon/demo/main.js#2,styles/scifi-toon/demo/main.js#6	N
scifi-toon	levels.py	12	已声明入口	doc(styles/scifi-toon/DEMO.md:82)	doc:styles/scifi-toon/DEMO.md#82,styles/scifi-toon/DEMO.md#88,styles/scifi-toon/STYLE.md#107,lib/style-dna/scifi-toon.json#165(+5)	N
scifi-toon	main.js	19	活	doc(styles/scifi-toon/DEMO.md:78)	code:styles/scifi-toon/demo/index.html#6 ; contract:lib/dub-visual.json#3714,lib/dub-visual.json#3769,lib/dub-visual.json#3783 ; doc:styles/scifi-toon/DEMO.md#78,styles/scifi-toon/DEMO.md#87,lib/style-dna/scifi-toon.json#12,lib/style-dna/scifi-toon.json#13(+50)	Y
scifi-toon	mix.py	162	活	doc(styles/scifi-toon/DEMO.md:81)	code:styles/scifi-toon/demo/build.sh#11,styles/scifi-toon/demo/levels.py#3,styles/scifi-toon/demo/levels.py#4(+1) ; orch:lemo-make.mjs:ORCH[mix.py] ; doc:styles/scifi-toon/DEMO.md#81,styles/scifi-toon/DEMO.md#88,lib/style-dna/scifi-toon.json#84,lib/style-dna/scifi-toon.json#85(+28) ; comment-only:styles/scifi-toon/demo/film.js#509	N
scifi-toon	music/score.py	345	活	doc(styles/scifi-toon/DEMO.md:81)	code:styles/scifi-toon/demo/build.sh#10,styles/scifi-toon/demo/mix.py#2 ; orch:lemo-make.mjs:ORCH[music/score.py] ; doc:styles/scifi-toon/DEMO.md#81,styles/scifi-toon/DEMO.md#88,styles/scifi-toon/STYLE.md#107,lib/style-dna/scifi-toon.json#81(+18) ; comment-only:styles/scifi-toon/demo/film.js#509,styles/scifi-toon/demo/story.js#60	N
scifi-toon	sheet.sh	12	已声明入口	doc(styles/scifi-toon/DEMO.md:82)	doc:styles/scifi-toon/DEMO.md#82,styles/scifi-toon/DEMO.md#87,styles/scifi-toon/STYLE.md#107,lib/style-dna/scifi-toon.md#218(+2)	N
scifi-toon	srt.mjs	11	活	doc(styles/scifi-toon/DEMO.md:82)	code:styles/scifi-toon/demo/build.sh#12 ; doc:styles/scifi-toon/DEMO.md#82,lib/style-skills/scifi-toon/SKILL.md#93,lib/style-skills/scifi-toon/SKILL.md#145,lib/style-skills/scifi-toon/SKILL.md#169(+3)	Y
scifi-toon	story.js	77	活	doc(styles/scifi-toon/DEMO.md:77)	code:styles/scifi-toon/demo/film.js#15,styles/scifi-toon/demo/music/score.py#4 ; contract:lib/dub-visual.json#3719,lib/dub-visual.json#3785 ; doc:styles/scifi-toon/DEMO.md#77,styles/scifi-toon/DEMO.md#87,lib/style-dna/scifi-toon.json#34,lib/style-dna/scifi-toon.json#35(+46)	Y
scifi-toon	strip.sh	12	已声明入口	doc(styles/scifi-toon/DEMO.md:82)	doc:styles/scifi-toon/DEMO.md#82,styles/scifi-toon/DEMO.md#87,styles/scifi-toon/STYLE.md#107,lib/style-dna/scifi-toon.md#218(+2)	N
scifi-toon	toon.js	163	活	doc(styles/scifi-toon/DEMO.md:74)	code:styles/scifi-toon/demo/chars.js#4,styles/scifi-toon/demo/film.js#12,styles/scifi-toon/demo/main.js#3(+1) ; doc:styles/scifi-toon/DEMO.md#74,styles/scifi-toon/STYLE.md#107,lib/style-dna/scifi-toon.json#6,lib/style-dna/scifi-toon.json#7(+41) ; comment-only:styles/rubber-hose/demo/toon.js#1,styles/scifi-toon/demo/film.js#4,styles/scifi-toon/demo/film.js#19	Y
scifi-toon	voice.py	46	活	doc(styles/scifi-toon/DEMO.md:80)	code:styles/scifi-toon/demo/build.sh#7,styles/scifi-toon/demo/mix.py#2 ; orch:lemo-make.mjs:ORCH[voice.py] ; doc:styles/scifi-toon/DEMO.md#80,styles/scifi-toon/DEMO.md#86,styles/scifi-toon/STYLE.md#107,lib/style-dna/scifi-toon.json#85(+18) ; comment-only:lemo-make.mjs#1716	N
scifi-toon	worlds.js	381	活	doc(styles/scifi-toon/DEMO.md:76)	code:styles/scifi-toon/demo/film.js#14 ; contract:lib/dub-visual.json#3675 ; doc:styles/scifi-toon/DEMO.md#76,styles/scifi-toon/STYLE.md#107,lib/style-dna/scifi-toon.json#12,lib/style-dna/scifi-toon.json#101(+36)	Y
shadow-puppet	backstage.js	111	活	doc(styles/shadow-puppet/DEMO.md:76)	code:styles/shadow-puppet/demo/film.js#20,styles/shadow-puppet/demo/test.js#136 ; doc:styles/shadow-puppet/DEMO.md#76,styles/shadow-puppet/STYLE.md#110,lib/style-dna/shadow-puppet.json#180,lib/style-dna/shadow-puppet.json#181(+5)	Y
shadow-puppet	build.sh	18	活	doc(styles/shadow-puppet/DEMO.md:88)	glob:styles/*/demo/build.sh(exact) ; doc:styles/shadow-puppet/DEMO.md#88,lib/style-dna/shadow-puppet.json#220,lib/style-dna/shadow-puppet.json#221,lib/style-dna/shadow-puppet.json#222(+12)	N
shadow-puppet	carve.js	182	活	doc(styles/shadow-puppet/DEMO.md:71)	code:styles/shadow-puppet/demo/backstage.js#2,styles/shadow-puppet/demo/film.js#13,styles/shadow-puppet/demo/houyi.js#3(+4) ; contract:lib/dub-visual.json#3803 ; doc:styles/shadow-puppet/DEMO.md#71,styles/shadow-puppet/STYLE.md#110,lib/style-dna/shadow-puppet.json#160,lib/style-dna/shadow-puppet.json#161(+25)	Y
shadow-puppet	film.js	384	活	doc(lib/style-skills/shadow-puppet/SKILL.md:36)	code:styles/shadow-puppet/demo/main.js#5 ; contract:lib/dub-visual.json#3913 ; glob:film*.js(exact) ; doc:lib/style-skills/shadow-puppet/SKILL.md#36,lib/style-skills/shadow-puppet/SKILL.md#40,lib/style-skills/shadow-puppet/SKILL.md#43,lib/style-skills/shadow-puppet/SKILL.md#74(+4) ; comment-only:styles/shadow-puppet/demo/main.js#2,styles/shadow-puppet/demo/main.js#4	N
shadow-puppet	gl.js	135	活	doc(styles/shadow-puppet/DEMO.md:72)	code:styles/shadow-puppet/demo/film.js#12 ; doc:styles/shadow-puppet/DEMO.md#72,styles/shadow-puppet/STYLE.md#110,lib/style-dna/shadow-puppet.json#148,lib/style-dna/shadow-puppet.json#149(+29) ; comment-only:styles/shadow-puppet/demo/film.js#4,styles/shadow-puppet/demo/film.js#5,styles/shadow-puppet/demo/main.js#4	Y
shadow-puppet	houyi.js	322	活	doc(styles/shadow-puppet/DEMO.md:73)	code:styles/shadow-puppet/demo/film.js#15,styles/shadow-puppet/demo/test.js#2,styles/shadow-puppet/demo/test.js#118 ; doc:styles/shadow-puppet/DEMO.md#73,lib/style-dna/shadow-puppet.json#173,lib/style-dna/shadow-puppet.json#174,lib/style-dna/shadow-puppet.json#175(+12)	Y
shadow-puppet	hud.js	22	活	doc(styles/shadow-puppet/DEMO.md:78)	code:styles/shadow-puppet/demo/film.js#21,styles/shadow-puppet/demo/test.js#117 ; contract:lib/dub-visual.json#3804,lib/dub-visual.json#3883 ; doc:styles/shadow-puppet/DEMO.md#78,styles/shadow-puppet/STYLE.md#110,lib/style-dna/shadow-puppet.json#200,lib/style-dna/shadow-puppet.md#310(+3)	Y
shadow-puppet	main.js	12	活	doc(styles/shadow-puppet/DEMO.md:63)	code:styles/shadow-puppet/demo/index.html#6,styles/shadow-puppet/demo/tools/cues.py#1 ; doc:styles/shadow-puppet/DEMO.md#63,styles/shadow-puppet/DEMO.md#77,lib/style-dna/shadow-puppet.json#192,lib/style-dna/shadow-puppet.json#193(+18)	Y
shadow-puppet	mix.py	158	活	doc(styles/shadow-puppet/DEMO.md:79)	code:styles/shadow-puppet/demo/build.sh#10 ; orch:lemo-make.mjs:ORCH[mix.py] ; doc:styles/shadow-puppet/DEMO.md#79,styles/shadow-puppet/DEMO.md#86,lib/style-dna/shadow-puppet.json#123,lib/style-dna/shadow-puppet.json#126(+21) ; comment-only:styles/shadow-puppet/demo/film.js#360	N
shadow-puppet	music/score.py	298	活	doc(styles/shadow-puppet/DEMO.md:39)	code:styles/shadow-puppet/demo/build.sh#9,styles/shadow-puppet/demo/mix.py#138 ; orch:lemo-make.mjs:ORCH[music/score.py] ; doc:styles/shadow-puppet/DEMO.md#39,styles/shadow-puppet/DEMO.md#79,styles/shadow-puppet/DEMO.md#86,lib/style-dna/shadow-puppet.json#123(+28) ; comment-only:styles/shadow-puppet/demo/film.js#360	N
shadow-puppet	poses.js	9	活	doc(styles/shadow-puppet/DEMO.md:73)	code:styles/shadow-puppet/demo/film.js#16,styles/shadow-puppet/demo/test.js#3 ; doc:styles/shadow-puppet/DEMO.md#73,lib/style-skills/shadow-puppet/SKILL.md#158	Y
shadow-puppet	scenery.js	182	活	doc(styles/shadow-puppet/DEMO.md:74)	code:styles/shadow-puppet/demo/film.js#18,styles/shadow-puppet/demo/test.js#115 ; contract:lib/dub-visual.json#3906 ; doc:styles/shadow-puppet/DEMO.md#74,styles/shadow-puppet/STYLE.md#110,lib/style-dna/shadow-puppet.json#188,lib/style-dna/shadow-puppet.json#189(+7)	Y
shadow-puppet	stage.js	91	活	doc(styles/shadow-puppet/DEMO.md:63)	code:styles/shadow-puppet/demo/film.js#19 ; doc:styles/shadow-puppet/DEMO.md#63,styles/shadow-puppet/DEMO.md#75,styles/shadow-puppet/STYLE.md#110,lib/style-dna/shadow-puppet.json#183(+9)	Y
shadow-puppet	story.js	35	活	doc(styles/shadow-puppet/DEMO.md:35)	code:styles/shadow-puppet/demo/film.js#22,styles/shadow-puppet/demo/music/score.py#4,styles/shadow-puppet/demo/tools/cues.py#4 ; contract:lib/dub-visual.json#3843,lib/dub-visual.json#3908 ; doc:styles/shadow-puppet/DEMO.md#35,styles/shadow-puppet/DEMO.md#77,styles/shadow-puppet/DEMO.md#85,lib/style-dna/shadow-puppet.json#126(+21) ; comment-only:styles/shadow-puppet/demo/music/score.py#16	Y
shadow-puppet	suns.js	84	活	doc(styles/shadow-puppet/DEMO.md:74)	code:styles/shadow-puppet/demo/film.js#17,styles/shadow-puppet/demo/test.js#4,styles/shadow-puppet/demo/test.js#116 ; doc:styles/shadow-puppet/DEMO.md#74,lib/style-skills/shadow-puppet/SKILL.md#158	Y
shadow-puppet	test.js	155	活	doc(styles/shadow-puppet/DEMO.md:78)	code:styles/shadow-puppet/demo/film.js#34 ; contract:lib/dub-visual.json#3805 ; doc:styles/shadow-puppet/DEMO.md#78	Y
shadow-puppet	tools/cues.py	15	活	doc(styles/shadow-puppet/DEMO.md:80)	code:styles/shadow-puppet/demo/build.sh#11 ; orch:lemo-make.mjs:ORCH[tools/cues.py] ; doc:styles/shadow-puppet/DEMO.md#80,lib/style-dna/shadow-puppet.md#244,lib/style-dna/shadow-puppet.md#336,lib/style-skills/shadow-puppet/SKILL.md#89(+2)	N
shadow-puppet	tools/mux.sh	149	活	doc(styles/shadow-puppet/DEMO.md:80)	code:styles/shadow-puppet/demo/build.sh#13 ; glob:styles/*/demo/mux.sh(exact) ; orch:lemo-make.mjs:ORCH[tools/mux.sh] ; doc:styles/shadow-puppet/DEMO.md#80,styles/shadow-puppet/DEMO.md#88,lib/style-dna/shadow-puppet.json#223,lib/style-dna/shadow-puppet.md#245(+13)	N
shadow-puppet	tools/probe.mjs	18	已声明入口	doc(styles/shadow-puppet/DEMO.md:80)	doc:styles/shadow-puppet/DEMO.md#80	Y
silent-film	build.sh	27	活	doc(styles/silent-film/DEMO.md:100)	code:scripts/check-render-venc.mjs#310,scripts/patch-render-venc.mjs#186,scripts/patch-render-venc.mjs#270 ; glob:styles/*/demo/build.sh(exact) ; doc:styles/silent-film/DEMO.md#100,lib/style-dna/silent-film.json#253,lib/style-dna/silent-film.json#254,lib/style-dna/silent-film.json#255(+13)	N
silent-film	cardspecs.js	16	活	doc(styles/silent-film/DEMO.md:94)	code:styles/silent-film/demo/film.js#10 ; contract:lib/dub-visual.json#3958 ; doc:styles/silent-film/DEMO.md#94,lib/style-dna/silent-film.json#223,lib/style-dna/silent-film.json#224,lib/style-dna/silent-film.md#326(+13)	Y
silent-film	chars.js	256	活	doc(styles/silent-film/DEMO.md:91)	code:styles/silent-film/demo/frames.js#6,styles/silent-film/demo/poses.js#3,styles/silent-film/demo/scenes/market.js#5(+4) ; doc:styles/silent-film/DEMO.md#91,styles/silent-film/DEMO.md#113,lib/style-skills/silent-film/SKILL.md#170 ; comment-only:styles/silent-film/demo/engine/figure.js#198	Y
silent-film	engine/cards.js	107	活	doc(styles/silent-film/DEMO.md:90)	code:styles/silent-film/demo/film.js#7,styles/silent-film/demo/frames.js#8,styles/silent-film/demo/frames.js#82(+1) ; contract:lib/dub-visual.json#3926,lib/dub-visual.json#3995,lib/dub-visual.json#4009(+1) ; glob:styles/*/demo/**/*.js(exact) ; doc:styles/silent-film/DEMO.md#90,styles/silent-film/DEMO.md#112,styles/silent-film/STYLE.md#95,lib/style-dna/silent-film.json#152(+13)	Y
silent-film	engine/figure.js	418	活	doc(styles/silent-film/DEMO.md:71)	code:styles/silent-film/demo/chars.js#3,styles/silent-film/demo/frames.js#2,styles/silent-film/demo/poses.js#2(+4) ; glob:styles/*/demo/**/*.js(exact) ; doc:styles/silent-film/DEMO.md#71,styles/silent-film/DEMO.md#90,styles/silent-film/DEMO.md#113,styles/silent-film/STYLE.md#95(+22) ; comment-only:styles/silent-film/demo/poses.js#1	Y
silent-film	engine/film.js	181	活	doc(styles/silent-film/DEMO.md:90)	code:styles/silent-film/demo/film.js#6,styles/silent-film/demo/frames.js#4,styles/silent-film/demo/main.js#12(+1) ; glob:film*.js(exact),styles/*/demo/**/*.js(exact) ; doc:styles/silent-film/DEMO.md#90,styles/silent-film/DEMO.md#93,styles/silent-film/DEMO.md#111,styles/silent-film/DEMO.md#120(+52) ; comment-only:styles/silent-film/demo/engine/ink.js#2,styles/silent-film/demo/engine/ink.js#170,styles/silent-film/demo/shots.js#2	Y
silent-film	engine/heads.js	288	活	doc(styles/silent-film/DEMO.md:90)	code:styles/silent-film/demo/chars.js#4,styles/silent-film/demo/engine/figure.js#7 ; glob:styles/*/demo/**/*.js(exact) ; doc:styles/silent-film/DEMO.md#90,styles/silent-film/DEMO.md#113,styles/silent-film/STYLE.md#95,lib/style-dna/silent-film.json#152(+8)	Y
silent-film	engine/ink.js	249	活	doc(styles/silent-film/DEMO.md:89)	code:styles/silent-film/demo/chars.js#2,styles/silent-film/demo/engine/cards.js#2,styles/silent-film/demo/engine/figure.js#6(+10) ; contract:lib/dub-visual.json#3927 ; glob:styles/*/demo/**/*.js(exact) ; doc:styles/silent-film/DEMO.md#89,styles/silent-film/DEMO.md#109,styles/silent-film/DEMO.md#118,styles/silent-film/STYLE.md#95(+20) ; comment-only:styles/silent-film/demo/stage.js#13	Y
silent-film	engine/redraw.js	135	活	doc(styles/silent-film/DEMO.md:89)	code:styles/silent-film/demo/film.js#5,styles/silent-film/demo/frames.js#3,styles/silent-film/demo/sheets.js#26(+1) ; glob:styles/*/demo/**/*.js(exact) ; doc:styles/silent-film/DEMO.md#89,styles/silent-film/DEMO.md#110,styles/silent-film/DEMO.md#119,styles/silent-film/STYLE.md#95(+9) ; comment-only:styles/silent-film/demo/engine/ink.js#10	Y
silent-film	film.js	127	活	doc(styles/silent-film/DEMO.md:90)	code:styles/silent-film/demo/frames.js#4,styles/silent-film/demo/main.js#12,styles/silent-film/demo/stage.js#2 ; contract:lib/dub-visual.json#3928,lib/dub-visual.json#4011 ; glob:film*.js(exact) ; doc:styles/silent-film/DEMO.md#90,styles/silent-film/DEMO.md#93,styles/silent-film/DEMO.md#111,styles/silent-film/DEMO.md#120(+52) ; comment-only:styles/silent-film/demo/engine/ink.js#2,styles/silent-film/demo/engine/ink.js#170,styles/silent-film/demo/shots.js#2	Y
silent-film	frames.js	166	已声明入口	doc(styles/silent-film/DEMO.md:94)	doc:styles/silent-film/DEMO.md#94,lib/style-skills/silent-film/SKILL.md#193	Y
silent-film	main.js	26	活	doc(lib/style-dna/silent-film.json:228)	code:styles/silent-film/demo/index.html#6 ; doc:lib/style-dna/silent-film.json#228,lib/style-dna/silent-film.json#229,lib/style-dna/silent-film.md#212,lib/style-dna/silent-film.md#331(+4) ; comment-only:styles/silent-film/demo/film.js#15,styles/silent-film/demo/stage.js#6,styles/silent-film/demo/stage.js#24	Y
silent-film	mix.py	60	活	doc(styles/silent-film/DEMO.md:95)	code:styles/silent-film/demo/build.sh#16 ; orch:lemo-make.mjs:ORCH[mix.py] ; doc:styles/silent-film/DEMO.md#95,lib/style-dna/silent-film.json#37,lib/style-dna/silent-film.json#111,lib/style-dna/silent-film.json#231(+25)	N
silent-film	music/score.py	189	活	doc(styles/silent-film/DEMO.md:95)	code:styles/silent-film/demo/build.sh#14 ; orch:lemo-make.mjs:ORCH[music/score.py] ; doc:styles/silent-film/DEMO.md#95,lib/style-dna/silent-film.json#37,lib/style-dna/silent-film.json#111,lib/style-dna/silent-film.json#239(+34)	N
silent-film	poses.js	86	活	doc(styles/silent-film/DEMO.md:91)	code:styles/silent-film/demo/frames.js#7,styles/silent-film/demo/scenes/market.js#6,styles/silent-film/demo/sheets.js#49(+2) ; doc:styles/silent-film/DEMO.md#91,styles/silent-film/DEMO.md#113,lib/style-skills/silent-film/SKILL.md#170	Y
silent-film	scenes/market.js	125	活	doc(lib/style-skills/silent-film/SKILL.md:44)	code:styles/silent-film/demo/frames.js#81 ; doc:lib/style-skills/silent-film/SKILL.md#44	Y
silent-film	sets.js	189	活	doc(styles/silent-film/DEMO.md:91)	code:styles/silent-film/demo/scenes/market.js#3,styles/silent-film/demo/shots.js#3 ; doc:styles/silent-film/DEMO.md#91,lib/style-dna/silent-film.json#207,lib/style-dna/silent-film.json#208,lib/style-dna/silent-film.json#209(+10)	Y
silent-film	sheets.js	83	已声明入口	doc(lib/style-skills/silent-film/SKILL.md:193)	doc:lib/style-skills/silent-film/SKILL.md#193	Y
silent-film	shots.js	395	活	doc(styles/silent-film/DEMO.md:72)	code:styles/silent-film/demo/film.js#12 ; doc:styles/silent-film/DEMO.md#72,styles/silent-film/DEMO.md#92,lib/style-dna/silent-film.json#212,lib/style-dna/silent-film.json#213(+24)	Y
silent-film	stage.js	55	活	doc(lib/style-dna/silent-film.json:225)	code:styles/silent-film/demo/film.js#11,styles/silent-film/demo/main.js#2,styles/silent-film/demo/sheets.js#2 ; doc:lib/style-dna/silent-film.json#225,lib/style-dna/silent-film.json#226,lib/style-dna/silent-film.json#227,lib/style-dna/silent-film.md#328(+8) ; comment-only:styles/silent-film/demo/film.js#15	Y
silent-film	timeline.js	73	活	doc(styles/silent-film/DEMO.md:88)	code:styles/silent-film/demo/film.js#9,styles/silent-film/demo/shots.js#8,styles/silent-film/demo/tools/dump_timeline.mjs#4 ; doc:styles/silent-film/DEMO.md#88,styles/silent-film/DEMO.md#98,styles/silent-film/STYLE.md#95,lib/style-dna/silent-film.json#107(+20) ; comment-only:styles/silent-film/demo/scenes/market.js#2,styles/silent-film/demo/tools/dump_timeline.mjs#1	Y
silent-film	tools/cuecheck.py	10	活	doc(styles/silent-film/DEMO.md:96)	code:styles/silent-film/demo/build.sh#15 ; orch:lemo-make.mjs:ORCH[tools/cuecheck.py] ; doc:styles/silent-film/DEMO.md#96,lib/style-dna/silent-film.json#85,lib/style-dna/silent-film.json#111,lib/style-dna/silent-film.json#114(+12)	N
silent-film	tools/dump_timeline.mjs	7	活	doc(styles/silent-film/DEMO.md:88)	code:styles/silent-film/demo/build.sh#13 ; orch:lemo-make.mjs:ORCH[tools/dump_timeline.mjs] ; doc:styles/silent-film/DEMO.md#88,styles/silent-film/DEMO.md#96,lib/style-dna/silent-film.json#111,lib/style-dna/silent-film.json#253(+7)	Y
silent-film	tools/subs.py	10	活	doc(styles/silent-film/DEMO.md:96)	code:styles/silent-film/demo/build.sh#17 ; orch:lemo-make.mjs:ORCH[tools/subs.py] ; doc:styles/silent-film/DEMO.md#96,lib/style-dna/silent-film.json#111,lib/style-dna/silent-film.json#252,lib/style-dna/silent-film.md#198(+5)	N
silkscreen-poster	build.sh	18	活	doc(styles/silkscreen-poster/DEMO.md:75)	glob:styles/*/demo/build.sh(exact) ; doc:styles/silkscreen-poster/DEMO.md#75,styles/silkscreen-poster/DEMO.md#157,styles/silkscreen-poster/DEMO.md#176,lib/style-dna/silkscreen-poster.json#148(+14)	N
silkscreen-poster	engine/poster.js	226	活	doc(styles/silkscreen-poster/DEMO.md:83)	code:styles/silkscreen-poster/demo/film.js#4 ; contract:lib/dub-visual.json#4030,lib/dub-visual.json#4090,lib/dub-visual.json#4112 ; glob:styles/*/demo/**/*.js(exact) ; doc:styles/silkscreen-poster/DEMO.md#83,styles/silkscreen-poster/DEMO.md#117,styles/silkscreen-poster/STYLE.md#114,lib/style-dna/silkscreen-poster.json#104(+24)	Y
silkscreen-poster	engine/scenes.js	220	活	doc(styles/silkscreen-poster/DEMO.md:83)	code:styles/silkscreen-poster/demo/engine/poster.js#4 ; glob:styles/*/demo/**/*.js(exact) ; doc:styles/silkscreen-poster/DEMO.md#83,styles/silkscreen-poster/DEMO.md#117,styles/silkscreen-poster/STYLE.md#114,lib/style-dna/silkscreen-poster.json#104(+8)	Y
silkscreen-poster	engine/silk.js	302	活	doc(styles/silkscreen-poster/DEMO.md:83)	code:styles/silkscreen-poster/demo/engine/poster.js#3,styles/silkscreen-poster/demo/engine/scenes.js#7,styles/silkscreen-poster/demo/film.js#3 ; contract:lib/dub-visual.json#4029,lib/dub-visual.json#4109 ; glob:styles/*/demo/**/*.js(exact) ; doc:styles/silkscreen-poster/DEMO.md#83,styles/silkscreen-poster/DEMO.md#103,styles/silkscreen-poster/DEMO.md#121,styles/silkscreen-poster/STYLE.md#114(+3)	Y
silkscreen-poster	film.js	468	活	doc(styles/silkscreen-poster/DEMO.md:83)	code:styles/silkscreen-poster/demo/main.js#1 ; contract:lib/dub-visual.json#4031 ; glob:film*.js(exact) ; doc:styles/silkscreen-poster/DEMO.md#83,styles/silkscreen-poster/DEMO.md#139,styles/silkscreen-poster/STYLE.md#114,lib/style-dna/silkscreen-poster.json#103(+51) ; comment-only:scripts/check-ref-lines.mjs#357,scripts/check-ref-lines.mjs#868	Y
silkscreen-poster	main.js	14	活	doc(lib/style-dna/silkscreen-poster.json:105)	code:styles/silkscreen-poster/demo/index.html#6 ; contract:lib/dub-visual.json#4059 ; doc:lib/style-dna/silkscreen-poster.json#105,lib/style-dna/silkscreen-poster.md#206,lib/style-skills/silkscreen-poster/SKILL.md#44,lib/style-skills/silkscreen-poster/SKILL.md#147	Y
silkscreen-poster	mix.py	186	活	doc(styles/silkscreen-poster/DEMO.md:79)	code:styles/silkscreen-poster/demo/build.sh#11 ; orch:lemo-make.mjs:ORCH[mix.py] ; doc:styles/silkscreen-poster/DEMO.md#79,styles/silkscreen-poster/DEMO.md#83,lib/style-dna/silkscreen-poster.json#106,lib/style-dna/silkscreen-poster.json#141(+19)	N
silkscreen-poster	music/compose.py	295	活	doc(styles/silkscreen-poster/DEMO.md:78)	code:styles/silkscreen-poster/demo/build.sh#10,styles/silkscreen-poster/demo/mix.py#3 ; orch:lemo-make.mjs:ORCH[music/compose.py] ; doc:styles/silkscreen-poster/DEMO.md#78,styles/silkscreen-poster/DEMO.md#83,lib/style-dna/silkscreen-poster.json#144,lib/style-dna/silkscreen-poster.json#145(+16)	N
silkscreen-poster	tools/cuecheck.py	16	活	doc(styles/silkscreen-poster/DEMO.md:80)	code:styles/silkscreen-poster/demo/build.sh#12 ; orch:lemo-make.mjs:ORCH[tools/cuecheck.py] ; doc:styles/silkscreen-poster/DEMO.md#80,lib/style-dna/silkscreen-poster.json#147,lib/style-dna/silkscreen-poster.md#243,lib/style-dna/silkscreen-poster.md#293(+5)	N
silkscreen-poster	tools/timeline.mjs	10	活	doc(styles/silkscreen-poster/DEMO.md:76)	code:styles/silkscreen-poster/demo/build.sh#8 ; doc:styles/silkscreen-poster/DEMO.md#76,lib/style-dna/silkscreen-poster.json#105,lib/style-dna/silkscreen-poster.json#146,lib/style-dna/silkscreen-poster.md#207(+5)	Y
spy-titles	build.sh	17	活	doc(styles/spy-titles/DEMO.md:103)	glob:styles/*/demo/build.sh(exact) ; doc:styles/spy-titles/DEMO.md#103,lib/style-dna/spy-titles.md#236,lib/style-skills/spy-titles/SKILL.md#14,lib/style-skills/spy-titles/SKILL.md#133(+4)	N
spy-titles	chars.js	322	活	doc(styles/spy-titles/DEMO.md:91)	code:styles/spy-titles/demo/film.js#4,styles/spy-titles/demo/frames.js#4,styles/spy-titles/demo/main.js#3(+3) ; doc:styles/spy-titles/DEMO.md#91,styles/spy-titles/STYLE.md#102,lib/style-dna/spy-titles.md#224,lib/style-skills/spy-titles/SKILL.md#173	Y
spy-titles	film.js	485	活	doc(styles/spy-titles/DEMO.md:94)	code:styles/spy-titles/demo/main.js#6 ; contract:lib/dub-visual.json#4189,lib/dub-visual.json#4204 ; glob:film*.js(exact) ; doc:styles/spy-titles/DEMO.md#94,styles/spy-titles/STYLE.md#102,lib/style-dna/spy-titles.json#16,lib/style-dna/spy-titles.json#34(+40) ; comment-only:styles/spy-titles/demo/main.js#19,styles/spy-titles/demo/scenes.js#1,styles/spy-titles/demo/tools/subs.py#1	Y
spy-titles	frames.js	198	活	doc(styles/spy-titles/DEMO.md:95)	code:styles/spy-titles/demo/film.js#8,styles/spy-titles/demo/main.js#5 ; contract:lib/dub-visual.json#4226 ; doc:styles/spy-titles/DEMO.md#95,lib/style-dna/spy-titles.json#98,lib/style-dna/spy-titles.md#178,lib/style-skills/spy-titles/SKILL.md#45(+4)	Y
spy-titles	glyph.js	66	活	doc(styles/spy-titles/DEMO.md:90)	code:styles/spy-titles/demo/film.js#3,styles/spy-titles/demo/frames.js#3,styles/spy-titles/demo/main.js#2(+2) ; doc:styles/spy-titles/DEMO.md#90,styles/spy-titles/STYLE.md#102,lib/style-dna/spy-titles.json#13,lib/style-dna/spy-titles.json#99(+11)	Y
spy-titles	main.js	48	活	doc(lib/style-dna/spy-titles.json:100)	code:styles/spy-titles/demo/index.html#7 ; contract:lib/dub-visual.json#4164 ; doc:lib/style-dna/spy-titles.json#100,lib/style-dna/spy-titles.md#193,lib/style-skills/spy-titles/SKILL.md#45,lib/style-skills/spy-titles/SKILL.md#139(+1)	Y
spy-titles	mix.py	164	活	doc(styles/spy-titles/DEMO.md:96)	code:styles/spy-titles/demo/build.sh#10 ; orch:lemo-make.mjs:ORCH[mix.py] ; doc:styles/spy-titles/DEMO.md#96,styles/spy-titles/DEMO.md#101,lib/style-dna/spy-titles.json#36,lib/style-dna/spy-titles.json#83(+16) ; comment-only:styles/spy-titles/demo/film.js#447	N
spy-titles	music/score.py	340	活	doc(styles/spy-titles/DEMO.md:96)	code:styles/spy-titles/demo/build.sh#8 ; orch:lemo-make.mjs:ORCH[music/score.py] ; doc:styles/spy-titles/DEMO.md#96,styles/spy-titles/DEMO.md#101,lib/style-dna/spy-titles.md#229,lib/style-dna/spy-titles.md#234(+5)	N
spy-titles	paper.js	168	活	doc(styles/spy-titles/DEMO.md:89)	code:styles/spy-titles/demo/chars.js#3,styles/spy-titles/demo/film.js#2,styles/spy-titles/demo/frames.js#2(+5) ; contract:lib/dub-visual.json#4129,lib/dub-visual.json#4223 ; doc:styles/spy-titles/DEMO.md#89,styles/spy-titles/STYLE.md#102,lib/style-dna/spy-titles.json#6,lib/style-dna/spy-titles.json#7(+37)	Y
spy-titles	scenes.js	301	活	doc(styles/spy-titles/DEMO.md:93)	code:styles/spy-titles/demo/film.js#6,styles/spy-titles/demo/film.js#7,styles/spy-titles/demo/main.js#7 ; doc:styles/spy-titles/DEMO.md#93,lib/style-dna/spy-titles.md#226,lib/style-skills/spy-titles/SKILL.md#45,lib/style-skills/spy-titles/SKILL.md#139(+2)	Y
spy-titles	sheet.js	116	活	doc(styles/spy-titles/DEMO.md:95)	code:styles/spy-titles/demo/main.js#4 ; doc:styles/spy-titles/DEMO.md#95	Y
spy-titles	story.js	22	活	doc(styles/spy-titles/DEMO.md:94)	code:styles/spy-titles/demo/film.js#9 ; doc:styles/spy-titles/DEMO.md#94,styles/spy-titles/STYLE.md#102,lib/style-dna/spy-titles.json#34,lib/style-dna/spy-titles.json#35(+25) ; comment-only:styles/spy-titles/demo/film.js#1	Y
spy-titles	title.js	96	活	doc(styles/spy-titles/DEMO.md:92)	code:styles/spy-titles/demo/film.js#5,styles/spy-titles/demo/frames.js#5,styles/spy-titles/demo/main.js#8(+1) ; contract:lib/dub-visual.json#4226 ; doc:styles/spy-titles/DEMO.md#92,styles/spy-titles/STYLE.md#102,lib/style-dna/spy-titles.json#13,lib/style-dna/spy-titles.json#98(+10)	Y
spy-titles	tools/mux.sh	148	活	doc(styles/spy-titles/DEMO.md:103)	code:styles/spy-titles/demo/build.sh#13 ; glob:styles/*/demo/mux.sh(exact) ; orch:lemo-make.mjs:ORCH[tools/mux.sh] ; doc:styles/spy-titles/DEMO.md#103,lib/style-dna/spy-titles.md#236,lib/style-skills/spy-titles/SKILL.md#140,lib/style-skills/spy-titles/SKILL.md#141(+7) ; comment-only:styles/spy-titles/demo/build.sh#13	N
spy-titles	tools/subs.py	8	活	doc(lib/style-skills/spy-titles/SKILL.md:143)	code:styles/spy-titles/demo/build.sh#11 ; orch:lemo-make.mjs:ORCH[tools/subs.py] ; doc:lib/style-skills/spy-titles/SKILL.md#143,lib/style-skills/spy-titles/SKILL.md#148	N
spy-titles	vendor/opentype.min.js	2	活	self-header(usage)	code:styles/spy-titles/demo/index.html#5 ; glob:styles/*/demo/**/*.js(exact)	N
stained-glass	build.sh	17	活	doc(styles/stained-glass/DEMO.md:100)	glob:styles/*/demo/build.sh(exact) ; doc:styles/stained-glass/DEMO.md#100,styles/stained-glass/DEMO.md#107,lib/style-dna/stained-glass.md#245,lib/style-dna/stained-glass.md#252(+6)	N
stained-glass	comp.js	194	活	doc(styles/stained-glass/DEMO.md:95)	code:styles/stained-glass/demo/main.js#1 ; doc:styles/stained-glass/DEMO.md#95,styles/stained-glass/STYLE.md#109,lib/style-dna/stained-glass.json#6,lib/style-dna/stained-glass.json#7(+22)	Y
stained-glass	dragon.js	265	活	doc(styles/stained-glass/DEMO.md:81)	code:styles/stained-glass/demo/frames.js#3,styles/stained-glass/demo/story.js#4,styles/stained-glass/demo/test.js#4(+1) ; doc:styles/stained-glass/DEMO.md#81,styles/stained-glass/DEMO.md#96,styles/stained-glass/STYLE.md#109,lib/style-dna/stained-glass.json#101(+6)	Y
stained-glass	film.js	15	活	doc(lib/style-skills/stained-glass/SKILL.md:45)	code:styles/stained-glass/demo/main.js#7,styles/stained-glass/demo/scene.js#6,styles/stained-glass/demo/subs.js#5 ; glob:film*.js(exact) ; doc:lib/style-skills/stained-glass/SKILL.md#45,lib/style-skills/stained-glass/SKILL.md#148,lib/style-skills/stained-glass/SKILL.md#177,lib/style-skills/stained-glass/_distill.json#28(+1)	N
stained-glass	frames.js	29	活	doc(styles/stained-glass/DEMO.md:99)	code:styles/stained-glass/demo/main.js#4 ; doc:styles/stained-glass/DEMO.md#99,styles/stained-glass/STYLE.md#109,lib/style-dna/stained-glass.md#244	Y
stained-glass	glass.js	209	活	doc(styles/stained-glass/DEMO.md:95)	code:styles/stained-glass/demo/dragon.js#3,styles/stained-glass/demo/knight.js#3,styles/stained-glass/demo/scene.js#4(+4) ; contract:lib/dub-visual.json#4243 ; doc:styles/stained-glass/DEMO.md#95,styles/stained-glass/STYLE.md#109,lib/style-dna/stained-glass.json#9,lib/style-dna/stained-glass.json#10(+34)	Y
stained-glass	knight.js	202	活	doc(styles/stained-glass/DEMO.md:81)	code:styles/stained-glass/demo/frames.js#2,styles/stained-glass/demo/story.js#3,styles/stained-glass/demo/test.js#3(+1) ; doc:styles/stained-glass/DEMO.md#81,styles/stained-glass/DEMO.md#96,styles/stained-glass/STYLE.md#109,lib/style-dna/stained-glass.json#101(+6)	Y
stained-glass	main.js	35	活	doc(lib/style-dna/stained-glass.json:102)	code:styles/stained-glass/demo/index.html#6 ; doc:lib/style-dna/stained-glass.json#102,lib/style-dna/stained-glass.md#207,lib/style-skills/stained-glass/SKILL.md#45,lib/style-skills/stained-glass/SKILL.md#148(+2) ; comment-only:styles/stained-glass/demo/film.js#2,styles/stained-glass/demo/film.js#13	Y
stained-glass	mix.py	137	活	doc(styles/stained-glass/DEMO.md:100)	code:styles/stained-glass/demo/build.sh#10 ; orch:lemo-make.mjs:ORCH[mix.py] ; doc:styles/stained-glass/DEMO.md#100,styles/stained-glass/DEMO.md#105,styles/stained-glass/STYLE.md#109,lib/style-dna/stained-glass.json#38(+26)	N
stained-glass	music/score.py	144	活	doc(styles/stained-glass/DEMO.md:54)	code:styles/stained-glass/demo/build.sh#9 ; orch:lemo-make.mjs:ORCH[music/score.py] ; doc:styles/stained-glass/DEMO.md#54,styles/stained-glass/DEMO.md#100,styles/stained-glass/DEMO.md#105,styles/stained-glass/STYLE.md#109(+6)	N
stained-glass	scene.js	104	活	doc(styles/stained-glass/DEMO.md:97)	code:styles/stained-glass/demo/main.js#3 ; doc:styles/stained-glass/DEMO.md#97,styles/stained-glass/STYLE.md#109,lib/style-dna/stained-glass.json#15,lib/style-dna/stained-glass.json#102(+14)	Y
stained-glass	story.js	215	活	doc(styles/stained-glass/DEMO.md:98)	code:styles/stained-glass/demo/main.js#5 ; contract:lib/dub-visual.json#4279,lib/dub-visual.json#4342 ; doc:styles/stained-glass/DEMO.md#98,lib/style-dna/stained-glass.json#8,lib/style-dna/stained-glass.json#18,lib/style-dna/stained-glass.json#36(+53)	Y
stained-glass	subs.js	31	活	doc(styles/stained-glass/DEMO.md:99)	code:styles/stained-glass/demo/main.js#6 ; contract:lib/dub-styles.json#3327,lib/dub-visual.json#4319 ; doc:styles/stained-glass/DEMO.md#99,styles/stained-glass/STYLE.md#109,lib/style-dna/stained-glass.json#18,lib/style-dna/stained-glass.json#150(+9)	Y
stained-glass	subs_export.py	9	活	doc(styles/stained-glass/DEMO.md:100)	code:styles/stained-glass/demo/build.sh#11 ; orch:lemo-make.mjs:ORCH[subs_export.py] ; doc:styles/stained-glass/DEMO.md#100,styles/stained-glass/DEMO.md#105,lib/style-dna/stained-glass.md#245,lib/style-dna/stained-glass.md#250(+9)	N
stained-glass	test.js	121	活	doc(styles/stained-glass/DEMO.md:99)	code:styles/stained-glass/demo/main.js#2 ; contract:lib/dub-styles.json#3327,lib/dub-visual.json#4244 ; doc:styles/stained-glass/DEMO.md#99,styles/stained-glass/STYLE.md#109,lib/style-dna/stained-glass.md#244,lib/style-skills/stained-glass/SKILL.md#68(+3)	Y
stained-glass	tools/final_asr.py	19	活	self-header(docstring)	orch:lemo-make.mjs:ORCH[tools/final_asr.py]	N
stained-glass	tools/mux.sh	148	活	doc(styles/stained-glass/DEMO.md:107)	code:styles/stained-glass/demo/build.sh#13 ; glob:styles/*/demo/mux.sh(exact) ; orch:lemo-make.mjs:ORCH[tools/mux.sh] ; doc:styles/stained-glass/DEMO.md#107,lib/style-dna/stained-glass.md#252,lib/style-skills/stained-glass/SKILL.md#149,lib/style-skills/stained-glass/SKILL.md#150(+10)	N
stained-glass	window.js	281	活	doc(styles/stained-glass/DEMO.md:97)	code:styles/stained-glass/demo/frames.js#4,styles/stained-glass/demo/scene.js#5,styles/stained-glass/demo/story.js#5(+1) ; doc:styles/stained-glass/DEMO.md#97,styles/stained-glass/STYLE.md#109,lib/style-dna/stained-glass.json#100,lib/style-dna/stained-glass.md#193(+8)	Y
swiss-motion	build.sh	17	活	doc(styles/swiss-motion/DEMO.md:122)	glob:styles/*/demo/build.sh(exact) ; doc:styles/swiss-motion/DEMO.md#122,styles/swiss-motion/DEMO.md#129,lib/style-dna/swiss-motion.md#220,lib/style-dna/swiss-motion.md#227(+8)	N
swiss-motion	ease.js	44	活	doc(styles/swiss-motion/DEMO.md:117)	code:styles/swiss-motion/demo/film.js#3 ; contract:lib/dub-visual.json#4363 ; doc:styles/swiss-motion/DEMO.md#117,styles/swiss-motion/STYLE.md#101,lib/style-dna/swiss-motion.json#32,lib/style-dna/swiss-motion.json#96(+22)	Y
swiss-motion	film.js	555	活	doc(styles/swiss-motion/DEMO.md:118)	code:styles/swiss-motion/demo/main.js#1,styles/swiss-motion/demo/score.json#22,styles/swiss-motion/demo/tools/subs.py#1 ; contract:lib/dub-visual.json#4362,lib/dub-visual.json#4405,lib/dub-visual.json#4433(+4) ; glob:film*.js(exact) ; doc:styles/swiss-motion/DEMO.md#118,styles/swiss-motion/STYLE.md#101,lib/style-dna/swiss-motion.json#6,lib/style-dna/swiss-motion.json#11(+72) ; comment-only:styles/swiss-motion/demo/main.js#10	Y
swiss-motion	main.js	21	活	doc(styles/swiss-motion/DEMO.md:119)	code:styles/swiss-motion/demo/index.html#6 ; contract:lib/dub-visual.json#4400 ; doc:styles/swiss-motion/DEMO.md#119,styles/swiss-motion/STYLE.md#101,lib/style-dna/swiss-motion.json#97,lib/style-dna/swiss-motion.md#188(+2)	Y
swiss-motion	mix.py	117	活	doc(styles/swiss-motion/DEMO.md:121)	code:styles/swiss-motion/demo/build.sh#11 ; orch:lemo-make.mjs:ORCH[mix.py] ; doc:styles/swiss-motion/DEMO.md#121,styles/swiss-motion/DEMO.md#128,lib/style-dna/swiss-motion.json#79,lib/style-dna/swiss-motion.json#80(+14) ; comment-only:styles/swiss-motion/demo/film.js#523	N
swiss-motion	music/score.py	169	活	doc(styles/swiss-motion/DEMO.md:121)	code:styles/swiss-motion/demo/build.sh#9,styles/swiss-motion/demo/score.json#22 ; orch:lemo-make.mjs:ORCH[music/score.py] ; doc:styles/swiss-motion/DEMO.md#121,styles/swiss-motion/DEMO.md#128,lib/style-dna/swiss-motion.md#219,lib/style-dna/swiss-motion.md#226(+5)	N
swiss-motion	tools/subs.py	12	活	doc(styles/swiss-motion/DEMO.md:107)	code:styles/swiss-motion/demo/build.sh#12 ; orch:lemo-make.mjs:ORCH[tools/subs.py] ; doc:styles/swiss-motion/DEMO.md#107,styles/swiss-motion/DEMO.md#122,styles/swiss-motion/STYLE.md#101,lib/style-dna/swiss-motion.md#220(+4)	N
swiss-motion	tools/words.py	21	活	doc(styles/swiss-motion/DEMO.md:106)	code:styles/swiss-motion/demo/build.sh#8 ; orch:lemo-make.mjs:ORCH[tools/words.py] ; doc:styles/swiss-motion/DEMO.md#106,styles/swiss-motion/DEMO.md#120,styles/swiss-motion/DEMO.md#127,styles/swiss-motion/STYLE.md#101(+10)	N
tilt-shift	build.sh	27	活	doc(styles/tilt-shift/DEMO.md:71)	glob:styles/*/demo/build.sh(exact) ; doc:styles/tilt-shift/DEMO.md#71,lib/style-dna/tilt-shift.md#213,lib/style-skills/tilt-shift/SKILL.md#14,lib/style-skills/tilt-shift/SKILL.md#135(+8)	N
tilt-shift	city.js	532	活	doc(styles/tilt-shift/DEMO.md:63)	code:styles/tilt-shift/demo/ducks.js#5,styles/tilt-shift/demo/main.js#5,styles/tilt-shift/demo/sky.js#3(+2) ; contract:lib/dub-visual.json#4482 ; doc:styles/tilt-shift/DEMO.md#63,styles/tilt-shift/STYLE.md#93,lib/style-dna/tilt-shift.json#94,lib/style-dna/tilt-shift.json#95(+7)	Y
tilt-shift	ducks.js	139	活	doc(styles/tilt-shift/DEMO.md:66)	code:styles/tilt-shift/demo/main.js#10 ; doc:styles/tilt-shift/DEMO.md#66,styles/tilt-shift/STYLE.md#93,lib/style-dna/tilt-shift.json#11,lib/style-dna/tilt-shift.json#94(+20)	Y
tilt-shift	film.js	12	活	doc(lib/style-skills/tilt-shift/SKILL.md:43)	glob:film*.js(exact) ; doc:lib/style-skills/tilt-shift/SKILL.md#43,lib/style-skills/tilt-shift/SKILL.md#56,lib/style-skills/tilt-shift/SKILL.md#141,lib/style-skills/tilt-shift/SKILL.md#169(+4)	N
tilt-shift	geo.js	108	活	doc(styles/tilt-shift/DEMO.md:64)	code:styles/tilt-shift/demo/city.js#3 ; doc:styles/tilt-shift/DEMO.md#64,styles/tilt-shift/STYLE.md#93,lib/style-dna/tilt-shift.json#94,lib/style-dna/tilt-shift.json#95(+7)	Y
tilt-shift	main.js	445	活	doc(styles/tilt-shift/DEMO.md:67)	code:styles/tilt-shift/demo/index.html#41 ; contract:lib/dub-visual.json#4558,lib/dub-visual.json#4584 ; doc:styles/tilt-shift/DEMO.md#67,styles/tilt-shift/STYLE.md#93,styles/tilt-shift/STYLE.md#106,lib/style-dna/tilt-shift.json#96(+4) ; comment-only:styles/tilt-shift/demo/film.js#2,styles/tilt-shift/demo/film.js#3	Y
tilt-shift	mix.py	142	活	doc(styles/tilt-shift/DEMO.md:67)	code:styles/tilt-shift/demo/build.sh#16 ; orch:lemo-make.mjs:ORCH[mix.py] ; doc:styles/tilt-shift/DEMO.md#67,lib/style-dna/tilt-shift.json#79,lib/style-dna/tilt-shift.json#80,lib/style-dna/tilt-shift.json#96(+21)	N
tilt-shift	music/score.py	282	活	doc(styles/tilt-shift/DEMO.md:33)	code:styles/tilt-shift/demo/build.sh#14 ; orch:lemo-make.mjs:ORCH[music/score.py] ; doc:styles/tilt-shift/DEMO.md#33,styles/tilt-shift/DEMO.md#68,styles/tilt-shift/STYLE.md#93,lib/style-dna/tilt-shift.md#210(+2)	N
tilt-shift	post.js	130	活	doc(styles/tilt-shift/DEMO.md:63)	code:styles/tilt-shift/demo/main.js#3 ; doc:styles/tilt-shift/DEMO.md#63,styles/tilt-shift/STYLE.md#15,styles/tilt-shift/STYLE.md#93,lib/style-dna/tilt-shift.json#7(+21)	Y
tilt-shift	sky.js	85	活	doc(styles/tilt-shift/DEMO.md:64)	code:styles/tilt-shift/demo/main.js#6 ; contract:lib/dub-visual.json#4483 ; doc:styles/tilt-shift/DEMO.md#64,styles/tilt-shift/STYLE.md#93,lib/style-dna/tilt-shift.json#94,lib/style-dna/tilt-shift.md#171(+3)	Y
tilt-shift	story.js	60	活	doc(styles/tilt-shift/DEMO.md:66)	code:styles/tilt-shift/demo/main.js#9 ; contract:lib/dub-visual.json#4520,lib/dub-visual.json#4577,lib/dub-visual.json#4579 ; doc:styles/tilt-shift/DEMO.md#66,lib/style-dna/tilt-shift.json#32,lib/style-dna/tilt-shift.json#33,lib/style-dna/tilt-shift.json#94(+38)	Y
tilt-shift	subs.mjs	9	活	doc(styles/tilt-shift/DEMO.md:68)	code:styles/tilt-shift/demo/build.sh#11 ; orch:lemo-make.mjs:ORCH[subs.mjs] ; doc:styles/tilt-shift/DEMO.md#68,lib/style-dna/tilt-shift.json#96,lib/style-dna/tilt-shift.md#183,lib/style-dna/tilt-shift.md#210(+4)	Y
tilt-shift	traffic.js	275	活	doc(styles/tilt-shift/DEMO.md:65)	code:styles/tilt-shift/demo/main.js#7 ; doc:styles/tilt-shift/DEMO.md#65,styles/tilt-shift/STYLE.md#93,lib/style-dna/tilt-shift.json#94,lib/style-dna/tilt-shift.json#95(+7)	Y
tilt-shift	train.js	48	活	doc(styles/tilt-shift/DEMO.md:65)	code:styles/tilt-shift/demo/main.js#8 ; doc:styles/tilt-shift/DEMO.md#65,styles/tilt-shift/STYLE.md#93,lib/style-dna/tilt-shift.json#95,lib/style-dna/tilt-shift.md#179(+3)	Y
ukiyoe	build.sh	15	活	doc(styles/ukiyoe/DEMO.md:109)	glob:styles/*/demo/build.sh(exact) ; doc:styles/ukiyoe/DEMO.md#109,styles/ukiyoe/DEMO.md#118,lib/style-dna/ukiyoe.md#229,lib/style-dna/ukiyoe.md#238(+9)	N
ukiyoe	check_asr.py	17	活	doc(styles/ukiyoe/DEMO.md:116)	code:styles/ukiyoe/demo/build.sh#14 ; doc:styles/ukiyoe/DEMO.md#116,lib/style-dna/ukiyoe.md#236	N
ukiyoe	film.js	319	活	doc(lib/style-skills/ukiyoe/SKILL.md:44)	code:styles/ukiyoe/demo/main.js#13 ; contract:lib/dub-visual.json#4709,lib/dub-visual.json#4710,lib/dub-visual.json#4714 ; glob:film*.js(exact) ; doc:lib/style-skills/ukiyoe/SKILL.md#44,lib/style-skills/ukiyoe/SKILL.md#61,lib/style-skills/ukiyoe/SKILL.md#138,lib/style-skills/ukiyoe/SKILL.md#165(+2) ; comment-only:styles/ukiyoe/demo/main.js#4	N
ukiyoe	main.js	21	活	doc(styles/ukiyoe/DEMO.md:107)	code:styles/ukiyoe/demo/index.html#6,styles/ukiyoe/demo/subs.py#1 ; contract:lib/dub-visual.json#4598,lib/dub-visual.json#4641,lib/dub-visual.json#4688(+1) ; doc:styles/ukiyoe/DEMO.md#107,styles/ukiyoe/STYLE.md#98,lib/style-dna/ukiyoe.json#99,lib/style-dna/ukiyoe.md#193(+4) ; comment-only:styles/ukiyoe/demo/film.js#2	Y
ukiyoe	mix.py	170	活	doc(styles/ukiyoe/DEMO.md:108)	code:styles/ukiyoe/demo/build.sh#10 ; orch:lemo-make.mjs:ORCH[mix.py] ; doc:styles/ukiyoe/DEMO.md#108,styles/ukiyoe/DEMO.md#114,lib/style-dna/ukiyoe.json#37,lib/style-dna/ukiyoe.json#81(+29)	N
ukiyoe	music/score.py	302	活	doc(styles/ukiyoe/DEMO.md:43)	code:styles/ukiyoe/demo/build.sh#9,styles/ukiyoe/demo/mix.py#2 ; orch:lemo-make.mjs:ORCH[music/score.py] ; doc:styles/ukiyoe/DEMO.md#43,styles/ukiyoe/DEMO.md#108,styles/ukiyoe/DEMO.md#114,styles/ukiyoe/STYLE.md#98(+5)	N
ukiyoe	nature.js	187	活	doc(styles/ukiyoe/DEMO.md:103)	code:styles/ukiyoe/demo/views.js#5,styles/ukiyoe/demo/wave.js#4 ; doc:styles/ukiyoe/DEMO.md#103,styles/ukiyoe/STYLE.md#98,lib/style-dna/ukiyoe.json#98,lib/style-dna/ukiyoe.md#189(+6)	Y
ukiyoe	print.js	296	活	doc(styles/ukiyoe/DEMO.md:102)	code:styles/ukiyoe/demo/film.js#10,styles/ukiyoe/demo/main.js#5,styles/ukiyoe/demo/nature.js#3(+3) ; contract:lib/dub-styles.json#3327,lib/dub-visual.json#4597,lib/dub-visual.json#4710 ; doc:styles/ukiyoe/DEMO.md#102,styles/ukiyoe/STYLE.md#98,lib/style-dna/ukiyoe.json#6,lib/style-dna/ukiyoe.json#8(+58) ; comment-only:scripts/check-ref-lines.mjs#365,scripts/check-ref-lines.mjs#876,styles/ukiyoe/demo/main.js#4	Y
ukiyoe	story.js	34	活	doc(styles/ukiyoe/DEMO.md:107)	code:styles/ukiyoe/demo/film.js#14,styles/ukiyoe/demo/subs.py#5,styles/ukiyoe/demo/views.js#7 ; contract:lib/dub-visual.json#4646 ; doc:styles/ukiyoe/DEMO.md#107,lib/style-dna/ukiyoe.json#35,lib/style-dna/ukiyoe.json#36,lib/style-dna/ukiyoe.json#97(+31)	Y
ukiyoe	subs.py	9	活	doc(styles/ukiyoe/DEMO.md:108)	code:styles/ukiyoe/demo/build.sh#11 ; orch:lemo-make.mjs:ORCH[subs.py] ; doc:styles/ukiyoe/DEMO.md#108,lib/style-dna/ukiyoe.json#99,lib/style-dna/ukiyoe.md#193,lib/style-dna/ukiyoe.md#228(+4)	N
ukiyoe	traveler.js	187	活	doc(styles/ukiyoe/DEMO.md:104)	code:styles/ukiyoe/demo/film.js#12,styles/ukiyoe/demo/views.js#6 ; doc:styles/ukiyoe/DEMO.md#104,styles/ukiyoe/STYLE.md#98,lib/style-dna/ukiyoe.json#98,lib/style-dna/ukiyoe.md#189(+5)	Y
ukiyoe	views.js	399	活	doc(styles/ukiyoe/DEMO.md:105)	code:styles/ukiyoe/demo/film.js#11 ; doc:styles/ukiyoe/DEMO.md#105,styles/ukiyoe/STYLE.md#98,lib/style-dna/ukiyoe.json#97,lib/style-dna/ukiyoe.json#99(+8)	Y
ukiyoe	wave.js	177	活	doc(styles/ukiyoe/DEMO.md:106)	code:styles/ukiyoe/demo/film.js#13,styles/ukiyoe/demo/views.js#8 ; doc:styles/ukiyoe/DEMO.md#106,styles/ukiyoe/STYLE.md#98,lib/style-dna/ukiyoe.json#98,lib/style-dna/ukiyoe.md#189(+5)	Y
urban-sketch	api.js	12	活		code:styles/urban-sketch/demo/main.js#6	Y
urban-sketch	audio/foley.py	156	活	doc(styles/urban-sketch/DEMO.md:88)	code:styles/urban-sketch/demo/build.sh#9 ; orch:lemo-make.mjs:ORCH[audio/foley.py] ; doc:styles/urban-sketch/DEMO.md#88,lib/style-dna/urban-sketch.json#39,lib/style-dna/urban-sketch.json#86,lib/style-dna/urban-sketch.json#104(+21)	N
urban-sketch	audio/mix.py	44	活	doc(styles/urban-sketch/DEMO.md:88)	code:styles/urban-sketch/demo/build.sh#10 ; orch:lemo-make.mjs:ORCH[audio/mix.py] ; doc:styles/urban-sketch/DEMO.md#88,lib/style-dna/urban-sketch.json#87,lib/style-dna/urban-sketch.json#179,lib/style-dna/urban-sketch.json#180(+11)	N
urban-sketch	audio/score.py	162	活	doc(styles/urban-sketch/DEMO.md:88)	code:styles/urban-sketch/demo/build.sh#8 ; orch:lemo-make.mjs:ORCH[audio/score.py] ; doc:styles/urban-sketch/DEMO.md#88,lib/style-dna/urban-sketch.json#37,lib/style-dna/urban-sketch.json#39,lib/style-dna/urban-sketch.json#104(+24)	N
urban-sketch	build.sh	14	活	doc(styles/urban-sketch/DEMO.md:89)	glob:styles/*/demo/build.sh(exact) ; doc:styles/urban-sketch/DEMO.md#89,lib/style-dna/urban-sketch.md#234,lib/style-skills/urban-sketch/SKILL.md#14,lib/style-skills/urban-sketch/SKILL.md#129(+7)	N
urban-sketch	engine.js	613	活	doc(styles/urban-sketch/DEMO.md:84)	code:styles/urban-sketch/demo/api.js#2,styles/urban-sketch/demo/film.js#2,styles/urban-sketch/demo/look.js#2(+3) ; contract:lib/dub-visual.json#4728,lib/dub-visual.json#4790 ; doc:styles/urban-sketch/DEMO.md#84,styles/urban-sketch/DEMO.md#105,styles/urban-sketch/DEMO.md#127,styles/urban-sketch/STYLE.md#110(+59)	Y
urban-sketch	film.js	374	活	doc(styles/urban-sketch/DEMO.md:78)	code:styles/urban-sketch/demo/main.js#10 ; contract:lib/dub-visual.json#4759 ; glob:film*.js(exact) ; doc:styles/urban-sketch/DEMO.md#78,styles/urban-sketch/DEMO.md#87,lib/style-dna/urban-sketch.json#6,lib/style-dna/urban-sketch.json#9(+68) ; comment-only:styles/urban-sketch/demo/main.js#2	Y
urban-sketch	look.js	15	活		code:styles/urban-sketch/demo/main.js#4	Y
urban-sketch	main.js	12	活	doc(lib/style-dna/urban-sketch.json:103)	code:styles/urban-sketch/demo/index.html#10 ; doc:lib/style-dna/urban-sketch.json#103,lib/style-skills/urban-sketch/SKILL.md#43,lib/style-skills/urban-sketch/SKILL.md#167,lib/style-skills/urban-sketch/SKILL.md#209 ; comment-only:styles/urban-sketch/demo/film.js#8,styles/urban-sketch/demo/film.js#201	Y
urban-sketch	poses.js	62	活	doc(styles/urban-sketch/DEMO.md:86)	code:styles/urban-sketch/demo/film.js#4,styles/urban-sketch/demo/sheet.js#3 ; doc:styles/urban-sketch/DEMO.md#86,styles/urban-sketch/STYLE.md#110,lib/style-dna/urban-sketch.json#102,lib/style-dna/urban-sketch.json#177(+10)	Y
urban-sketch	sheet.js	31	活		code:styles/urban-sketch/demo/main.js#5	Y
urban-sketch	tools/export_cues.mjs	11	活	doc(lib/style-skills/urban-sketch/SKILL.md:139)	code:styles/urban-sketch/demo/build.sh#7 ; orch:lemo-make.mjs:ORCH[tools/export_cues.mjs] ; doc:lib/style-skills/urban-sketch/SKILL.md#139,lib/style-skills/urban-sketch/SKILL.md#145,lib/style-skills/urban-sketch/SKILL.md#163,lib/style-skills/urban-sketch/_distill.json#14	Y
urban-sketch	world.js	375	活	doc(styles/urban-sketch/DEMO.md:85)	code:styles/urban-sketch/demo/film.js#3,styles/urban-sketch/demo/look.js#3 ; contract:lib/dub-visual.json#4727 ; doc:styles/urban-sketch/DEMO.md#85,lib/style-dna/urban-sketch.json#6,lib/style-dna/urban-sketch.json#7,lib/style-dna/urban-sketch.json#12(+42)	Y
watercolor	asr.py	9	已声明入口	doc(styles/watercolor/DEMO.md:57)	doc:styles/watercolor/DEMO.md#57,styles/watercolor/DEMO.md#117,styles/watercolor/DEMO.md#128,lib/style-skills/watercolor/SKILL.md#145(+1)	N
watercolor	aus.js	2	活	doc(styles/watercolor/DEMO.md:110)	code:styles/watercolor/demo/extract_aus.mjs#7,styles/watercolor/demo/index.html#4 ; doc:styles/watercolor/DEMO.md#110,styles/watercolor/DEMO.md#116,lib/style-dna/watercolor.md#218,lib/style-dna/watercolor.md#224(+1) ; comment-only:styles/watercolor/demo/extract_aus.mjs#1	Y
watercolor	engine.js	143	活	doc(styles/watercolor/DEMO.md:5)	code:styles/watercolor/demo/index.html#4 ; contract:lib/dub-visual.json#4824 ; doc:styles/watercolor/DEMO.md#5,styles/watercolor/DEMO.md#52,styles/watercolor/DEMO.md#80,styles/watercolor/DEMO.md#110(+41) ; comment-only:styles/watercolor/demo/film.js#3,styles/watercolor/demo/film.js#10	Y
watercolor	extract_aus.mjs	18	已声明入口	doc(styles/watercolor/DEMO.md:116)	doc:styles/watercolor/DEMO.md#116,styles/watercolor/DEMO.md#150	Y
watercolor	fetch_fonts.mjs	22	已声明入口	doc(styles/watercolor/DEMO.md:84)	doc:styles/watercolor/DEMO.md#84,styles/watercolor/DEMO.md#102,styles/watercolor/DEMO.md#116,styles/watercolor/DEMO.md#150(+5)	Y
watercolor	film.js	24	活	doc(lib/style-skills/watercolor/SKILL.md:36)	code:styles/watercolor/demo/index.html#4 ; glob:film*.js(exact) ; doc:lib/style-skills/watercolor/SKILL.md#36,lib/style-skills/watercolor/SKILL.md#43,lib/style-skills/watercolor/SKILL.md#142,lib/style-skills/watercolor/SKILL.md#182(+3) ; comment-only:styles/watercolor/demo/main.js#2	N
watercolor	main.js	250	活	doc(styles/watercolor/DEMO.md:78)	code:styles/watercolor/demo/fetch_fonts.mjs#3,styles/watercolor/demo/index.html#4 ; contract:lib/dub-visual.json#4826,lib/dub-visual.json#4889,lib/dub-visual.json#4906 ; doc:styles/watercolor/DEMO.md#78,styles/watercolor/DEMO.md#84,styles/watercolor/DEMO.md#97,styles/watercolor/DEMO.md#102(+48) ; comment-only:styles/watercolor/demo/film.js#3	Y
watercolor	mix.py	165	活	doc(styles/watercolor/DEMO.md:59)	orch:lemo-make.mjs:ORCH[mix.py] ; doc:styles/watercolor/DEMO.md#59,styles/watercolor/DEMO.md#60,styles/watercolor/DEMO.md#103,styles/watercolor/DEMO.md#119(+62) ; comment-only:styles/watercolor/demo/mux.sh#3	N
watercolor	music/analyze.py	31	已声明入口	doc(styles/watercolor/DEMO.md:58)	doc:styles/watercolor/DEMO.md#58,styles/watercolor/DEMO.md#118,styles/watercolor/DEMO.md#132,lib/style-dna/watercolor.md#225(+7) ; comment-only:styles/watercolor/demo/music/prep.sh#5	N
watercolor	music/edit.py	28	活	doc(styles/watercolor/DEMO.md:58)	orch:lemo-make.mjs:ORCH[music/edit.py] ; doc:styles/watercolor/DEMO.md#58,styles/watercolor/DEMO.md#118,styles/watercolor/DEMO.md#133,styles/watercolor/DEMO.md#134(+8) ; comment-only:styles/watercolor/demo/music/prep.sh#6	N
watercolor	music/jump.py	30	已声明入口	doc(styles/watercolor/DEMO.md:58)	doc:styles/watercolor/DEMO.md#58,styles/watercolor/DEMO.md#118,styles/watercolor/DEMO.md#133,lib/style-dna/watercolor.md#225(+6) ; comment-only:styles/watercolor/demo/music/prep.sh#5	N
watercolor	music/lag.py	25	已声明入口	doc(styles/watercolor/DEMO.md:118)	doc:styles/watercolor/DEMO.md#118 ; comment-only:styles/watercolor/demo/music/prep.sh#5	N
watercolor	music/prep.sh	12	已声明入口	doc(styles/watercolor/DEMO.md:118)	doc:styles/watercolor/DEMO.md#118,styles/watercolor/DEMO.md#131,lib/style-skills/watercolor/SKILL.md#101,lib/style-skills/watercolor/SKILL.md#112(+10) ; comment-only:styles/watercolor/demo/music/edit.py#2	N
watercolor	mux.sh	142	活	doc(styles/watercolor/DEMO.md:60)	code:scripts/check-render-venc.mjs#311,scripts/patch-render-venc.mjs#254,scripts/patch-style-mux.mjs#85 ; glob:styles/*/demo/mux.sh(exact) ; orch:lemo-make.mjs:ORCH[mux.sh] ; doc:styles/watercolor/DEMO.md#60,styles/watercolor/DEMO.md#119,styles/watercolor/DEMO.md#143,styles/watercolor/DEMO.md#149(+15) ; comment-only:scripts/check-mux-selection.mjs#17,scripts/check-shell-structure.mjs#8,styles/watercolor/demo/render.mjs#4	N
watercolor	paper.py	28	活	doc(styles/watercolor/DEMO.md:64)	orch:lemo-make.mjs:ORCH[paper.py] ; doc:styles/watercolor/DEMO.md#64,styles/watercolor/DEMO.md#116,styles/watercolor/DEMO.md#150,styles/watercolor/STYLE.md#99(+13)	N
watercolor	plants.js	217	活	doc(styles/watercolor/DEMO.md:78)	code:styles/watercolor/demo/index.html#4 ; contract:lib/dub-visual.json#4825 ; doc:styles/watercolor/DEMO.md#78,styles/watercolor/DEMO.md#110,styles/watercolor/DEMO.md#112,styles/watercolor/DEMO.md#171(+36)	Y
watercolor	render.mjs	95	活	doc(styles/watercolor/DEMO.md:119)	code:scripts/check-render-venc.mjs#312,scripts/patch-render-venc.mjs#228 ; doc:styles/watercolor/DEMO.md#119,styles/watercolor/DEMO.md#136,styles/watercolor/DEMO.md#141,styles/watercolor/DEMO.md#149(+16) ; comment-only:styles/watercolor/demo/mux.sh#3	Y
watercolor	scene.js	527	活	doc(styles/watercolor/DEMO.md:68)	code:styles/watercolor/demo/fetch_fonts.mjs#3,styles/watercolor/demo/index.html#4,styles/watercolor/demo/mix.py#137 ; contract:lib/dub-visual.json#4856 ; doc:styles/watercolor/DEMO.md#68,styles/watercolor/DEMO.md#84,styles/watercolor/DEMO.md#88,styles/watercolor/DEMO.md#102(+91) ; comment-only:styles/watercolor/demo/film.js#7,styles/watercolor/demo/mix.py#3	Y
watercolor	tts/gen.py	18	活	doc(styles/watercolor/DEMO.md:117)	orch:lemo-make.mjs:ORCH[tts/gen.py] ; doc:styles/watercolor/DEMO.md#117,styles/watercolor/DEMO.md#127,lib/style-skills/watercolor/SKILL.md#103,lib/style-skills/watercolor/SKILL.md#145(+5)	N
watercolor	vendor/topojson-client.min.cjs	3	活		code:styles/watercolor/demo/extract_aus.mjs#9	N
whiteboard	build.sh	22	活	doc(styles/whiteboard/DEMO.md:83)	glob:styles/*/demo/build.sh(exact) ; doc:styles/whiteboard/DEMO.md#83,lib/style-dna/whiteboard.json#122,lib/style-dna/whiteboard.md#225,lib/style-dna/whiteboard.md#248(+11)	N
whiteboard	engine/wb.js	501	活	doc(styles/whiteboard/DEMO.md:115)	code:styles/whiteboard/demo/film.js#3,styles/whiteboard/demo/film.js#8,styles/whiteboard/demo/main.js#1(+1) ; contract:lib/dub-visual.json#4923,lib/dub-visual.json#5041 ; glob:styles/*/demo/**/*.js(exact) ; doc:styles/whiteboard/DEMO.md#115,styles/whiteboard/STYLE.md#102,lib/style-dna/whiteboard.json#143,lib/style-dna/whiteboard.json#144(+35)	Y
whiteboard	film.js	426	活	doc(styles/whiteboard/DEMO.md:74)	code:styles/whiteboard/demo/main.js#3 ; contract:lib/dub-visual.json#4924,lib/dub-visual.json#4957,lib/dub-visual.json#4962(+1) ; glob:film*.js(exact) ; doc:styles/whiteboard/DEMO.md#74,styles/whiteboard/DEMO.md#79,lib/style-dna/whiteboard.json#101,lib/style-dna/whiteboard.json#102(+50)	Y
whiteboard	main.js	16	活	doc(lib/style-dna/whiteboard.json:101)	code:styles/whiteboard/demo/index.html#4 ; doc:lib/style-dna/whiteboard.json#101,lib/style-dna/whiteboard.md#191,lib/style-skills/whiteboard/SKILL.md#43,lib/style-skills/whiteboard/SKILL.md#153(+1) ; comment-only:styles/whiteboard/demo/film.js#7	Y
whiteboard	mix.py	199	活	doc(styles/whiteboard/DEMO.md:81)	code:styles/whiteboard/demo/build.sh#14 ; orch:lemo-make.mjs:ORCH[mix.py] ; doc:styles/whiteboard/DEMO.md#81,lib/style-dna/whiteboard.json#102,lib/style-dna/whiteboard.json#122,lib/style-dna/whiteboard.json#156(+36) ; comment-only:styles/whiteboard/demo/music.py#94,styles/whiteboard/demo/music.py#174	N
whiteboard	music.py	197	活	doc(styles/whiteboard/DEMO.md:81)	code:styles/whiteboard/demo/build.sh#13 ; orch:lemo-make.mjs:ORCH[music.py] ; doc:styles/whiteboard/DEMO.md#81,lib/style-dna/whiteboard.json#102,lib/style-dna/whiteboard.json#122,lib/style-dna/whiteboard.json#170(+35)	N
whiteboard	test.js	22	活		code:styles/whiteboard/demo/main.js#3	Y
whiteboard	tools/asr_check.py	20	活	doc(styles/whiteboard/DEMO.md:78)	code:styles/whiteboard/demo/build.sh#9 ; doc:styles/whiteboard/DEMO.md#78,lib/style-dna/whiteboard.md#220,lib/style-skills/whiteboard/SKILL.md#155	N
whiteboard	tools/cuecheck.py	25	活	doc(lib/style-skills/whiteboard/SKILL.md:143)	code:styles/whiteboard/demo/build.sh#12 ; orch:lemo-make.mjs:ORCH[tools/cuecheck.py] ; doc:lib/style-skills/whiteboard/SKILL.md#143	N
whiteboard	tools/subs.mjs	9	活	doc(lib/style-skills/whiteboard/SKILL.md:141)	code:styles/whiteboard/demo/build.sh#17 ; orch:lemo-make.mjs:ORCH[tools/subs.mjs] ; doc:lib/style-skills/whiteboard/SKILL.md#141	Y
whiteboard	tools/svgfont2json.py	19	已声明入口	doc(styles/whiteboard/DEMO.md:100)	doc:styles/whiteboard/DEMO.md#100,lib/style-skills/whiteboard/SKILL.md#108,lib/style-skills/whiteboard/SKILL.md#170,lib/style-skills/whiteboard/_distill.json#22	N
whiteboard	tools/vo_try.py	20	自述入口	self-header(docstring)		N
woodcut	build.sh	19	活	doc(styles/woodcut/DEMO.md:83)	glob:styles/*/demo/build.sh(exact) ; doc:styles/woodcut/DEMO.md#83,lib/style-dna/woodcut.json#117,lib/style-dna/woodcut.json#196,lib/style-dna/woodcut.md#213(+12)	N
woodcut	chars.js	218	活	doc(styles/woodcut/DEMO.md:75)	code:styles/woodcut/demo/sheet.js#4,styles/woodcut/demo/shots.js#9,styles/woodcut/demo/shots2.js#7(+1) ; doc:styles/woodcut/DEMO.md#75	Y
woodcut	engine/filter.js	75	活	doc(styles/woodcut/DEMO.md:73)	code:styles/woodcut/demo/engine/index.js#13 ; glob:styles/*/demo/**/*.js(exact) ; doc:styles/woodcut/DEMO.md#73,lib/style-dna/woodcut.json#179,lib/style-dna/woodcut.md#309,lib/style-skills/woodcut/_distill.json#75	Y
woodcut	engine/hatch.js	182	活	doc(styles/woodcut/DEMO.md:72)	code:styles/woodcut/demo/engine/filter.js#9,styles/woodcut/demo/engine/index.js#11 ; glob:styles/*/demo/**/*.js(exact) ; doc:styles/woodcut/DEMO.md#72,lib/style-dna/woodcut.json#174,lib/style-dna/woodcut.json#175,lib/style-dna/woodcut.json#176(+3)	Y
woodcut	engine/index.js	116	活	doc(styles/woodcut/DEMO.md:72)	code:styles/woodcut/demo/chars.js#3,styles/woodcut/demo/film.js#2,styles/woodcut/demo/fx.js#2(+10) ; contract:lib/dub-visual.json#5054 ; glob:styles/*/demo/**/*.js(exact) ; doc:styles/woodcut/DEMO.md#72,styles/woodcut/DEMO.md#100,styles/woodcut/DEMO.md#121,styles/woodcut/STYLE.md#108(+18)	Y
woodcut	engine/knife.js	138	活	doc(styles/woodcut/DEMO.md:72)	code:styles/woodcut/demo/engine/hatch.js#8,styles/woodcut/demo/engine/index.js#10 ; glob:styles/*/demo/**/*.js(exact) ; doc:styles/woodcut/DEMO.md#72,lib/style-dna/woodcut.json#169,lib/style-dna/woodcut.json#170,lib/style-dna/woodcut.json#171(+7)	Y
woodcut	engine/print.js	102	活	doc(styles/woodcut/DEMO.md:73)	code:styles/woodcut/demo/engine/index.js#12 ; contract:lib/dub-visual.json#5055 ; glob:styles/*/demo/**/*.js(exact) ; doc:styles/woodcut/DEMO.md#73,lib/style-dna/woodcut.json#177,lib/style-dna/woodcut.json#178,lib/style-dna/woodcut.md#307(+3)	Y
woodcut	film.js	51	活	doc(styles/woodcut/DEMO.md:77)	code:styles/woodcut/demo/main.js#16,styles/woodcut/demo/shots.js#8,styles/woodcut/demo/tools/subs.py#1 ; contract:lib/dub-visual.json#5096,lib/dub-visual.json#5148 ; glob:film*.js(exact) ; doc:styles/woodcut/DEMO.md#77,lib/style-dna/woodcut.json#96,lib/style-dna/woodcut.json#119,lib/style-dna/woodcut.json#120(+15)	Y
woodcut	fx.js	158	活	doc(styles/woodcut/DEMO.md:76)	code:styles/woodcut/demo/shots.js#10,styles/woodcut/demo/shots2.js#10 ; doc:styles/woodcut/DEMO.md#76,lib/style-dna/woodcut.json#158,lib/style-dna/woodcut.json#159,lib/style-dna/woodcut.json#160(+10)	Y
woodcut	hands.js	189	活	doc(styles/woodcut/DEMO.md:75)	code:styles/woodcut/demo/shots2.js#13,styles/woodcut/demo/test.js#75 ; doc:styles/woodcut/DEMO.md#75,styles/woodcut/DEMO.md#116,styles/woodcut/STYLE.md#108,lib/style-dna/woodcut.json#95(+11)	Y
woodcut	interior.js	130	活	doc(styles/woodcut/DEMO.md:76)	code:styles/woodcut/demo/shots2.js#9,styles/woodcut/demo/test.js#50 ; doc:styles/woodcut/DEMO.md#76,lib/style-dna/woodcut.json#151,lib/style-dna/woodcut.json#152,lib/style-dna/woodcut.json#153(+14)	Y
woodcut	main.js	20	活	doc(styles/woodcut/DEMO.md:77)	code:styles/woodcut/demo/index.html#6 ; doc:styles/woodcut/DEMO.md#77,lib/style-dna/woodcut.json#96,lib/style-dna/woodcut.md#186,lib/style-skills/woodcut/SKILL.md#43(+3) ; comment-only:styles/woodcut/demo/film.js#11,styles/woodcut/demo/stage.js#5,styles/woodcut/demo/stage.js#19	Y
woodcut	mix.py	271	活	doc(styles/woodcut/DEMO.md:78)	code:styles/woodcut/demo/build.sh#11 ; orch:lemo-make.mjs:ORCH[mix.py] ; doc:styles/woodcut/DEMO.md#78,lib/style-dna/woodcut.json#97,lib/style-dna/woodcut.json#180,lib/style-dna/woodcut.json#181(+24)	N
woodcut	music/score.py	512	活	doc(styles/woodcut/DEMO.md:78)	code:styles/woodcut/demo/build.sh#8 ; orch:lemo-make.mjs:ORCH[music/score.py] ; doc:styles/woodcut/DEMO.md#78,lib/style-dna/woodcut.json#188,lib/style-dna/woodcut.json#189,lib/style-dna/woodcut.json#190(+21)	N
woodcut	rig.js	43	活	doc(styles/woodcut/DEMO.md:75)	code:styles/woodcut/demo/chars.js#4,styles/woodcut/demo/fx.js#4,styles/woodcut/demo/interior.js#4(+2) ; doc:styles/woodcut/DEMO.md#75	Y
woodcut	sheet.js	95	活		code:styles/woodcut/demo/test.js#1 ; contract:lib/dub-visual.json#5056	Y
woodcut	shots.js	245	活	doc(styles/woodcut/DEMO.md:77)	code:styles/woodcut/demo/film.js#8 ; contract:lib/dub-visual.json#5149 ; doc:styles/woodcut/DEMO.md#77,lib/style-dna/woodcut.json#94,lib/style-dna/woodcut.json#126,lib/style-dna/woodcut.json#127(+15) ; comment-only:styles/woodcut/demo/stage.js#20	Y
woodcut	shots2.js	485	活	doc(styles/woodcut/DEMO.md:77)	code:styles/woodcut/demo/shots.js#241 ; doc:styles/woodcut/DEMO.md#77,lib/style-dna/woodcut.json#94,lib/style-dna/woodcut.json#130,lib/style-dna/woodcut.json#131(+32) ; comment-only:styles/woodcut/demo/stage.js#20	Y
woodcut	stage.js	65	活	doc(styles/woodcut/DEMO.md:74)	code:styles/woodcut/demo/film.js#3,styles/woodcut/demo/film.js#4,styles/woodcut/demo/main.js#2(+7) ; contract:lib/dub-visual.json#5132 ; doc:styles/woodcut/DEMO.md#74,lib/style-dna/woodcut.json#123,lib/style-dna/woodcut.json#124,lib/style-dna/woodcut.json#125(+8) ; comment-only:styles/woodcut/demo/film.js#11,styles/woodcut/demo/test.js#95	Y
woodcut	test.js	114	活	doc(styles/woodcut/DEMO.md:79)	code:styles/woodcut/demo/main.js#8 ; doc:styles/woodcut/DEMO.md#79,styles/woodcut/DEMO.md#118,lib/style-skills/woodcut/SKILL.md#171	Y
woodcut	tools/cuecheck.py	44	活	doc(styles/woodcut/DEMO.md:50)	code:styles/woodcut/demo/build.sh#10 ; orch:lemo-make.mjs:ORCH[tools/cuecheck.py] ; doc:styles/woodcut/DEMO.md#50,styles/woodcut/DEMO.md#79,lib/style-dna/woodcut.md#218,lib/style-skills/woodcut/SKILL.md#137	N
woodcut	tools/final_asr.py	21	活	doc(styles/woodcut/DEMO.md:79)	code:styles/woodcut/demo/build.sh#15 ; orch:lemo-make.mjs:ORCH[tools/final_asr.py] ; doc:styles/woodcut/DEMO.md#79,lib/style-dna/woodcut.md#223,lib/style-skills/woodcut/SKILL.md#137	N
woodcut	tools/mux.sh	27	活	doc(styles/woodcut/DEMO.md:79)	code:styles/woodcut/demo/build.sh#14 ; glob:styles/*/demo/mux.sh(exact) ; orch:lemo-make.mjs:ORCH[tools/mux.sh] ; doc:styles/woodcut/DEMO.md#79,lib/style-dna/woodcut.md#222,lib/style-skills/woodcut/SKILL.md#15,lib/style-skills/woodcut/SKILL.md#132(+8) ; comment-only:scripts/check-film-delivery.mjs#361,scripts/check-mux-selection.mjs#84	N
woodcut	tools/subs.py	8	活	doc(styles/woodcut/DEMO.md:79)	code:styles/woodcut/demo/build.sh#12 ; orch:lemo-make.mjs:ORCH[tools/subs.py] ; doc:styles/woodcut/DEMO.md#79,lib/style-dna/woodcut.md#220,lib/style-skills/woodcut/SKILL.md#135	N
woodcut	trans.js	69	活	doc(styles/woodcut/DEMO.md:77)	code:styles/woodcut/demo/film.js#7,styles/woodcut/demo/shots.js#7,styles/woodcut/demo/shots2.js#6 ; contract:lib/dub-visual.json#5146 ; doc:styles/woodcut/DEMO.md#77,styles/woodcut/DEMO.md#116,styles/woodcut/STYLE.md#108,lib/style-dna/woodcut.json#142(+9)	Y
woodcut	views.js	85	活	doc(styles/woodcut/DEMO.md:75)	code:styles/woodcut/demo/sheet.js#5,styles/woodcut/demo/shots2.js#8 ; doc:styles/woodcut/DEMO.md#75	Y
woodcut	world.js	176	活	doc(styles/woodcut/DEMO.md:74)	code:styles/woodcut/demo/film.js#6,styles/woodcut/demo/shots.js#6,styles/woodcut/demo/shots2.js#5(+2) ; doc:styles/woodcut/DEMO.md#74,lib/style-dna/woodcut.json#144,lib/style-dna/woodcut.json#145,lib/style-dna/woodcut.json#146(+8)	Y
